{"timestamp":"2026-07-28T03:54:31.259914Z","level":"INFO","fields":{"message":"python/3.11.15; huggingface_hub/1.21.0; hf_xet/1.5.1; , xet-core revision 9dc8c18"},"filename":"/home/runner/work/xet-core/xet-core/xet_runtime/src/logging/init.rs","line_number":65}
{"timestamp":"2026-07-28T03:54:31.260025Z","level":"INFO","fields":{"message":"hf_xet logging configured."},"filename":"src/logging.rs","line_number":36}
{"timestamp":"2026-07-28T03:54:31.260919Z","level":"INFO","fields":{"message":"Config: min_spacing_between_global_dedup_queries = 256 (default)"},"filename":"/home/runner/work/xet-core/xet-core/xet_runtime/src/utils/configuration_utils.rs","line_number":53}
{"timestamp":"2026-07-28T03:54:31.260925Z","level":"INFO","fields":{"message":"Config: local_cas_scheme = \"local://\" (default)"},"filename":"/home/runner/work/xet-core/xet-core/xet_runtime/src/utils/configuration_utils.rs","line_number":53}
{"timestamp":"2026-07-28T03:54:31.260928Z","level":"INFO","fields":{"message":"Config: max_concurrent_file_ingestion = 8 (default)"},"filename":"/home/runner/work/xet-core/xet-core/xet_runtime/src/utils/configuration_utils.rs","line_number":53}
{"timestamp":"2026-07-28T03:54:31.260929Z","level":"INFO","fields":{"message":"Config: max_concurrent_file_downloads = 8 (default)"},"filename":"/home/runner/work/xet-core/xet-core/xet_runtime/src/utils/configuration_utils.rs","line_number":53}
{"timestamp":"2026-07-28T03:54:31.260930Z","level":"INFO","fields":{"message":"Config: ingestion_block_size = 8MB (default)"},"filename":"/home/runner/work/xet-core/xet-core/xet_runtime/src/utils/configuration_utils.rs","line_number":53}
{"timestamp":"2026-07-28T03:54:31.260933Z","level":"INFO","fields":{"message":"Config: progress_update_interval = 200ms (default)"},"filename":"/home/runner/work/xet-core/xet-core/xet_runtime/src/utils/configuration_utils.rs","line_number":53}
{"timestamp":"2026-07-28T03:54:31.260935Z","level":"INFO","fields":{"message":"Config: progress_update_speed_sampling_window = 10s (default)"},"filename":"/home/runner/work/xet-core/xet-core/xet_runtime/src/utils/configuration_utils.rs","line_number":53}
{"timestamp":"2026-07-28T03:54:31.260936Z","level":"INFO","fields":{"message":"Config: progress_update_speed_min_observations = 4 (default)"},"filename":"/home/runner/work/xet-core/xet-core/xet_runtime/src/utils/configuration_utils.rs","line_number":53}
{"timestamp":"2026-07-28T03:54:31.260937Z","level":"INFO","fields":{"message":"Config: session_xorb_metadata_flush_interval = 20s (default)"},"filename":"/home/runner/work/xet-core/xet-core/xet_runtime/src/utils/configuration_utils.rs","line_number":53}
{"timestamp":"2026-07-28T03:54:31.260938Z","level":"INFO","fields":{"message":"Config: session_xorb_metadata_flush_max_count = 64 (default)"},"filename":"/home/runner/work/xet-core/xet-core/xet_runtime/src/utils/configuration_utils.rs","line_number":53}
{"timestamp":"2026-07-28T03:54:31.260939Z","level":"INFO","fields":{"message":"Config: default_cas_endpoint = \"http://localhost:8080\" (default)"},"filename":"/home/runner/work/xet-core/xet-core/xet_runtime/src/utils/configuration_utils.rs","line_number":53}
{"timestamp":"2026-07-28T03:54:31.260941Z","level":"INFO","fields":{"message":"Config: aggregate_progress = true (default)"},"filename":"/home/runner/work/xet-core/xet-core/xet_runtime/src/utils/configuration_utils.rs","line_number":53}
{"timestamp":"2026-07-28T03:54:31.260942Z","level":"INFO","fields":{"message":"Config: default_prefix = \"default\" (default)"},"filename":"/home/runner/work/xet-core/xet-core/xet_runtime/src/utils/configuration_utils.rs","line_number":53}
{"timestamp":"2026-07-28T03:54:31.260943Z","level":"INFO","fields":{"message":"Config: staging_subdir = \"staging\" (default)"},"filename":"/home/runner/work/xet-core/xet-core/xet_runtime/src/utils/configuration_utils.rs","line_number":53}
{"timestamp":"2026-07-28T03:54:31.260944Z","level":"INFO","fields":{"message":"Config: target_size = 67108864 (default)"},"filename":"/home/runner/work/xet-core/xet-core/xet_runtime/src/utils/configuration_utils.rs","line_number":53}
{"timestamp":"2026-07-28T03:54:31.260946Z","level":"INFO","fields":{"message":"Config: max_target_size = 67108864 (default)"},"filename":"/home/runner/work/xet-core/xet-core/xet_runtime/src/utils/configuration_utils.rs","line_number":53}
{"timestamp":"2026-07-28T03:54:31.260947Z","level":"INFO","fields":{"message":"Config: cache_size_limit = 16GB (default)"},"filename":"/home/runner/work/xet-core/xet-core/xet_runtime/src/utils/configuration_utils.rs","line_number":53}
{"timestamp":"2026-07-28T03:54:31.260948Z","level":"INFO","fields":{"message":"Config: chunk_index_table_max_size = 67108864 (default)"},"filename":"/home/runner/work/xet-core/xet-core/xet_runtime/src/utils/configuration_utils.rs","line_number":53}
{"timestamp":"2026-07-28T03:54:31.260949Z","level":"INFO","fields":{"message":"Config: cache_subdir = \"shard-cache\" (default)"},"filename":"/home/runner/work/xet-core/xet-core/xet_runtime/src/utils/configuration_utils.rs","line_number":53}
{"timestamp":"2026-07-28T03:54:31.260950Z","level":"INFO","fields":{"message":"Config: nranges_in_streaming_fragmentation_estimator = 128 (default)"},"filename":"/home/runner/work/xet-core/xet-core/xet_runtime/src/utils/configuration_utils.rs","line_number":53}
{"timestamp":"2026-07-28T03:54:31.260951Z","level":"INFO","fields":{"message":"Config: min_n_chunks_per_range_hysteresis_factor = 0.5 (default)"},"filename":"/home/runner/work/xet-core/xet-core/xet_runtime/src/utils/configuration_utils.rs","line_number":53}
{"timestamp":"2026-07-28T03:54:31.260953Z","level":"INFO","fields":{"message":"Config: min_n_chunks_per_range = 8.0 (default)"},"filename":"/home/runner/work/xet-core/xet-core/xet_runtime/src/utils/configuration_utils.rs","line_number":53}
{"timestamp":"2026-07-28T03:54:31.260954Z","level":"INFO","fields":{"message":"Config: global_dedup_query_enabled = true (default)"},"filename":"/home/runner/work/xet-core/xet-core/xet_runtime/src/utils/configuration_utils.rs","line_number":53}
{"timestamp":"2026-07-28T03:54:31.260955Z","level":"INFO","fields":{"message":"Config: size_bytes = 0 (default)"},"filename":"/home/runner/work/xet-core/xet-core/xet_runtime/src/utils/configuration_utils.rs","line_number":53}
{"timestamp":"2026-07-28T03:54:31.260956Z","level":"INFO","fields":{"message":"Config: retry_max_attempts = 5 (default)"},"filename":"/home/runner/work/xet-core/xet-core/xet_runtime/src/utils/configuration_utils.rs","line_number":53}
{"timestamp":"2026-07-28T03:54:31.260957Z","level":"INFO","fields":{"message":"Config: retry_base_delay = 3s (default)"},"filename":"/home/runner/work/xet-core/xet-core/xet_runtime/src/utils/configuration_utils.rs","line_number":53}
{"timestamp":"2026-07-28T03:54:31.260959Z","level":"INFO","fields":{"message":"Config: retry_max_duration = 360s (default)"},"filename":"/home/runner/work/xet-core/xet-core/xet_runtime/src/utils/configuration_utils.rs","line_number":53}
{"timestamp":"2026-07-28T03:54:31.260960Z","level":"INFO","fields":{"message":"Config: idle_connection_timeout = 60s (default)"},"filename":"/home/runner/work/xet-core/xet-core/xet_runtime/src/utils/configuration_utils.rs","line_number":53}
{"timestamp":"2026-07-28T03:54:31.260960Z","level":"INFO","fields":{"message":"Config: max_idle_connections = 16 (default)"},"filename":"/home/runner/work/xet-core/xet-core/xet_runtime/src/utils/configuration_utils.rs","line_number":53}
{"timestamp":"2026-07-28T03:54:31.260961Z","level":"INFO","fields":{"message":"Config: connect_timeout = 60s (default)"},"filename":"/home/runner/work/xet-core/xet-core/xet_runtime/src/utils/configuration_utils.rs","line_number":53}
{"timestamp":"2026-07-28T03:54:31.260963Z","level":"INFO","fields":{"message":"Config: read_timeout = 300s (default)"},"filename":"/home/runner/work/xet-core/xet-core/xet_runtime/src/utils/configuration_utils.rs","line_number":53}
{"timestamp":"2026-07-28T03:54:31.260964Z","level":"INFO","fields":{"message":"Config: upload_reporting_block_size = 524288 (default)"},"filename":"/home/runner/work/xet-core/xet-core/xet_runtime/src/utils/configuration_utils.rs","line_number":53}
{"timestamp":"2026-07-28T03:54:31.260964Z","level":"INFO","fields":{"message":"Config: enable_adaptive_concurrency = true (default)"},"filename":"/home/runner/work/xet-core/xet-core/xet_runtime/src/utils/configuration_utils.rs","line_number":53}
{"timestamp":"2026-07-28T03:54:31.260965Z","level":"INFO","fields":{"message":"Config: ac_min_adjustment_window_ms = 500 (default)"},"filename":"/home/runner/work/xet-core/xet-core/xet_runtime/src/utils/configuration_utils.rs","line_number":53}
{"timestamp":"2026-07-28T03:54:31.260966Z","level":"INFO","fields":{"message":"Config: ac_min_bytes_required_for_adjustment = 20MB (default)"},"filename":"/home/runner/work/xet-core/xet-core/xet_runtime/src/utils/configuration_utils.rs","line_number":53}
{"timestamp":"2026-07-28T03:54:31.260967Z","level":"INFO","fields":{"message":"Config: ac_num_transmissions_required_for_adjustment = 1 (default)"},"filename":"/home/runner/work/xet-core/xet-core/xet_runtime/src/utils/configuration_utils.rs","line_number":53}
{"timestamp":"2026-07-28T03:54:31.260968Z","level":"INFO","fields":{"message":"Config: ac_latency_rtt_half_life = 64.0 (default)"},"filename":"/home/runner/work/xet-core/xet-core/xet_runtime/src/utils/configuration_utils.rs","line_number":53}
{"timestamp":"2026-07-28T03:54:31.260970Z","level":"INFO","fields":{"message":"Config: ac_success_tracking_half_life = 8.0 (default)"},"filename":"/home/runner/work/xet-core/xet-core/xet_runtime/src/utils/configuration_utils.rs","line_number":53}
{"timestamp":"2026-07-28T03:54:31.260971Z","level":"INFO","fields":{"message":"Config: ac_target_rtt = 60s (default)"},"filename":"/home/runner/work/xet-core/xet-core/xet_runtime/src/utils/configuration_utils.rs","line_number":53}
{"timestamp":"2026-07-28T03:54:31.260972Z","level":"INFO","fields":{"message":"Config: ac_max_healthy_rtt = 90s (default)"},"filename":"/home/runner/work/xet-core/xet-core/xet_runtime/src/utils/configuration_utils.rs","line_number":53}
{"timestamp":"2026-07-28T03:54:31.260973Z","level":"INFO","fields":{"message":"Config: ac_rtt_success_max_quantile = 0.95 (default)"},"filename":"/home/runner/work/xet-core/xet-core/xet_runtime/src/utils/configuration_utils.rs","line_number":53}
{"timestamp":"2026-07-28T03:54:31.260974Z","level":"INFO","fields":{"message":"Config: ac_healthy_success_ratio_threshold = 0.8 (default)"},"filename":"/home/runner/work/xet-core/xet-core/xet_runtime/src/utils/configuration_utils.rs","line_number":53}
{"timestamp":"2026-07-28T03:54:31.260975Z","level":"INFO","fields":{"message":"Config: ac_unhealthy_success_ratio_threshold = 0.5 (default)"},"filename":"/home/runner/work/xet-core/xet-core/xet_runtime/src/utils/configuration_utils.rs","line_number":53}
{"timestamp":"2026-07-28T03:54:31.260976Z","level":"INFO","fields":{"message":"Config: ac_max_reference_transmission_size = 64MB (default)"},"filename":"/home/runner/work/xet-core/xet-core/xet_runtime/src/utils/configuration_utils.rs","line_number":53}
{"timestamp":"2026-07-28T03:54:31.260977Z","level":"INFO","fields":{"message":"Config: ac_min_reference_transmission_size = 1MB (default)"},"filename":"/home/runner/work/xet-core/xet-core/xet_runtime/src/utils/configuration_utils.rs","line_number":53}
{"timestamp":"2026-07-28T03:54:31.260978Z","level":"INFO","fields":{"message":"Config: ac_logging_interval_ms = 10000 (default)"},"filename":"/home/runner/work/xet-core/xet-core/xet_runtime/src/utils/configuration_utils.rs","line_number":53}
{"timestamp":"2026-07-28T03:54:31.260979Z","level":"INFO","fields":{"message":"Config: ac_max_upload_concurrency = 64 (default)"},"filename":"/home/runner/work/xet-core/xet-core/xet_runtime/src/utils/configuration_utils.rs","line_number":53}
{"timestamp":"2026-07-28T03:54:31.260980Z","level":"INFO","fields":{"message":"Config: ac_min_upload_concurrency = 1 (default)"},"filename":"/home/runner/work/xet-core/xet-core/xet_runtime/src/utils/configuration_utils.rs","line_number":53}
{"timestamp":"2026-07-28T03:54:31.260981Z","level":"INFO","fields":{"message":"Config: ac_initial_upload_concurrency = 2 (default)"},"filename":"/home/runner/work/xet-core/xet-core/xet_runtime/src/utils/configuration_utils.rs","line_number":53}
{"timestamp":"2026-07-28T03:54:31.260982Z","level":"INFO","fields":{"message":"Config: ac_max_download_concurrency = 64 (default)"},"filename":"/home/runner/work/xet-core/xet-core/xet_runtime/src/utils/configuration_utils.rs","line_number":53}
{"timestamp":"2026-07-28T03:54:31.260983Z","level":"INFO","fields":{"message":"Config: ac_min_download_concurrency = 1 (default)"},"filename":"/home/runner/work/xet-core/xet-core/xet_runtime/src/utils/configuration_utils.rs","line_number":53}
{"timestamp":"2026-07-28T03:54:31.260984Z","level":"INFO","fields":{"message":"Config: ac_initial_download_concurrency = 4 (default)"},"filename":"/home/runner/work/xet-core/xet-core/xet_runtime/src/utils/configuration_utils.rs","line_number":53}
{"timestamp":"2026-07-28T03:54:31.260985Z","level":"INFO","fields":{"message":"Config: unix_socket_path = None (default)"},"filename":"/home/runner/work/xet-core/xet-core/xet_runtime/src/utils/configuration_utils.rs","line_number":53}
{"timestamp":"2026-07-28T03:54:31.260986Z","level":"INFO","fields":{"message":"Config: reconstruction_api_version = None (default)"},"filename":"/home/runner/work/xet-core/xet-core/xet_runtime/src/utils/configuration_utils.rs","line_number":53}
{"timestamp":"2026-07-28T03:54:31.260987Z","level":"INFO","fields":{"message":"Config: enable_multirange_fetching = false (default)"},"filename":"/home/runner/work/xet-core/xet-core/xet_runtime/src/utils/configuration_utils.rs","line_number":53}
{"timestamp":"2026-07-28T03:54:31.260988Z","level":"INFO","fields":{"message":"Config: dest = None (default)"},"filename":"/home/runner/work/xet-core/xet-core/xet_runtime/src/utils/configuration_utils.rs","line_number":53}
{"timestamp":"2026-07-28T03:54:31.260989Z","level":"INFO","fields":{"message":"Config: format = None (default)"},"filename":"/home/runner/work/xet-core/xet-core/xet_runtime/src/utils/configuration_utils.rs","line_number":53}
{"timestamp":"2026-07-28T03:54:31.260990Z","level":"INFO","fields":{"message":"Config: prefix = \"xet\" (default)"},"filename":"/home/runner/work/xet-core/xet-core/xet_runtime/src/utils/configuration_utils.rs","line_number":53}
{"timestamp":"2026-07-28T03:54:31.260991Z","level":"INFO","fields":{"message":"Config: dir_disable_cleanup = false (default)"},"filename":"/home/runner/work/xet-core/xet-core/xet_runtime/src/utils/configuration_utils.rs","line_number":53}
{"timestamp":"2026-07-28T03:54:31.260993Z","level":"INFO","fields":{"message":"Config: dir_max_size = 250MB (default)"},"filename":"/home/runner/work/xet-core/xet-core/xet_runtime/src/utils/configuration_utils.rs","line_number":53}
{"timestamp":"2026-07-28T03:54:31.260994Z","level":"INFO","fields":{"message":"Config: dir_min_deletion_age = 86400s (default)"},"filename":"/home/runner/work/xet-core/xet-core/xet_runtime/src/utils/configuration_utils.rs","line_number":53}
{"timestamp":"2026-07-28T03:54:31.260995Z","level":"INFO","fields":{"message":"Config: dir_max_retention_age = 1209600s (default)"},"filename":"/home/runner/work/xet-core/xet-core/xet_runtime/src/utils/configuration_utils.rs","line_number":53}
{"timestamp":"2026-07-28T03:54:31.260996Z","level":"INFO","fields":{"message":"Config: min_reconstruction_fetch_size = 256MB (default)"},"filename":"/home/runner/work/xet-core/xet-core/xet_runtime/src/utils/configuration_utils.rs","line_number":53}
{"timestamp":"2026-07-28T03:54:31.260997Z","level":"INFO","fields":{"message":"Config: max_reconstruction_fetch_size = 8GB (default)"},"filename":"/home/runner/work/xet-core/xet-core/xet_runtime/src/utils/configuration_utils.rs","line_number":53}
{"timestamp":"2026-07-28T03:54:31.260998Z","level":"INFO","fields":{"message":"Config: download_buffer_size = 2GB (default)"},"filename":"/home/runner/work/xet-core/xet-core/xet_runtime/src/utils/configuration_utils.rs","line_number":53}
{"timestamp":"2026-07-28T03:54:31.260999Z","level":"INFO","fields":{"message":"Config: download_buffer_perfile_size = 512MB (default)"},"filename":"/home/runner/work/xet-core/xet-core/xet_runtime/src/utils/configuration_utils.rs","line_number":53}
{"timestamp":"2026-07-28T03:54:31.261001Z","level":"INFO","fields":{"message":"Config: download_buffer_limit = 8GB (default)"},"filename":"/home/runner/work/xet-core/xet-core/xet_runtime/src/utils/configuration_utils.rs","line_number":53}
{"timestamp":"2026-07-28T03:54:31.261002Z","level":"INFO","fields":{"message":"Config: completion_rate_estimator_half_life = 4.0 (default)"},"filename":"/home/runner/work/xet-core/xet-core/xet_runtime/src/utils/configuration_utils.rs","line_number":53}
{"timestamp":"2026-07-28T03:54:31.261004Z","level":"INFO","fields":{"message":"Config: target_block_completion_time = 900s (default)"},"filename":"/home/runner/work/xet-core/xet-core/xet_runtime/src/utils/configuration_utils.rs","line_number":53}
{"timestamp":"2026-07-28T03:54:31.261006Z","level":"INFO","fields":{"message":"Config: min_prefetch_buffer = 1GB (default)"},"filename":"/home/runner/work/xet-core/xet-core/xet_runtime/src/utils/configuration_utils.rs","line_number":53}
{"timestamp":"2026-07-28T03:54:31.261007Z","level":"INFO","fields":{"message":"Config: use_vectored_write = true (default)"},"filename":"/home/runner/work/xet-core/xet-core/xet_runtime/src/utils/configuration_utils.rs","line_number":53}
{"timestamp":"2026-07-28T03:54:31.261010Z","level":"INFO","fields":{"message":"Config: compression_scheme_retest_interval = 32 (default)"},"filename":"/home/runner/work/xet-core/xet-core/xet_runtime/src/utils/configuration_utils.rs","line_number":53}
{"timestamp":"2026-07-28T03:54:31.261013Z","level":"INFO","fields":{"message":"Config: compression_policy = \"auto\" (default)"},"filename":"/home/runner/work/xet-core/xet-core/xet_runtime/src/utils/config_enum.rs","line_number":174}
{"timestamp":"2026-07-28T03:54:31.261016Z","level":"INFO","fields":{"message":"Config: simulation_max_bytes = None (default)"},"filename":"/home/runner/work/xet-core/xet-core/xet_runtime/src/utils/configuration_utils.rs","line_number":53}
{"timestamp":"2026-07-28T03:54:31.261018Z","level":"INFO","fields":{"message":"Config: simulation_max_chunks = None (default)"},"filename":"/home/runner/work/xet-core/xet-core/xet_runtime/src/utils/configuration_utils.rs","line_number":53}
{"timestamp":"2026-07-28T03:54:31.261028Z","level":"INFO","fields":{"message":"Config: dir_name = \"shard-session\" (default)"},"filename":"/home/runner/work/xet-core/xet-core/xet_runtime/src/utils/configuration_utils.rs","line_number":53}
{"timestamp":"2026-07-28T03:54:31.261030Z","level":"INFO","fields":{"message":"Config: enabled = false (default)"},"filename":"/home/runner/work/xet-core/xet-core/xet_runtime/src/utils/configuration_utils.rs","line_number":53}
{"timestamp":"2026-07-28T03:54:31.261032Z","level":"INFO","fields":{"message":"Config: sample_interval = 5s (default)"},"filename":"/home/runner/work/xet-core/xet-core/xet_runtime/src/utils/configuration_utils.rs","line_number":53}
{"timestamp":"2026-07-28T03:54:31.261034Z","level":"INFO","fields":{"message":"Config: log_path = None (default)"},"filename":"/home/runner/work/xet-core/xet-core/xet_runtime/src/utils/configuration_utils.rs","line_number":53}
{"timestamp":"2026-07-28T03:54:31.261132Z","level":"INFO","fields":{"message":"Using 12 async threads for tokio runtime"},"filename":"/home/runner/work/xet-core/xet-core/xet_runtime/src/core/runtime.rs","line_number":70}
{"timestamp":"2026-07-28T03:54:31.262599Z","level":"INFO","fields":{"message":"Session created, session_id=019fa6dc-1dde-7893-b0f4-d9195d13864d"},"filename":"/home/runner/work/xet-core/xet-core/xet_pkg/src/xet_session/session.rs","line_number":183}
{"timestamp":"2026-07-28T03:54:31.262757Z","level":"INFO","fields":{"message":"CAS auth disabled","caller":"/home/runner/work/xet-core/xet-core/xet_client/src/common/http_client.rs:166"},"filename":"/home/runner/work/xet-core/xet-core/xet_runtime/src/error_printer/mod.rs","line_number":198}
{"timestamp":"2026-07-28T03:54:31.310661Z","level":"INFO","fields":{"message":"HTTP client configured","idle_timeout":"60s","max_idle_connections":16,"custom_headers":"Some({\"user-agent\": \"unknown/None; hf_hub/1.21.0; python/3.11.15\"})"},"filename":"/home/runner/work/xet-core/xet-core/xet_client/src/common/http_client.rs","line_number":187}
{"timestamp":"2026-07-28T03:54:31.310697Z","level":"INFO","fields":{"message":"Retry strategy","max_attempts":5,"base_delay":"3s","no_retry_on_429":false},"filename":"/home/runner/work/xet-core/xet-core/xet_client/src/cas_client/retry_wrapper.rs","line_number":249}
{"timestamp":"2026-07-28T03:54:31.436996Z","level":"INFO","fields":{"message":"CAS auth disabled","caller":"/home/runner/work/xet-core/xet-core/xet_client/src/common/http_client.rs:166"},"filename":"/home/runner/work/xet-core/xet-core/xet_runtime/src/error_printer/mod.rs","line_number":198}
{"timestamp":"2026-07-28T03:54:31.437030Z","level":"INFO","fields":{"message":"HTTP client configured","idle_timeout":"60s","max_idle_connections":16,"custom_headers":"Some({\"user-agent\": \"unknown/None; hf_hub/1.21.0; python/3.11.15\"})"},"filename":"/home/runner/work/xet-core/xet-core/xet_client/src/common/http_client.rs","line_number":187}
{"timestamp":"2026-07-28T03:54:31.437039Z","level":"INFO","fields":{"message":"Retry strategy","max_attempts":5,"base_delay":"3s","no_retry_on_429":false},"filename":"/home/runner/work/xet-core/xet-core/xet_client/src/cas_client/retry_wrapper.rs","line_number":249}
{"timestamp":"2026-07-28T03:54:31.440301Z","level":"INFO","fields":{"message":"CAS auth disabled","caller":"/home/runner/work/xet-core/xet-core/xet_client/src/common/http_client.rs:166"},"filename":"/home/runner/work/xet-core/xet-core/xet_runtime/src/error_printer/mod.rs","line_number":198}
{"timestamp":"2026-07-28T03:54:31.440332Z","level":"INFO","fields":{"message":"HTTP client configured","idle_timeout":"60s","max_idle_connections":16,"custom_headers":"Some({\"user-agent\": \"unknown/None; hf_hub/1.21.0; python/3.11.15\"})"},"filename":"/home/runner/work/xet-core/xet-core/xet_client/src/common/http_client.rs","line_number":187}
{"timestamp":"2026-07-28T03:54:31.440342Z","level":"INFO","fields":{"message":"Retry strategy","max_attempts":5,"base_delay":"3s","no_retry_on_429":false},"filename":"/home/runner/work/xet-core/xet-core/xet_client/src/cas_client/retry_wrapper.rs","line_number":249}
{"timestamp":"2026-07-28T03:54:31.445525Z","level":"INFO","fields":{"message":"CAS auth disabled","caller":"/home/runner/work/xet-core/xet-core/xet_client/src/common/http_client.rs:166"},"filename":"/home/runner/work/xet-core/xet-core/xet_runtime/src/error_printer/mod.rs","line_number":198}
{"timestamp":"2026-07-28T03:54:31.445558Z","level":"INFO","fields":{"message":"HTTP client configured","idle_timeout":"60s","max_idle_connections":16,"custom_headers":"Some({\"user-agent\": \"unknown/None; hf_hub/1.21.0; python/3.11.15\"})"},"filename":"/home/runner/work/xet-core/xet-core/xet_client/src/common/http_client.rs","line_number":187}
{"timestamp":"2026-07-28T03:54:31.445580Z","level":"INFO","fields":{"message":"Retry strategy","max_attempts":5,"base_delay":"3s","no_retry_on_429":false},"filename":"/home/runner/work/xet-core/xet-core/xet_client/src/cas_client/retry_wrapper.rs","line_number":249}
{"timestamp":"2026-07-28T03:54:31.452503Z","level":"INFO","fields":{"message":"CAS auth disabled","caller":"/home/runner/work/xet-core/xet-core/xet_client/src/common/http_client.rs:166"},"filename":"/home/runner/work/xet-core/xet-core/xet_runtime/src/error_printer/mod.rs","line_number":198}
{"timestamp":"2026-07-28T03:54:31.452537Z","level":"INFO","fields":{"message":"HTTP client configured","idle_timeout":"60s","max_idle_connections":16,"custom_headers":"Some({\"user-agent\": \"unknown/None; hf_hub/1.21.0; python/3.11.15\"})"},"filename":"/home/runner/work/xet-core/xet-core/xet_client/src/common/http_client.rs","line_number":187}
{"timestamp":"2026-07-28T03:54:31.452552Z","level":"INFO","fields":{"message":"Retry strategy","max_attempts":5,"base_delay":"3s","no_retry_on_429":false},"filename":"/home/runner/work/xet-core/xet-core/xet_client/src/cas_client/retry_wrapper.rs","line_number":249}
{"timestamp":"2026-07-28T03:54:31.453504Z","level":"INFO","fields":{"message":"CAS auth disabled","caller":"/home/runner/work/xet-core/xet-core/xet_client/src/common/http_client.rs:166"},"filename":"/home/runner/work/xet-core/xet-core/xet_runtime/src/error_printer/mod.rs","line_number":198}
{"timestamp":"2026-07-28T03:54:31.453514Z","level":"INFO","fields":{"message":"HTTP client configured","idle_timeout":"60s","max_idle_connections":16,"custom_headers":"Some({\"user-agent\": \"unknown/None; hf_hub/1.21.0; python/3.11.15\"})"},"filename":"/home/runner/work/xet-core/xet-core/xet_client/src/common/http_client.rs","line_number":187}
{"timestamp":"2026-07-28T03:54:31.453521Z","level":"INFO","fields":{"message":"Retry strategy","max_attempts":5,"base_delay":"3s","no_retry_on_429":false},"filename":"/home/runner/work/xet-core/xet-core/xet_client/src/cas_client/retry_wrapper.rs","line_number":249}
{"timestamp":"2026-07-28T03:54:31.454549Z","level":"INFO","fields":{"message":"CAS auth disabled","caller":"/home/runner/work/xet-core/xet-core/xet_client/src/common/http_client.rs:166"},"filename":"/home/runner/work/xet-core/xet-core/xet_runtime/src/error_printer/mod.rs","line_number":198}
{"timestamp":"2026-07-28T03:54:31.454560Z","level":"INFO","fields":{"message":"HTTP client configured","idle_timeout":"60s","max_idle_connections":16,"custom_headers":"Some({\"user-agent\": \"unknown/None; hf_hub/1.21.0; python/3.11.15\"})"},"filename":"/home/runner/work/xet-core/xet-core/xet_client/src/common/http_client.rs","line_number":187}
{"timestamp":"2026-07-28T03:54:31.454568Z","level":"INFO","fields":{"message":"Retry strategy","max_attempts":5,"base_delay":"3s","no_retry_on_429":false},"filename":"/home/runner/work/xet-core/xet-core/xet_client/src/cas_client/retry_wrapper.rs","line_number":249}
{"timestamp":"2026-07-28T03:54:31.488425Z","level":"INFO","fields":{"message":"Received CAS response","request_id":"Root=1-6a674f59-1e1c18224dc74fc4542b44b9","status_code":200},"filename":"/home/runner/work/xet-core/xet-core/xet_client/src/common/http_client.rs","line_number":288}
{"timestamp":"2026-07-28T03:54:31.488460Z","level":"INFO","fields":{"message":"Request Success: xet-token api call succeeded (request id Root=1-6a674f59-1e1c18224dc74fc4542b44b9)."},"filename":"/home/runner/work/xet-core/xet-core/xet_client/src/cas_client/retry_wrapper.rs","line_number":210}
{"timestamp":"2026-07-28T03:54:31.491226Z","level":"INFO","fields":{"message":"TranslatorConfig initialized","endpoint":"https://cas-server.xethub.hf.co","session_id":"Some(\"019fa6dc-1ec0-7943-ba21-58e0a4139fa7\")","shard_cache":"/app/backend/data/cache/embedding/models/xet/https___cas_serv-tGqkUaZf_CBPHQ6h/shard-cache","shard_session":"/app/backend/data/cache/embedding/models/xet/https___cas_serv-tGqkUaZf_CBPHQ6h/staging/shard-session"},"filename":"/home/runner/work/xet-core/xet-core/xet_data/src/processing/configurations.rs","line_number":115}
{"timestamp":"2026-07-28T03:54:31.498648Z","level":"INFO","fields":{"message":"HTTP client configured","idle_timeout":"60s","max_idle_connections":16,"custom_headers":"Some({\"user-agent\": \"unknown/None; hf_hub/1.21.0; python/3.11.15; hf_xet/1.5.1\"})"},"filename":"/home/runner/work/xet-core/xet-core/xet_client/src/common/http_client.rs","line_number":187}
{"timestamp":"2026-07-28T03:54:31.498692Z","level":"INFO","fields":{"message":"CAS auth disabled","caller":"/home/runner/work/xet-core/xet-core/xet_client/src/common/http_client.rs:166"},"filename":"/home/runner/work/xet-core/xet-core/xet_runtime/src/error_printer/mod.rs","line_number":198}
{"timestamp":"2026-07-28T03:54:31.498698Z","level":"INFO","fields":{"message":"HTTP client configured","idle_timeout":"60s","max_idle_connections":16,"custom_headers":"Some({\"user-agent\": \"unknown/None; hf_hub/1.21.0; python/3.11.15; hf_xet/1.5.1\"})"},"filename":"/home/runner/work/xet-core/xet-core/xet_client/src/common/http_client.rs","line_number":187}
{"timestamp":"2026-07-28T03:54:31.505575Z","level":"INFO","fields":{"message":"No-read-timeout HTTP client configured (for shard uploads)","connect_timeout":"60s"},"filename":"/home/runner/work/xet-core/xet-core/xet_client/src/common/http_client.rs","line_number":136}
{"timestamp":"2026-07-28T03:54:31.505604Z","level":"INFO","fields":{"message":"Initializing Adaptive Concurrency Controller for upload with starting concurrency = 2; min = 1, max = 64, min_bytes_for_adjustment = 20000000, min_completed_transmissions_for_adjustment = 1"},"filename":"/home/runner/work/xet-core/xet-core/xet_client/src/cas_client/adaptive_concurrency/controller.rs","line_number":301}
{"timestamp":"2026-07-28T03:54:31.505610Z","level":"INFO","fields":{"message":"Initializing Adaptive Concurrency Controller for download with starting concurrency = 4; min = 1, max = 64, min_bytes_for_adjustment = 20000000, min_completed_transmissions_for_adjustment = 1"},"filename":"/home/runner/work/xet-core/xet-core/xet_client/src/cas_client/adaptive_concurrency/controller.rs","line_number":301}
{"timestamp":"2026-07-28T03:54:31.505663Z","level":"INFO","fields":{"message":"New file download group, session_id=019fa6dc-1dde-7893-b0f4-d9195d13864d, group_id=1"},"filename":"/home/runner/work/xet-core/xet-core/xet_pkg/src/xet_session/file_download_group.rs","line_number":61}
{"timestamp":"2026-07-28T03:54:31.505830Z","level":"INFO","fields":{"message":"Download file to path","group_id":"1","dest_path":"\"/app/backend/data/cache/embedding/models/models--sentence-transformers--all-MiniLM-L6-v2/blobs/53aa51172d142c89d9012cce15ae4d6cc0ca6895895114379cacb4fab128d9db.90cac734.incomplete\"","hash":"789fdf16a3e59f4fbfb6002967ecee539a198dadb5be74ca549aa7dc9b1b55fb"},"filename":"/home/runner/work/xet-core/xet-core/xet_pkg/src/xet_session/file_download_group.rs","line_number":287}
{"timestamp":"2026-07-28T03:54:31.506007Z","level":"INFO","fields":{"message":"Reconstructing file to disk","file_hash":"789fdf16a3e59f4fbfb6002967ecee539a198dadb5be74ca549aa7dc9b1b55fb","byte_range":"None","path":"/app/backend/data/cache/embedding/models/models--sentence-transformers--all-MiniLM-L6-v2/blobs/53aa51172d142c89d9012cce15ae4d6cc0ca6895895114379cacb4fab128d9db.90cac734.incomplete","write_offset":"None"},"filename":"/home/runner/work/xet-core/xet-core/xet_data/src/file_reconstruction/file_reconstructor.rs","line_number":121}
{"timestamp":"2026-07-28T03:54:31.506178Z","level":"INFO","fields":{"message":"Download group finish","group_id":"1"},"filename":"/home/runner/work/xet-core/xet-core/xet_pkg/src/xet_session/file_download_group.rs","line_number":306}
{"timestamp":"2026-07-28T03:54:31.507161Z","level":"INFO","fields":{"message":"Scheduling prefetch block","file_hash":"789fdf16a3e59f4fbfb6002967ecee539a198dadb5be74ca549aa7dc9b1b55fb","prefetch_range":"(0, 256000000)","requested_block_size":256000000,"actual_block_size":256000000,"queue_depth":1},"filename":"/home/runner/work/xet-core/xet-core/xet_data/src/file_reconstruction/reconstruction_terms/manager.rs","line_number":272}
{"timestamp":"2026-07-28T03:54:31.507169Z","level":"INFO","fields":{"message":"Scheduling prefetch block","file_hash":"789fdf16a3e59f4fbfb6002967ecee539a198dadb5be74ca549aa7dc9b1b55fb","prefetch_range":"(256000000, 768000000)","requested_block_size":512000000,"actual_block_size":512000000,"queue_depth":2},"filename":"/home/runner/work/xet-core/xet-core/xet_data/src/file_reconstruction/reconstruction_terms/manager.rs","line_number":272}
{"timestamp":"2026-07-28T03:54:31.507191Z","level":"INFO","fields":{"message":"Scheduling prefetch block","file_hash":"789fdf16a3e59f4fbfb6002967ecee539a198dadb5be74ca549aa7dc9b1b55fb","prefetch_range":"(768000000, 1024000000)","requested_block_size":256000000,"actual_block_size":256000000,"queue_depth":3},"filename":"/home/runner/work/xet-core/xet-core/xet_data/src/file_reconstruction/reconstruction_terms/manager.rs","line_number":272}
{"timestamp":"2026-07-28T03:54:31.507208Z","level":"INFO","fields":{"message":"Starting get_reconstruction API call","call_id":1,"file_id":"789fdf16a3e59f4fbfb6002967ecee539a198dadb5be74ca549aa7dc9b1b55fb","bytes_range":"Some(Range { start: 768000000, end: 1024000000 })","api_version":"v2"},"filename":"/home/runner/work/xet-core/xet-core/xet_client/src/cas_client/remote_client.rs","line_number":210}
{"timestamp":"2026-07-28T03:54:31.507212Z","level":"INFO","fields":{"message":"Retry strategy","max_attempts":5,"base_delay":"3s","no_retry_on_429":false},"filename":"/home/runner/work/xet-core/xet-core/xet_client/src/cas_client/retry_wrapper.rs","line_number":249}
{"timestamp":"2026-07-28T03:54:31.507222Z","level":"INFO","fields":{"message":"Retry strategy","max_attempts":5,"base_delay":"3s","no_retry_on_429":false},"filename":"/home/runner/work/xet-core/xet-core/xet_client/src/cas_client/retry_wrapper.rs","line_number":249}
{"timestamp":"2026-07-28T03:54:31.507221Z","level":"INFO","fields":{"message":"Starting get_reconstruction API call","call_id":2,"file_id":"789fdf16a3e59f4fbfb6002967ecee539a198dadb5be74ca549aa7dc9b1b55fb","bytes_range":"Some(Range { start: 0, end: 256000000 })","api_version":"v2"},"filename":"/home/runner/work/xet-core/xet-core/xet_client/src/cas_client/remote_client.rs","line_number":210}
{"timestamp":"2026-07-28T03:54:31.507227Z","level":"INFO","fields":{"message":"Retry strategy","max_attempts":5,"base_delay":"3s","no_retry_on_429":false},"filename":"/home/runner/work/xet-core/xet-core/xet_client/src/cas_client/retry_wrapper.rs","line_number":249}
{"timestamp":"2026-07-28T03:54:31.507284Z","level":"INFO","fields":{"message":"Starting get_reconstruction API call","call_id":3,"file_id":"789fdf16a3e59f4fbfb6002967ecee539a198dadb5be74ca549aa7dc9b1b55fb","bytes_range":"Some(Range { start: 256000000, end: 768000000 })","api_version":"v2"},"filename":"/home/runner/work/xet-core/xet-core/xet_client/src/cas_client/remote_client.rs","line_number":210}
{"timestamp":"2026-07-28T03:54:31.507291Z","level":"INFO","fields":{"message":"Retry strategy","max_attempts":5,"base_delay":"3s","no_retry_on_429":false},"filename":"/home/runner/work/xet-core/xet-core/xet_client/src/cas_client/retry_wrapper.rs","line_number":249}
{"timestamp":"2026-07-28T03:54:31.584616Z","level":"INFO","fields":{"message":"Received CAS response","request_id":"Root=1-6a674f59-7128e3fc503a418a3d54835a","status_code":200},"filename":"/home/runner/work/xet-core/xet-core/xet_client/src/common/http_client.rs","line_number":288}
{"timestamp":"2026-07-28T03:54:31.584659Z","level":"INFO","fields":{"message":"Request Success: xet-token api call succeeded (request id Root=1-6a674f59-7128e3fc503a418a3d54835a)."},"filename":"/home/runner/work/xet-core/xet-core/xet_client/src/cas_client/retry_wrapper.rs","line_number":210}
{"timestamp":"2026-07-28T03:54:31.587294Z","level":"INFO","fields":{"message":"TranslatorConfig initialized","endpoint":"https://cas-server.xethub.hf.co","session_id":"Some(\"019fa6dc-1f20-72a2-8ea9-e7470afea1ab\")","shard_cache":"/app/backend/data/cache/embedding/models/xet/https___cas_serv-tGqkUaZf_CBPHQ6h/shard-cache","shard_session":"/app/backend/data/cache/embedding/models/xet/https___cas_serv-tGqkUaZf_CBPHQ6h/staging/shard-session"},"filename":"/home/runner/work/xet-core/xet-core/xet_data/src/processing/configurations.rs","line_number":115}
{"timestamp":"2026-07-28T03:54:31.587323Z","level":"INFO","fields":{"message":"HTTP client configured","idle_timeout":"60s","max_idle_connections":16,"custom_headers":"Some({\"user-agent\": \"unknown/None; hf_hub/1.21.0; python/3.11.15; hf_xet/1.5.1\"})"},"filename":"/home/runner/work/xet-core/xet-core/xet_client/src/common/http_client.rs","line_number":187}
{"timestamp":"2026-07-28T03:54:31.587330Z","level":"INFO","fields":{"message":"CAS auth disabled","caller":"/home/runner/work/xet-core/xet-core/xet_client/src/common/http_client.rs:166"},"filename":"/home/runner/work/xet-core/xet-core/xet_runtime/src/error_printer/mod.rs","line_number":198}
{"timestamp":"2026-07-28T03:54:31.587333Z","level":"INFO","fields":{"message":"HTTP client configured","idle_timeout":"60s","max_idle_connections":16,"custom_headers":"Some({\"user-agent\": \"unknown/None; hf_hub/1.21.0; python/3.11.15; hf_xet/1.5.1\"})"},"filename":"/home/runner/work/xet-core/xet-core/xet_client/src/common/http_client.rs","line_number":187}
{"timestamp":"2026-07-28T03:54:31.594427Z","level":"INFO","fields":{"message":"No-read-timeout HTTP client configured (for shard uploads)","connect_timeout":"60s"},"filename":"/home/runner/work/xet-core/xet-core/xet_client/src/common/http_client.rs","line_number":136}
{"timestamp":"2026-07-28T03:54:31.594453Z","level":"INFO","fields":{"message":"Initializing Adaptive Concurrency Controller for upload with starting concurrency = 2; min = 1, max = 64, min_bytes_for_adjustment = 20000000, min_completed_transmissions_for_adjustment = 1"},"filename":"/home/runner/work/xet-core/xet-core/xet_client/src/cas_client/adaptive_concurrency/controller.rs","line_number":301}
{"timestamp":"2026-07-28T03:54:31.594460Z","level":"INFO","fields":{"message":"Initializing Adaptive Concurrency Controller for download with starting concurrency = 4; min = 1, max = 64, min_bytes_for_adjustment = 20000000, min_completed_transmissions_for_adjustment = 1"},"filename":"/home/runner/work/xet-core/xet-core/xet_client/src/cas_client/adaptive_concurrency/controller.rs","line_number":301}
{"timestamp":"2026-07-28T03:54:31.594568Z","level":"INFO","fields":{"message":"Received CAS response","request_id":"Root=1-6a674f59-795899707933e90f710461c8","status_code":200},"filename":"/home/runner/work/xet-core/xet-core/xet_client/src/common/http_client.rs","line_number":288}
{"timestamp":"2026-07-28T03:54:31.594576Z","level":"INFO","fields":{"message":"Request Success: xet-token api call succeeded (request id Root=1-6a674f59-795899707933e90f710461c8)."},"filename":"/home/runner/work/xet-core/xet-core/xet_client/src/cas_client/retry_wrapper.rs","line_number":210}
{"timestamp":"2026-07-28T03:54:31.594780Z","level":"INFO","fields":{"message":"New file download group, session_id=019fa6dc-1dde-7893-b0f4-d9195d13864d, group_id=2"},"filename":"/home/runner/work/xet-core/xet-core/xet_pkg/src/xet_session/file_download_group.rs","line_number":61}
{"timestamp":"2026-07-28T03:54:31.594978Z","level":"INFO","fields":{"message":"Download file to path","group_id":"2","dest_path":"\"/app/backend/data/cache/embedding/models/models--sentence-transformers--all-MiniLM-L6-v2/blobs/1391c6fc20b5530250bc15cbe1f47578ffeca55ab0551d335cc668b6299a88ec.b1986a4e.incomplete\"","hash":"512c239c65ad424aecb6defcf3c2625d2b9d90a1897cf6279d91fbb3225df0fa"},"filename":"/home/runner/work/xet-core/xet-core/xet_pkg/src/xet_session/file_download_group.rs","line_number":287}
{"timestamp":"2026-07-28T03:54:31.595082Z","level":"INFO","fields":{"message":"Reconstructing file to disk","file_hash":"512c239c65ad424aecb6defcf3c2625d2b9d90a1897cf6279d91fbb3225df0fa","byte_range":"None","path":"/app/backend/data/cache/embedding/models/models--sentence-transformers--all-MiniLM-L6-v2/blobs/1391c6fc20b5530250bc15cbe1f47578ffeca55ab0551d335cc668b6299a88ec.b1986a4e.incomplete","write_offset":"None"},"filename":"/home/runner/work/xet-core/xet-core/xet_data/src/file_reconstruction/file_reconstructor.rs","line_number":121}
{"timestamp":"2026-07-28T03:54:31.595340Z","level":"INFO","fields":{"message":"Download group finish","group_id":"2"},"filename":"/home/runner/work/xet-core/xet-core/xet_pkg/src/xet_session/file_download_group.rs","line_number":306}
{"timestamp":"2026-07-28T03:54:31.596808Z","level":"INFO","fields":{"message":"Scheduling prefetch block","file_hash":"512c239c65ad424aecb6defcf3c2625d2b9d90a1897cf6279d91fbb3225df0fa","prefetch_range":"(0, 256000000)","requested_block_size":256000000,"actual_block_size":256000000,"queue_depth":1},"filename":"/home/runner/work/xet-core/xet-core/xet_data/src/file_reconstruction/reconstruction_terms/manager.rs","line_number":272}
{"timestamp":"2026-07-28T03:54:31.596818Z","level":"INFO","fields":{"message":"Scheduling prefetch block","file_hash":"512c239c65ad424aecb6defcf3c2625d2b9d90a1897cf6279d91fbb3225df0fa","prefetch_range":"(256000000, 768000000)","requested_block_size":512000000,"actual_block_size":512000000,"queue_depth":2},"filename":"/home/runner/work/xet-core/xet-core/xet_data/src/file_reconstruction/reconstruction_terms/manager.rs","line_number":272}
{"timestamp":"2026-07-28T03:54:31.596839Z","level":"INFO","fields":{"message":"Scheduling prefetch block","file_hash":"512c239c65ad424aecb6defcf3c2625d2b9d90a1897cf6279d91fbb3225df0fa","prefetch_range":"(768000000, 1024000000)","requested_block_size":256000000,"actual_block_size":256000000,"queue_depth":3},"filename":"/home/runner/work/xet-core/xet-core/xet_data/src/file_reconstruction/reconstruction_terms/manager.rs","line_number":272}
{"timestamp":"2026-07-28T03:54:31.596855Z","level":"INFO","fields":{"message":"Starting get_reconstruction API call","call_id":4,"file_id":"512c239c65ad424aecb6defcf3c2625d2b9d90a1897cf6279d91fbb3225df0fa","bytes_range":"Some(Range { start: 768000000, end: 1024000000 })","api_version":"v2"},"filename":"/home/runner/work/xet-core/xet-core/xet_client/src/cas_client/remote_client.rs","line_number":210}
{"timestamp":"2026-07-28T03:54:31.596861Z","level":"INFO","fields":{"message":"Retry strategy","max_attempts":5,"base_delay":"3s","no_retry_on_429":false},"filename":"/home/runner/work/xet-core/xet-core/xet_client/src/cas_client/retry_wrapper.rs","line_number":249}
{"timestamp":"2026-07-28T03:54:31.596874Z","level":"INFO","fields":{"message":"Retry strategy","max_attempts":5,"base_delay":"3s","no_retry_on_429":false},"filename":"/home/runner/work/xet-core/xet-core/xet_client/src/cas_client/retry_wrapper.rs","line_number":249}
{"timestamp":"2026-07-28T03:54:31.596877Z","level":"INFO","fields":{"message":"Starting get_reconstruction API call","call_id":5,"file_id":"512c239c65ad424aecb6defcf3c2625d2b9d90a1897cf6279d91fbb3225df0fa","bytes_range":"Some(Range { start: 0, end: 256000000 })","api_version":"v2"},"filename":"/home/runner/work/xet-core/xet-core/xet_client/src/cas_client/remote_client.rs","line_number":210}
{"timestamp":"2026-07-28T03:54:31.596887Z","level":"INFO","fields":{"message":"Retry strategy","max_attempts":5,"base_delay":"3s","no_retry_on_429":false},"filename":"/home/runner/work/xet-core/xet-core/xet_client/src/cas_client/retry_wrapper.rs","line_number":249}
{"timestamp":"2026-07-28T03:54:31.596915Z","level":"INFO","fields":{"message":"Starting get_reconstruction API call","call_id":6,"file_id":"512c239c65ad424aecb6defcf3c2625d2b9d90a1897cf6279d91fbb3225df0fa","bytes_range":"Some(Range { start: 256000000, end: 768000000 })","api_version":"v2"},"filename":"/home/runner/work/xet-core/xet-core/xet_client/src/cas_client/remote_client.rs","line_number":210}
{"timestamp":"2026-07-28T03:54:31.596924Z","level":"INFO","fields":{"message":"Retry strategy","max_attempts":5,"base_delay":"3s","no_retry_on_429":false},"filename":"/home/runner/work/xet-core/xet-core/xet_client/src/cas_client/retry_wrapper.rs","line_number":249}
{"timestamp":"2026-07-28T03:54:31.597575Z","level":"INFO","fields":{"message":"TranslatorConfig initialized","endpoint":"https://cas-server.xethub.hf.co","session_id":"Some(\"019fa6dc-1f2a-70e3-a8b9-ebc5bd2bf679\")","shard_cache":"/app/backend/data/cache/embedding/models/xet/https___cas_serv-tGqkUaZf_CBPHQ6h/shard-cache","shard_session":"/app/backend/data/cache/embedding/models/xet/https___cas_serv-tGqkUaZf_CBPHQ6h/staging/shard-session"},"filename":"/home/runner/work/xet-core/xet-core/xet_data/src/processing/configurations.rs","line_number":115}
{"timestamp":"2026-07-28T03:54:31.597591Z","level":"INFO","fields":{"message":"HTTP client configured","idle_timeout":"60s","max_idle_connections":16,"custom_headers":"Some({\"user-agent\": \"unknown/None; hf_hub/1.21.0; python/3.11.15; hf_xet/1.5.1\"})"},"filename":"/home/runner/work/xet-core/xet-core/xet_client/src/common/http_client.rs","line_number":187}
{"timestamp":"2026-07-28T03:54:31.597597Z","level":"INFO","fields":{"message":"CAS auth disabled","caller":"/home/runner/work/xet-core/xet-core/xet_client/src/common/http_client.rs:166"},"filename":"/home/runner/work/xet-core/xet-core/xet_runtime/src/error_printer/mod.rs","line_number":198}
{"timestamp":"2026-07-28T03:54:31.597600Z","level":"INFO","fields":{"message":"HTTP client configured","idle_timeout":"60s","max_idle_connections":16,"custom_headers":"Some({\"user-agent\": \"unknown/None; hf_hub/1.21.0; python/3.11.15; hf_xet/1.5.1\"})"},"filename":"/home/runner/work/xet-core/xet-core/xet_client/src/common/http_client.rs","line_number":187}
{"timestamp":"2026-07-28T03:54:31.598188Z","level":"INFO","fields":{"message":"Received CAS response","request_id":"Root=1-6a674f59-0a4627c476b8101b7f279746","status_code":200},"filename":"/home/runner/work/xet-core/xet-core/xet_client/src/common/http_client.rs","line_number":288}
{"timestamp":"2026-07-28T03:54:31.598196Z","level":"INFO","fields":{"message":"Request Success: xet-token api call succeeded (request id Root=1-6a674f59-0a4627c476b8101b7f279746)."},"filename":"/home/runner/work/xet-core/xet-core/xet_client/src/cas_client/retry_wrapper.rs","line_number":210}
{"timestamp":"2026-07-28T03:54:31.600842Z","level":"INFO","fields":{"message":"TranslatorConfig initialized","endpoint":"https://cas-server.xethub.hf.co","session_id":"Some(\"019fa6dc-1f2e-7353-b509-5fd5f035ec24\")","shard_cache":"/app/backend/data/cache/embedding/models/xet/https___cas_serv-tGqkUaZf_CBPHQ6h/shard-cache","shard_session":"/app/backend/data/cache/embedding/models/xet/https___cas_serv-tGqkUaZf_CBPHQ6h/staging/shard-session"},"filename":"/home/runner/work/xet-core/xet-core/xet_data/src/processing/configurations.rs","line_number":115}
{"timestamp":"2026-07-28T03:54:31.600858Z","level":"INFO","fields":{"message":"HTTP client configured","idle_timeout":"60s","max_idle_connections":16,"custom_headers":"Some({\"user-agent\": \"unknown/None; hf_hub/1.21.0; python/3.11.15; hf_xet/1.5.1\"})"},"filename":"/home/runner/work/xet-core/xet-core/xet_client/src/common/http_client.rs","line_number":187}
{"timestamp":"2026-07-28T03:54:31.600866Z","level":"INFO","fields":{"message":"CAS auth disabled","caller":"/home/runner/work/xet-core/xet-core/xet_client/src/common/http_client.rs:166"},"filename":"/home/runner/work/xet-core/xet-core/xet_runtime/src/error_printer/mod.rs","line_number":198}
{"timestamp":"2026-07-28T03:54:31.600868Z","level":"INFO","fields":{"message":"HTTP client configured","idle_timeout":"60s","max_idle_connections":16,"custom_headers":"Some({\"user-agent\": \"unknown/None; hf_hub/1.21.0; python/3.11.15; hf_xet/1.5.1\"})"},"filename":"/home/runner/work/xet-core/xet-core/xet_client/src/common/http_client.rs","line_number":187}
{"timestamp":"2026-07-28T03:54:31.604896Z","level":"INFO","fields":{"message":"No-read-timeout HTTP client configured (for shard uploads)","connect_timeout":"60s"},"filename":"/home/runner/work/xet-core/xet-core/xet_client/src/common/http_client.rs","line_number":136}
{"timestamp":"2026-07-28T03:54:31.604902Z","level":"INFO","fields":{"message":"Initializing Adaptive Concurrency Controller for upload with starting concurrency = 2; min = 1, max = 64, min_bytes_for_adjustment = 20000000, min_completed_transmissions_for_adjustment = 1"},"filename":"/home/runner/work/xet-core/xet-core/xet_client/src/cas_client/adaptive_concurrency/controller.rs","line_number":301}
{"timestamp":"2026-07-28T03:54:31.604907Z","level":"INFO","fields":{"message":"Initializing Adaptive Concurrency Controller for download with starting concurrency = 4; min = 1, max = 64, min_bytes_for_adjustment = 20000000, min_completed_transmissions_for_adjustment = 1"},"filename":"/home/runner/work/xet-core/xet-core/xet_client/src/cas_client/adaptive_concurrency/controller.rs","line_number":301}
{"timestamp":"2026-07-28T03:54:31.605013Z","level":"INFO","fields":{"message":"New file download group, session_id=019fa6dc-1dde-7893-b0f4-d9195d13864d, group_id=3"},"filename":"/home/runner/work/xet-core/xet-core/xet_pkg/src/xet_session/file_download_group.rs","line_number":61}
{"timestamp":"2026-07-28T03:54:31.605107Z","level":"INFO","fields":{"message":"Received CAS response","request_id":"Root=1-6a674f59-7c4b91307e558eed0e78f6b2","status_code":200},"filename":"/home/runner/work/xet-core/xet-core/xet_client/src/common/http_client.rs","line_number":288}
{"timestamp":"2026-07-28T03:54:31.605114Z","level":"INFO","fields":{"message":"Request Success: xet-token api call succeeded (request id Root=1-6a674f59-7c4b91307e558eed0e78f6b2)."},"filename":"/home/runner/work/xet-core/xet-core/xet_client/src/cas_client/retry_wrapper.rs","line_number":210}
{"timestamp":"2026-07-28T03:54:31.605151Z","level":"INFO","fields":{"message":"Received CAS response","request_id":"Root=1-6a674f59-786d15cd57cff4841e69755d","status_code":200},"filename":"/home/runner/work/xet-core/xet-core/xet_client/src/common/http_client.rs","line_number":288}
{"timestamp":"2026-07-28T03:54:31.605159Z","level":"INFO","fields":{"message":"Request Success: xet-token api call succeeded (request id Root=1-6a674f59-786d15cd57cff4841e69755d)."},"filename":"/home/runner/work/xet-core/xet-core/xet_client/src/cas_client/retry_wrapper.rs","line_number":210}
{"timestamp":"2026-07-28T03:54:31.605192Z","level":"INFO","fields":{"message":"Received CAS response","request_id":"Root=1-6a674f59-5e967a3f68594ca844e7ac52","status_code":200},"filename":"/home/runner/work/xet-core/xet-core/xet_client/src/common/http_client.rs","line_number":288}
{"timestamp":"2026-07-28T03:54:31.605200Z","level":"INFO","fields":{"message":"Request Success: xet-token api call succeeded (request id Root=1-6a674f59-5e967a3f68594ca844e7ac52)."},"filename":"/home/runner/work/xet-core/xet-core/xet_client/src/cas_client/retry_wrapper.rs","line_number":210}
{"timestamp":"2026-07-28T03:54:31.605281Z","level":"INFO","fields":{"message":"Download file to path","group_id":"3","dest_path":"\"/app/backend/data/cache/embedding/models/models--sentence-transformers--all-MiniLM-L6-v2/blobs/1de3905029190b398c7d300b530e320cf4b5e7d3dfb9af1429ebd73fd9a16faf.4d689c0c.incomplete\"","hash":"82b70afedf6cc476b395f810066653b2010605cbee3212a371ab0cd754e389aa"},"filename":"/home/runner/work/xet-core/xet-core/xet_pkg/src/xet_session/file_download_group.rs","line_number":287}
{"timestamp":"2026-07-28T03:54:31.605426Z","level":"INFO","fields":{"message":"Reconstructing file to disk","file_hash":"82b70afedf6cc476b395f810066653b2010605cbee3212a371ab0cd754e389aa","byte_range":"None","path":"/app/backend/data/cache/embedding/models/models--sentence-transformers--all-MiniLM-L6-v2/blobs/1de3905029190b398c7d300b530e320cf4b5e7d3dfb9af1429ebd73fd9a16faf.4d689c0c.incomplete","write_offset":"None"},"filename":"/home/runner/work/xet-core/xet-core/xet_data/src/file_reconstruction/file_reconstructor.rs","line_number":121}
{"timestamp":"2026-07-28T03:54:31.605625Z","level":"INFO","fields":{"message":"Download group finish","group_id":"3"},"filename":"/home/runner/work/xet-core/xet-core/xet_pkg/src/xet_session/file_download_group.rs","line_number":306}
{"timestamp":"2026-07-28T03:54:31.607030Z","level":"INFO","fields":{"message":"TranslatorConfig initialized","endpoint":"https://cas-server.xethub.hf.co","session_id":"Some(\"019fa6dc-1f35-7e51-8888-bb51aa2a95b9\")","shard_cache":"/app/backend/data/cache/embedding/models/xet/https___cas_serv-tGqkUaZf_CBPHQ6h/shard-cache","shard_session":"/app/backend/data/cache/embedding/models/xet/https___cas_serv-tGqkUaZf_CBPHQ6h/staging/shard-session"},"filename":"/home/runner/work/xet-core/xet-core/xet_data/src/processing/configurations.rs","line_number":115}
{"timestamp":"2026-07-28T03:54:31.607044Z","level":"INFO","fields":{"message":"Scheduling prefetch block","file_hash":"82b70afedf6cc476b395f810066653b2010605cbee3212a371ab0cd754e389aa","prefetch_range":"(0, 256000000)","requested_block_size":256000000,"actual_block_size":256000000,"queue_depth":1},"filename":"/home/runner/work/xet-core/xet-core/xet_data/src/file_reconstruction/reconstruction_terms/manager.rs","line_number":272}
{"timestamp":"2026-07-28T03:54:31.607051Z","level":"INFO","fields":{"message":"HTTP client configured","idle_timeout":"60s","max_idle_connections":16,"custom_headers":"Some({\"user-agent\": \"unknown/None; hf_hub/1.21.0; python/3.11.15; hf_xet/1.5.1\"})"},"filename":"/home/runner/work/xet-core/xet-core/xet_client/src/common/http_client.rs","line_number":187}
{"timestamp":"2026-07-28T03:54:31.607055Z","level":"INFO","fields":{"message":"Scheduling prefetch block","file_hash":"82b70afedf6cc476b395f810066653b2010605cbee3212a371ab0cd754e389aa","prefetch_range":"(256000000, 768000000)","requested_block_size":512000000,"actual_block_size":512000000,"queue_depth":2},"filename":"/home/runner/work/xet-core/xet-core/xet_data/src/file_reconstruction/reconstruction_terms/manager.rs","line_number":272}
{"timestamp":"2026-07-28T03:54:31.607062Z","level":"INFO","fields":{"message":"CAS auth disabled","caller":"/home/runner/work/xet-core/xet-core/xet_client/src/common/http_client.rs:166"},"filename":"/home/runner/work/xet-core/xet-core/xet_runtime/src/error_printer/mod.rs","line_number":198}
{"timestamp":"2026-07-28T03:54:31.607067Z","level":"INFO","fields":{"message":"HTTP client configured","idle_timeout":"60s","max_idle_connections":16,"custom_headers":"Some({\"user-agent\": \"unknown/None; hf_hub/1.21.0; python/3.11.15; hf_xet/1.5.1\"})"},"filename":"/home/runner/work/xet-core/xet-core/xet_client/src/common/http_client.rs","line_number":187}
{"timestamp":"2026-07-28T03:54:31.607074Z","level":"INFO","fields":{"message":"TranslatorConfig initialized","endpoint":"https://cas-server.xethub.hf.co","session_id":"Some(\"019fa6dc-1f35-7e51-8888-bb6884d4ce2c\")","shard_cache":"/app/backend/data/cache/embedding/models/xet/https___cas_serv-tGqkUaZf_CBPHQ6h/shard-cache","shard_session":"/app/backend/data/cache/embedding/models/xet/https___cas_serv-tGqkUaZf_CBPHQ6h/staging/shard-session"},"filename":"/home/runner/work/xet-core/xet-core/xet_data/src/processing/configurations.rs","line_number":115}
{"timestamp":"2026-07-28T03:54:31.607082Z","level":"INFO","fields":{"message":"Scheduling prefetch block","file_hash":"82b70afedf6cc476b395f810066653b2010605cbee3212a371ab0cd754e389aa","prefetch_range":"(768000000, 1024000000)","requested_block_size":256000000,"actual_block_size":256000000,"queue_depth":3},"filename":"/home/runner/work/xet-core/xet-core/xet_data/src/file_reconstruction/reconstruction_terms/manager.rs","line_number":272}
{"timestamp":"2026-07-28T03:54:31.607088Z","level":"INFO","fields":{"message":"HTTP client configured","idle_timeout":"60s","max_idle_connections":16,"custom_headers":"Some({\"user-agent\": \"unknown/None; hf_hub/1.21.0; python/3.11.15; hf_xet/1.5.1\"})"},"filename":"/home/runner/work/xet-core/xet-core/xet_client/src/common/http_client.rs","line_number":187}
{"timestamp":"2026-07-28T03:54:31.607096Z","level":"INFO","fields":{"message":"CAS auth disabled","caller":"/home/runner/work/xet-core/xet-core/xet_client/src/common/http_client.rs:166"},"filename":"/home/runner/work/xet-core/xet-core/xet_runtime/src/error_printer/mod.rs","line_number":198}
{"timestamp":"2026-07-28T03:54:31.607101Z","level":"INFO","fields":{"message":"HTTP client configured","idle_timeout":"60s","max_idle_connections":16,"custom_headers":"Some({\"user-agent\": \"unknown/None; hf_hub/1.21.0; python/3.11.15; hf_xet/1.5.1\"})"},"filename":"/home/runner/work/xet-core/xet-core/xet_client/src/common/http_client.rs","line_number":187}
{"timestamp":"2026-07-28T03:54:31.607105Z","level":"INFO","fields":{"message":"Starting get_reconstruction API call","call_id":7,"file_id":"82b70afedf6cc476b395f810066653b2010605cbee3212a371ab0cd754e389aa","bytes_range":"Some(Range { start: 768000000, end: 1024000000 })","api_version":"v2"},"filename":"/home/runner/work/xet-core/xet-core/xet_client/src/cas_client/remote_client.rs","line_number":210}
{"timestamp":"2026-07-28T03:54:31.607114Z","level":"INFO","fields":{"message":"Retry strategy","max_attempts":5,"base_delay":"3s","no_retry_on_429":false},"filename":"/home/runner/work/xet-core/xet-core/xet_client/src/cas_client/retry_wrapper.rs","line_number":249}
{"timestamp":"2026-07-28T03:54:31.607134Z","level":"INFO","fields":{"message":"Retry strategy","max_attempts":5,"base_delay":"3s","no_retry_on_429":false},"filename":"/home/runner/work/xet-core/xet-core/xet_client/src/cas_client/retry_wrapper.rs","line_number":249}
{"timestamp":"2026-07-28T03:54:31.607275Z","level":"INFO","fields":{"message":"Starting get_reconstruction API call","call_id":8,"file_id":"82b70afedf6cc476b395f810066653b2010605cbee3212a371ab0cd754e389aa","bytes_range":"Some(Range { start: 0, end: 256000000 })","api_version":"v2"},"filename":"/home/runner/work/xet-core/xet-core/xet_client/src/cas_client/remote_client.rs","line_number":210}
{"timestamp":"2026-07-28T03:54:31.607292Z","level":"INFO","fields":{"message":"Retry strategy","max_attempts":5,"base_delay":"3s","no_retry_on_429":false},"filename":"/home/runner/work/xet-core/xet-core/xet_client/src/cas_client/retry_wrapper.rs","line_number":249}
{"timestamp":"2026-07-28T03:54:31.607203Z","level":"INFO","fields":{"message":"Starting get_reconstruction API call","call_id":9,"file_id":"82b70afedf6cc476b395f810066653b2010605cbee3212a371ab0cd754e389aa","bytes_range":"Some(Range { start: 256000000, end: 768000000 })","api_version":"v2"},"filename":"/home/runner/work/xet-core/xet-core/xet_client/src/cas_client/remote_client.rs","line_number":210}
{"timestamp":"2026-07-28T03:54:31.607355Z","level":"INFO","fields":{"message":"TranslatorConfig initialized","endpoint":"https://cas-server.xethub.hf.co","session_id":"Some(\"019fa6dc-1f35-7e51-8888-bb70a8246b35\")","shard_cache":"/app/backend/data/cache/embedding/models/xet/https___cas_serv-tGqkUaZf_CBPHQ6h/shard-cache","shard_session":"/app/backend/data/cache/embedding/models/xet/https___cas_serv-tGqkUaZf_CBPHQ6h/staging/shard-session"},"filename":"/home/runner/work/xet-core/xet-core/xet_data/src/processing/configurations.rs","line_number":115}
{"timestamp":"2026-07-28T03:54:31.607359Z","level":"INFO","fields":{"message":"Retry strategy","max_attempts":5,"base_delay":"3s","no_retry_on_429":false},"filename":"/home/runner/work/xet-core/xet-core/xet_client/src/cas_client/retry_wrapper.rs","line_number":249}
{"timestamp":"2026-07-28T03:54:31.607367Z","level":"INFO","fields":{"message":"HTTP client configured","idle_timeout":"60s","max_idle_connections":16,"custom_headers":"Some({\"user-agent\": \"unknown/None; hf_hub/1.21.0; python/3.11.15; hf_xet/1.5.1\"})"},"filename":"/home/runner/work/xet-core/xet-core/xet_client/src/common/http_client.rs","line_number":187}
{"timestamp":"2026-07-28T03:54:31.607372Z","level":"INFO","fields":{"message":"CAS auth disabled","caller":"/home/runner/work/xet-core/xet-core/xet_client/src/common/http_client.rs:166"},"filename":"/home/runner/work/xet-core/xet-core/xet_runtime/src/error_printer/mod.rs","line_number":198}
{"timestamp":"2026-07-28T03:54:31.607374Z","level":"INFO","fields":{"message":"HTTP client configured","idle_timeout":"60s","max_idle_connections":16,"custom_headers":"Some({\"user-agent\": \"unknown/None; hf_hub/1.21.0; python/3.11.15; hf_xet/1.5.1\"})"},"filename":"/home/runner/work/xet-core/xet-core/xet_client/src/common/http_client.rs","line_number":187}
{"timestamp":"2026-07-28T03:54:31.608606Z","level":"INFO","fields":{"message":"No-read-timeout HTTP client configured (for shard uploads)","connect_timeout":"60s"},"filename":"/home/runner/work/xet-core/xet-core/xet_client/src/common/http_client.rs","line_number":136}
{"timestamp":"2026-07-28T03:54:31.608612Z","level":"INFO","fields":{"message":"Initializing Adaptive Concurrency Controller for upload with starting concurrency = 2; min = 1, max = 64, min_bytes_for_adjustment = 20000000, min_completed_transmissions_for_adjustment = 1"},"filename":"/home/runner/work/xet-core/xet-core/xet_client/src/cas_client/adaptive_concurrency/controller.rs","line_number":301}
{"timestamp":"2026-07-28T03:54:31.608615Z","level":"INFO","fields":{"message":"Initializing Adaptive Concurrency Controller for download with starting concurrency = 4; min = 1, max = 64, min_bytes_for_adjustment = 20000000, min_completed_transmissions_for_adjustment = 1"},"filename":"/home/runner/work/xet-core/xet-core/xet_client/src/cas_client/adaptive_concurrency/controller.rs","line_number":301}
{"timestamp":"2026-07-28T03:54:31.608688Z","level":"INFO","fields":{"message":"New file download group, session_id=019fa6dc-1dde-7893-b0f4-d9195d13864d, group_id=4"},"filename":"/home/runner/work/xet-core/xet-core/xet_pkg/src/xet_session/file_download_group.rs","line_number":61}
{"timestamp":"2026-07-28T03:54:31.608839Z","level":"INFO","fields":{"message":"Download file to path","group_id":"4","dest_path":"\"/app/backend/data/cache/embedding/models/models--sentence-transformers--all-MiniLM-L6-v2/blobs/a44f671e364dddbac31f203f07b91be6b0a35e51936e5ebfab65b6d9538b83ff.01d4bacc.incomplete\"","hash":"b63e855b8e4b66733438f476d33cce359708286954270f059c68f1aeda197920"},"filename":"/home/runner/work/xet-core/xet-core/xet_pkg/src/xet_session/file_download_group.rs","line_number":287}
{"timestamp":"2026-07-28T03:54:31.608925Z","level":"INFO","fields":{"message":"Reconstructing file to disk","file_hash":"b63e855b8e4b66733438f476d33cce359708286954270f059c68f1aeda197920","byte_range":"None","path":"/app/backend/data/cache/embedding/models/models--sentence-transformers--all-MiniLM-L6-v2/blobs/a44f671e364dddbac31f203f07b91be6b0a35e51936e5ebfab65b6d9538b83ff.01d4bacc.incomplete","write_offset":"None"},"filename":"/home/runner/work/xet-core/xet-core/xet_data/src/file_reconstruction/file_reconstructor.rs","line_number":121}
{"timestamp":"2026-07-28T03:54:31.609090Z","level":"INFO","fields":{"message":"Download group finish","group_id":"4"},"filename":"/home/runner/work/xet-core/xet-core/xet_pkg/src/xet_session/file_download_group.rs","line_number":306}
{"timestamp":"2026-07-28T03:54:31.610367Z","level":"INFO","fields":{"message":"Scheduling prefetch block","file_hash":"b63e855b8e4b66733438f476d33cce359708286954270f059c68f1aeda197920","prefetch_range":"(0, 256000000)","requested_block_size":256000000,"actual_block_size":256000000,"queue_depth":1},"filename":"/home/runner/work/xet-core/xet-core/xet_data/src/file_reconstruction/reconstruction_terms/manager.rs","line_number":272}
{"timestamp":"2026-07-28T03:54:31.610377Z","level":"INFO","fields":{"message":"Scheduling prefetch block","file_hash":"b63e855b8e4b66733438f476d33cce359708286954270f059c68f1aeda197920","prefetch_range":"(256000000, 768000000)","requested_block_size":512000000,"actual_block_size":512000000,"queue_depth":2},"filename":"/home/runner/work/xet-core/xet-core/xet_data/src/file_reconstruction/reconstruction_terms/manager.rs","line_number":272}
{"timestamp":"2026-07-28T03:54:31.610400Z","level":"INFO","fields":{"message":"Scheduling prefetch block","file_hash":"b63e855b8e4b66733438f476d33cce359708286954270f059c68f1aeda197920","prefetch_range":"(768000000, 1024000000)","requested_block_size":256000000,"actual_block_size":256000000,"queue_depth":3},"filename":"/home/runner/work/xet-core/xet-core/xet_data/src/file_reconstruction/reconstruction_terms/manager.rs","line_number":272}
{"timestamp":"2026-07-28T03:54:31.610415Z","level":"INFO","fields":{"message":"Starting get_reconstruction API call","call_id":10,"file_id":"b63e855b8e4b66733438f476d33cce359708286954270f059c68f1aeda197920","bytes_range":"Some(Range { start: 768000000, end: 1024000000 })","api_version":"v2"},"filename":"/home/runner/work/xet-core/xet-core/xet_client/src/cas_client/remote_client.rs","line_number":210}
{"timestamp":"2026-07-28T03:54:31.610420Z","level":"INFO","fields":{"message":"Retry strategy","max_attempts":5,"base_delay":"3s","no_retry_on_429":false},"filename":"/home/runner/work/xet-core/xet-core/xet_client/src/cas_client/retry_wrapper.rs","line_number":249}
{"timestamp":"2026-07-28T03:54:31.610429Z","level":"INFO","fields":{"message":"Retry strategy","max_attempts":5,"base_delay":"3s","no_retry_on_429":false},"filename":"/home/runner/work/xet-core/xet-core/xet_client/src/cas_client/retry_wrapper.rs","line_number":249}
{"timestamp":"2026-07-28T03:54:31.610438Z","level":"INFO","fields":{"message":"Starting get_reconstruction API call","call_id":11,"file_id":"b63e855b8e4b66733438f476d33cce359708286954270f059c68f1aeda197920","bytes_range":"Some(Range { start: 0, end: 256000000 })","api_version":"v2"},"filename":"/home/runner/work/xet-core/xet-core/xet_client/src/cas_client/remote_client.rs","line_number":210}
{"timestamp":"2026-07-28T03:54:31.610447Z","level":"INFO","fields":{"message":"Retry strategy","max_attempts":5,"base_delay":"3s","no_retry_on_429":false},"filename":"/home/runner/work/xet-core/xet-core/xet_client/src/cas_client/retry_wrapper.rs","line_number":249}
{"timestamp":"2026-07-28T03:54:31.610472Z","level":"INFO","fields":{"message":"Starting get_reconstruction API call","call_id":12,"file_id":"b63e855b8e4b66733438f476d33cce359708286954270f059c68f1aeda197920","bytes_range":"Some(Range { start: 256000000, end: 768000000 })","api_version":"v2"},"filename":"/home/runner/work/xet-core/xet-core/xet_client/src/cas_client/remote_client.rs","line_number":210}
{"timestamp":"2026-07-28T03:54:31.610477Z","level":"INFO","fields":{"message":"Retry strategy","max_attempts":5,"base_delay":"3s","no_retry_on_429":false},"filename":"/home/runner/work/xet-core/xet-core/xet_client/src/cas_client/retry_wrapper.rs","line_number":249}
{"timestamp":"2026-07-28T03:54:31.614311Z","level":"INFO","fields":{"message":"No-read-timeout HTTP client configured (for shard uploads)","connect_timeout":"60s"},"filename":"/home/runner/work/xet-core/xet-core/xet_client/src/common/http_client.rs","line_number":136}
{"timestamp":"2026-07-28T03:54:31.614320Z","level":"INFO","fields":{"message":"Initializing Adaptive Concurrency Controller for upload with starting concurrency = 2; min = 1, max = 64, min_bytes_for_adjustment = 20000000, min_completed_transmissions_for_adjustment = 1"},"filename":"/home/runner/work/xet-core/xet-core/xet_client/src/cas_client/adaptive_concurrency/controller.rs","line_number":301}
{"timestamp":"2026-07-28T03:54:31.614324Z","level":"INFO","fields":{"message":"Initializing Adaptive Concurrency Controller for download with starting concurrency = 4; min = 1, max = 64, min_bytes_for_adjustment = 20000000, min_completed_transmissions_for_adjustment = 1"},"filename":"/home/runner/work/xet-core/xet-core/xet_client/src/cas_client/adaptive_concurrency/controller.rs","line_number":301}
{"timestamp":"2026-07-28T03:54:31.614459Z","level":"INFO","fields":{"message":"New file download group, session_id=019fa6dc-1dde-7893-b0f4-d9195d13864d, group_id=5"},"filename":"/home/runner/work/xet-core/xet-core/xet_pkg/src/xet_session/file_download_group.rs","line_number":61}
{"timestamp":"2026-07-28T03:54:31.614487Z","level":"INFO","fields":{"message":"No-read-timeout HTTP client configured (for shard uploads)","connect_timeout":"60s"},"filename":"/home/runner/work/xet-core/xet-core/xet_client/src/common/http_client.rs","line_number":136}
{"timestamp":"2026-07-28T03:54:31.614493Z","level":"INFO","fields":{"message":"Initializing Adaptive Concurrency Controller for upload with starting concurrency = 2; min = 1, max = 64, min_bytes_for_adjustment = 20000000, min_completed_transmissions_for_adjustment = 1"},"filename":"/home/runner/work/xet-core/xet-core/xet_client/src/cas_client/adaptive_concurrency/controller.rs","line_number":301}
{"timestamp":"2026-07-28T03:54:31.614497Z","level":"INFO","fields":{"message":"Initializing Adaptive Concurrency Controller for download with starting concurrency = 4; min = 1, max = 64, min_bytes_for_adjustment = 20000000, min_completed_transmissions_for_adjustment = 1"},"filename":"/home/runner/work/xet-core/xet-core/xet_client/src/cas_client/adaptive_concurrency/controller.rs","line_number":301}
{"timestamp":"2026-07-28T03:54:31.614581Z","level":"INFO","fields":{"message":"New file download group, session_id=019fa6dc-1dde-7893-b0f4-d9195d13864d, group_id=6"},"filename":"/home/runner/work/xet-core/xet-core/xet_pkg/src/xet_session/file_download_group.rs","line_number":61}
{"timestamp":"2026-07-28T03:54:31.614624Z","level":"INFO","fields":{"message":"No-read-timeout HTTP client configured (for shard uploads)","connect_timeout":"60s"},"filename":"/home/runner/work/xet-core/xet-core/xet_client/src/common/http_client.rs","line_number":136}
{"timestamp":"2026-07-28T03:54:31.614630Z","level":"INFO","fields":{"message":"Initializing Adaptive Concurrency Controller for upload with starting concurrency = 2; min = 1, max = 64, min_bytes_for_adjustment = 20000000, min_completed_transmissions_for_adjustment = 1"},"filename":"/home/runner/work/xet-core/xet-core/xet_client/src/cas_client/adaptive_concurrency/controller.rs","line_number":301}
{"timestamp":"2026-07-28T03:54:31.614633Z","level":"INFO","fields":{"message":"Initializing Adaptive Concurrency Controller for download with starting concurrency = 4; min = 1, max = 64, min_bytes_for_adjustment = 20000000, min_completed_transmissions_for_adjustment = 1"},"filename":"/home/runner/work/xet-core/xet-core/xet_client/src/cas_client/adaptive_concurrency/controller.rs","line_number":301}
{"timestamp":"2026-07-28T03:54:31.614654Z","level":"INFO","fields":{"message":"Download file to path","group_id":"5","dest_path":"\"/app/backend/data/cache/embedding/models/models--sentence-transformers--all-MiniLM-L6-v2/blobs/4278337fd0ff3c68bfb6291042cad8ab363e1d9fbc43dcb499fe91c871902474.fee1b083.incomplete\"","hash":"35b363afb9df4b2003fa3154c65b08833ba4632fc938a11d5f0dcadd966dfe4a"},"filename":"/home/runner/work/xet-core/xet-core/xet_pkg/src/xet_session/file_download_group.rs","line_number":287}
{"timestamp":"2026-07-28T03:54:31.614694Z","level":"INFO","fields":{"message":"Reconstructing file to disk","file_hash":"35b363afb9df4b2003fa3154c65b08833ba4632fc938a11d5f0dcadd966dfe4a","byte_range":"None","path":"/app/backend/data/cache/embedding/models/models--sentence-transformers--all-MiniLM-L6-v2/blobs/4278337fd0ff3c68bfb6291042cad8ab363e1d9fbc43dcb499fe91c871902474.fee1b083.incomplete","write_offset":"None"},"filename":"/home/runner/work/xet-core/xet-core/xet_data/src/file_reconstruction/file_reconstructor.rs","line_number":121}
{"timestamp":"2026-07-28T03:54:31.614707Z","level":"INFO","fields":{"message":"New file download group, session_id=019fa6dc-1dde-7893-b0f4-d9195d13864d, group_id=7"},"filename":"/home/runner/work/xet-core/xet-core/xet_pkg/src/xet_session/file_download_group.rs","line_number":61}
{"timestamp":"2026-07-28T03:54:31.614836Z","level":"INFO","fields":{"message":"Download file to path","group_id":"6","dest_path":"\"/app/backend/data/cache/embedding/models/models--sentence-transformers--all-MiniLM-L6-v2/blobs/1667d7f3ba669048b13a96ee3a44456d5e42c8f44588ae8b603430e16160c485.48b9fb49.incomplete\"","hash":"97c0cbab0dbbb7921fe6ea37b56d165265205edd81ae3cf7a85155649efc7cb8"},"filename":"/home/runner/work/xet-core/xet-core/xet_pkg/src/xet_session/file_download_group.rs","line_number":287}
{"timestamp":"2026-07-28T03:54:31.614924Z","level":"INFO","fields":{"message":"Reconstructing file to disk","file_hash":"97c0cbab0dbbb7921fe6ea37b56d165265205edd81ae3cf7a85155649efc7cb8","byte_range":"None","path":"/app/backend/data/cache/embedding/models/models--sentence-transformers--all-MiniLM-L6-v2/blobs/1667d7f3ba669048b13a96ee3a44456d5e42c8f44588ae8b603430e16160c485.48b9fb49.incomplete","write_offset":"None"},"filename":"/home/runner/work/xet-core/xet-core/xet_data/src/file_reconstruction/file_reconstructor.rs","line_number":121}
{"timestamp":"2026-07-28T03:54:31.615185Z","level":"INFO","fields":{"message":"Download group finish","group_id":"5"},"filename":"/home/runner/work/xet-core/xet-core/xet_pkg/src/xet_session/file_download_group.rs","line_number":306}
{"timestamp":"2026-07-28T03:54:31.615217Z","level":"INFO","fields":{"message":"Download file to path","group_id":"7","dest_path":"\"/app/backend/data/cache/embedding/models/models--sentence-transformers--all-MiniLM-L6-v2/blobs/6fd5d72fe4589f189f8ebc006442dbb529bb7ce38f8082112682524616046452.adb79b56.incomplete\"","hash":"f6041cb139310735d267939642554a0199a828a08edc37b0ddaf3b035eea5df4"},"filename":"/home/runner/work/xet-core/xet-core/xet_pkg/src/xet_session/file_download_group.rs","line_number":287}
{"timestamp":"2026-07-28T03:54:31.615310Z","level":"INFO","fields":{"message":"Reconstructing file to disk","file_hash":"f6041cb139310735d267939642554a0199a828a08edc37b0ddaf3b035eea5df4","byte_range":"None","path":"/app/backend/data/cache/embedding/models/models--sentence-transformers--all-MiniLM-L6-v2/blobs/6fd5d72fe4589f189f8ebc006442dbb529bb7ce38f8082112682524616046452.adb79b56.incomplete","write_offset":"None"},"filename":"/home/runner/work/xet-core/xet-core/xet_data/src/file_reconstruction/file_reconstructor.rs","line_number":121}
{"timestamp":"2026-07-28T03:54:31.615538Z","level":"INFO","fields":{"message":"Download group finish","group_id":"6"},"filename":"/home/runner/work/xet-core/xet-core/xet_pkg/src/xet_session/file_download_group.rs","line_number":306}
{"timestamp":"2026-07-28T03:54:31.615692Z","level":"INFO","fields":{"message":"Download group finish","group_id":"7"},"filename":"/home/runner/work/xet-core/xet-core/xet_pkg/src/xet_session/file_download_group.rs","line_number":306}
{"timestamp":"2026-07-28T03:54:31.616587Z","level":"INFO","fields":{"message":"Scheduling prefetch block","file_hash":"35b363afb9df4b2003fa3154c65b08833ba4632fc938a11d5f0dcadd966dfe4a","prefetch_range":"(0, 256000000)","requested_block_size":256000000,"actual_block_size":256000000,"queue_depth":1},"filename":"/home/runner/work/xet-core/xet-core/xet_data/src/file_reconstruction/reconstruction_terms/manager.rs","line_number":272}
{"timestamp":"2026-07-28T03:54:31.616599Z","level":"INFO","fields":{"message":"Scheduling prefetch block","file_hash":"35b363afb9df4b2003fa3154c65b08833ba4632fc938a11d5f0dcadd966dfe4a","prefetch_range":"(256000000, 768000000)","requested_block_size":512000000,"actual_block_size":512000000,"queue_depth":2},"filename":"/home/runner/work/xet-core/xet-core/xet_data/src/file_reconstruction/reconstruction_terms/manager.rs","line_number":272}
{"timestamp":"2026-07-28T03:54:31.616622Z","level":"INFO","fields":{"message":"Scheduling prefetch block","file_hash":"35b363afb9df4b2003fa3154c65b08833ba4632fc938a11d5f0dcadd966dfe4a","prefetch_range":"(768000000, 1024000000)","requested_block_size":256000000,"actual_block_size":256000000,"queue_depth":3},"filename":"/home/runner/work/xet-core/xet-core/xet_data/src/file_reconstruction/reconstruction_terms/manager.rs","line_number":272}
{"timestamp":"2026-07-28T03:54:31.616645Z","level":"INFO","fields":{"message":"Starting get_reconstruction API call","call_id":13,"file_id":"35b363afb9df4b2003fa3154c65b08833ba4632fc938a11d5f0dcadd966dfe4a","bytes_range":"Some(Range { start: 768000000, end: 1024000000 })","api_version":"v2"},"filename":"/home/runner/work/xet-core/xet-core/xet_client/src/cas_client/remote_client.rs","line_number":210}
{"timestamp":"2026-07-28T03:54:31.616654Z","level":"INFO","fields":{"message":"Retry strategy","max_attempts":5,"base_delay":"3s","no_retry_on_429":false},"filename":"/home/runner/work/xet-core/xet-core/xet_client/src/cas_client/retry_wrapper.rs","line_number":249}
{"timestamp":"2026-07-28T03:54:31.616664Z","level":"INFO","fields":{"message":"Starting get_reconstruction API call","call_id":14,"file_id":"35b363afb9df4b2003fa3154c65b08833ba4632fc938a11d5f0dcadd966dfe4a","bytes_range":"Some(Range { start: 0, end: 256000000 })","api_version":"v2"},"filename":"/home/runner/work/xet-core/xet-core/xet_client/src/cas_client/remote_client.rs","line_number":210}
{"timestamp":"2026-07-28T03:54:31.616669Z","level":"INFO","fields":{"message":"Retry strategy","max_attempts":5,"base_delay":"3s","no_retry_on_429":false},"filename":"/home/runner/work/xet-core/xet-core/xet_client/src/cas_client/retry_wrapper.rs","line_number":249}
{"timestamp":"2026-07-28T03:54:31.616668Z","level":"INFO","fields":{"message":"Retry strategy","max_attempts":5,"base_delay":"3s","no_retry_on_429":false},"filename":"/home/runner/work/xet-core/xet-core/xet_client/src/cas_client/retry_wrapper.rs","line_number":249}
{"timestamp":"2026-07-28T03:54:31.616696Z","level":"INFO","fields":{"message":"Starting get_reconstruction API call","call_id":15,"file_id":"35b363afb9df4b2003fa3154c65b08833ba4632fc938a11d5f0dcadd966dfe4a","bytes_range":"Some(Range { start: 256000000, end: 768000000 })","api_version":"v2"},"filename":"/home/runner/work/xet-core/xet-core/xet_client/src/cas_client/remote_client.rs","line_number":210}
{"timestamp":"2026-07-28T03:54:31.616709Z","level":"INFO","fields":{"message":"Retry strategy","max_attempts":5,"base_delay":"3s","no_retry_on_429":false},"filename":"/home/runner/work/xet-core/xet-core/xet_client/src/cas_client/retry_wrapper.rs","line_number":249}
{"timestamp":"2026-07-28T03:54:31.616754Z","level":"INFO","fields":{"message":"Scheduling prefetch block","file_hash":"97c0cbab0dbbb7921fe6ea37b56d165265205edd81ae3cf7a85155649efc7cb8","prefetch_range":"(0, 256000000)","requested_block_size":256000000,"actual_block_size":256000000,"queue_depth":1},"filename":"/home/runner/work/xet-core/xet-core/xet_data/src/file_reconstruction/reconstruction_terms/manager.rs","line_number":272}
{"timestamp":"2026-07-28T03:54:31.616761Z","level":"INFO","fields":{"message":"Scheduling prefetch block","file_hash":"97c0cbab0dbbb7921fe6ea37b56d165265205edd81ae3cf7a85155649efc7cb8","prefetch_range":"(256000000, 768000000)","requested_block_size":512000000,"actual_block_size":512000000,"queue_depth":2},"filename":"/home/runner/work/xet-core/xet-core/xet_data/src/file_reconstruction/reconstruction_terms/manager.rs","line_number":272}
{"timestamp":"2026-07-28T03:54:31.616780Z","level":"INFO","fields":{"message":"Scheduling prefetch block","file_hash":"97c0cbab0dbbb7921fe6ea37b56d165265205edd81ae3cf7a85155649efc7cb8","prefetch_range":"(768000000, 1024000000)","requested_block_size":256000000,"actual_block_size":256000000,"queue_depth":3},"filename":"/home/runner/work/xet-core/xet-core/xet_data/src/file_reconstruction/reconstruction_terms/manager.rs","line_number":272}
{"timestamp":"2026-07-28T03:54:31.616791Z","level":"INFO","fields":{"message":"Starting get_reconstruction API call","call_id":16,"file_id":"97c0cbab0dbbb7921fe6ea37b56d165265205edd81ae3cf7a85155649efc7cb8","bytes_range":"Some(Range { start: 768000000, end: 1024000000 })","api_version":"v2"},"filename":"/home/runner/work/xet-core/xet-core/xet_client/src/cas_client/remote_client.rs","line_number":210}
{"timestamp":"2026-07-28T03:54:31.616795Z","level":"INFO","fields":{"message":"Retry strategy","max_attempts":5,"base_delay":"3s","no_retry_on_429":false},"filename":"/home/runner/work/xet-core/xet-core/xet_client/src/cas_client/retry_wrapper.rs","line_number":249}
{"timestamp":"2026-07-28T03:54:31.616804Z","level":"INFO","fields":{"message":"Retry strategy","max_attempts":5,"base_delay":"3s","no_retry_on_429":false},"filename":"/home/runner/work/xet-core/xet-core/xet_client/src/cas_client/retry_wrapper.rs","line_number":249}
{"timestamp":"2026-07-28T03:54:31.616805Z","level":"INFO","fields":{"message":"Starting get_reconstruction API call","call_id":17,"file_id":"97c0cbab0dbbb7921fe6ea37b56d165265205edd81ae3cf7a85155649efc7cb8","bytes_range":"Some(Range { start: 256000000, end: 768000000 })","api_version":"v2"},"filename":"/home/runner/work/xet-core/xet-core/xet_client/src/cas_client/remote_client.rs","line_number":210}
{"timestamp":"2026-07-28T03:54:31.616812Z","level":"INFO","fields":{"message":"Retry strategy","max_attempts":5,"base_delay":"3s","no_retry_on_429":false},"filename":"/home/runner/work/xet-core/xet-core/xet_client/src/cas_client/retry_wrapper.rs","line_number":249}
{"timestamp":"2026-07-28T03:54:31.616821Z","level":"INFO","fields":{"message":"Starting get_reconstruction API call","call_id":18,"file_id":"97c0cbab0dbbb7921fe6ea37b56d165265205edd81ae3cf7a85155649efc7cb8","bytes_range":"Some(Range { start: 0, end: 256000000 })","api_version":"v2"},"filename":"/home/runner/work/xet-core/xet-core/xet_client/src/cas_client/remote_client.rs","line_number":210}
{"timestamp":"2026-07-28T03:54:31.616826Z","level":"INFO","fields":{"message":"Retry strategy","max_attempts":5,"base_delay":"3s","no_retry_on_429":false},"filename":"/home/runner/work/xet-core/xet-core/xet_client/src/cas_client/retry_wrapper.rs","line_number":249}
{"timestamp":"2026-07-28T03:54:31.616887Z","level":"INFO","fields":{"message":"Scheduling prefetch block","file_hash":"f6041cb139310735d267939642554a0199a828a08edc37b0ddaf3b035eea5df4","prefetch_range":"(0, 256000000)","requested_block_size":256000000,"actual_block_size":256000000,"queue_depth":1},"filename":"/home/runner/work/xet-core/xet-core/xet_data/src/file_reconstruction/reconstruction_terms/manager.rs","line_number":272}
{"timestamp":"2026-07-28T03:54:31.616893Z","level":"INFO","fields":{"message":"Scheduling prefetch block","file_hash":"f6041cb139310735d267939642554a0199a828a08edc37b0ddaf3b035eea5df4","prefetch_range":"(256000000, 768000000)","requested_block_size":512000000,"actual_block_size":512000000,"queue_depth":2},"filename":"/home/runner/work/xet-core/xet-core/xet_data/src/file_reconstruction/reconstruction_terms/manager.rs","line_number":272}
{"timestamp":"2026-07-28T03:54:31.616900Z","level":"INFO","fields":{"message":"Scheduling prefetch block","file_hash":"f6041cb139310735d267939642554a0199a828a08edc37b0ddaf3b035eea5df4","prefetch_range":"(768000000, 1024000000)","requested_block_size":256000000,"actual_block_size":256000000,"queue_depth":3},"filename":"/home/runner/work/xet-core/xet-core/xet_data/src/file_reconstruction/reconstruction_terms/manager.rs","line_number":272}
{"timestamp":"2026-07-28T03:54:31.616908Z","level":"INFO","fields":{"message":"Starting get_reconstruction API call","call_id":19,"file_id":"f6041cb139310735d267939642554a0199a828a08edc37b0ddaf3b035eea5df4","bytes_range":"Some(Range { start: 768000000, end: 1024000000 })","api_version":"v2"},"filename":"/home/runner/work/xet-core/xet-core/xet_client/src/cas_client/remote_client.rs","line_number":210}
{"timestamp":"2026-07-28T03:54:31.616912Z","level":"INFO","fields":{"message":"Retry strategy","max_attempts":5,"base_delay":"3s","no_retry_on_429":false},"filename":"/home/runner/work/xet-core/xet-core/xet_client/src/cas_client/retry_wrapper.rs","line_number":249}
{"timestamp":"2026-07-28T03:54:31.616918Z","level":"INFO","fields":{"message":"Retry strategy","max_attempts":5,"base_delay":"3s","no_retry_on_429":false},"filename":"/home/runner/work/xet-core/xet-core/xet_client/src/cas_client/retry_wrapper.rs","line_number":249}
{"timestamp":"2026-07-28T03:54:31.616931Z","level":"INFO","fields":{"message":"Starting get_reconstruction API call","call_id":20,"file_id":"f6041cb139310735d267939642554a0199a828a08edc37b0ddaf3b035eea5df4","bytes_range":"Some(Range { start: 0, end: 256000000 })","api_version":"v2"},"filename":"/home/runner/work/xet-core/xet-core/xet_client/src/cas_client/remote_client.rs","line_number":210}
{"timestamp":"2026-07-28T03:54:31.616937Z","level":"INFO","fields":{"message":"Retry strategy","max_attempts":5,"base_delay":"3s","no_retry_on_429":false},"filename":"/home/runner/work/xet-core/xet-core/xet_client/src/cas_client/retry_wrapper.rs","line_number":249}
{"timestamp":"2026-07-28T03:54:31.616970Z","level":"INFO","fields":{"message":"Starting get_reconstruction API call","call_id":21,"file_id":"f6041cb139310735d267939642554a0199a828a08edc37b0ddaf3b035eea5df4","bytes_range":"Some(Range { start: 256000000, end: 768000000 })","api_version":"v2"},"filename":"/home/runner/work/xet-core/xet-core/xet_client/src/cas_client/remote_client.rs","line_number":210}
{"timestamp":"2026-07-28T03:54:31.616975Z","level":"INFO","fields":{"message":"Retry strategy","max_attempts":5,"base_delay":"3s","no_retry_on_429":false},"filename":"/home/runner/work/xet-core/xet-core/xet_client/src/cas_client/retry_wrapper.rs","line_number":249}
{"timestamp":"2026-07-28T03:54:31.641680Z","level":"INFO","fields":{"message":"Received CAS response","request_id":"Root=1-6a674f59-06a3b45f409687883cf6a2fc","status_code":200},"filename":"/home/runner/work/xet-core/xet-core/xet_client/src/common/http_client.rs","line_number":288}
{"timestamp":"2026-07-28T03:54:31.641701Z","level":"INFO","fields":{"message":"Request Success: xet-token api call succeeded (request id Root=1-6a674f59-06a3b45f409687883cf6a2fc)."},"filename":"/home/runner/work/xet-core/xet-core/xet_client/src/cas_client/retry_wrapper.rs","line_number":210}
{"timestamp":"2026-07-28T03:54:31.641719Z","level":"INFO","fields":{"message":"Token refreshed","new_expiry":1785156317},"filename":"/home/runner/work/xet-core/xet-core/xet_client/src/cas_client/auth.rs","line_number":208}
{"timestamp":"2026-07-28T03:54:31.642060Z","level":"INFO","fields":{"message":"Retry strategy","max_attempts":5,"base_delay":"3s","no_retry_on_429":false},"filename":"/home/runner/work/xet-core/xet-core/xet_client/src/cas_client/retry_wrapper.rs","line_number":249}
{"timestamp":"2026-07-28T03:54:31.734762Z","level":"INFO","fields":{"message":"Received CAS response","request_id":"Root=1-6a674f59-6da39f631c2b825e5fab6fce","status_code":200},"filename":"/home/runner/work/xet-core/xet-core/xet_client/src/common/http_client.rs","line_number":288}
{"timestamp":"2026-07-28T03:54:31.734797Z","level":"INFO","fields":{"message":"Request Success: xet-token api call succeeded (request id Root=1-6a674f59-6da39f631c2b825e5fab6fce)."},"filename":"/home/runner/work/xet-core/xet-core/xet_client/src/cas_client/retry_wrapper.rs","line_number":210}
{"timestamp":"2026-07-28T03:54:31.734814Z","level":"INFO","fields":{"message":"Token refreshed","new_expiry":1785156317},"filename":"/home/runner/work/xet-core/xet-core/xet_client/src/cas_client/auth.rs","line_number":208}
{"timestamp":"2026-07-28T03:54:31.734897Z","level":"INFO","fields":{"message":"Retry strategy","max_attempts":5,"base_delay":"3s","no_retry_on_429":false},"filename":"/home/runner/work/xet-core/xet-core/xet_client/src/cas_client/retry_wrapper.rs","line_number":249}
{"timestamp":"2026-07-28T03:54:31.740238Z","level":"INFO","fields":{"message":"Received CAS response","request_id":"Root=1-6a674f59-307d6e3b6905f0572a44aff5","status_code":200},"filename":"/home/runner/work/xet-core/xet-core/xet_client/src/common/http_client.rs","line_number":288}
{"timestamp":"2026-07-28T03:54:31.740263Z","level":"INFO","fields":{"message":"Request Success: xet-token api call succeeded (request id Root=1-6a674f59-307d6e3b6905f0572a44aff5)."},"filename":"/home/runner/work/xet-core/xet-core/xet_client/src/cas_client/retry_wrapper.rs","line_number":210}
{"timestamp":"2026-07-28T03:54:31.740274Z","level":"INFO","fields":{"message":"Token refreshed","new_expiry":1785156317},"filename":"/home/runner/work/xet-core/xet-core/xet_client/src/cas_client/auth.rs","line_number":208}
{"timestamp":"2026-07-28T03:54:31.740339Z","level":"INFO","fields":{"message":"Retry strategy","max_attempts":5,"base_delay":"3s","no_retry_on_429":false},"filename":"/home/runner/work/xet-core/xet-core/xet_client/src/cas_client/retry_wrapper.rs","line_number":249}
{"timestamp":"2026-07-28T03:54:31.742312Z","level":"INFO","fields":{"message":"Received CAS response","request_id":"Root=1-6a674f59-039a04a161c5dcbe750cbec5","status_code":200},"filename":"/home/runner/work/xet-core/xet-core/xet_client/src/common/http_client.rs","line_number":288}
{"timestamp":"2026-07-28T03:54:31.742350Z","level":"INFO","fields":{"message":"Request Success: xet-token api call succeeded (request id Root=1-6a674f59-039a04a161c5dcbe750cbec5)."},"filename":"/home/runner/work/xet-core/xet-core/xet_client/src/cas_client/retry_wrapper.rs","line_number":210}
{"timestamp":"2026-07-28T03:54:31.742360Z","level":"INFO","fields":{"message":"Token refreshed","new_expiry":1785156317},"filename":"/home/runner/work/xet-core/xet-core/xet_client/src/cas_client/auth.rs","line_number":208}
{"timestamp":"2026-07-28T03:54:31.742444Z","level":"INFO","fields":{"message":"Retry strategy","max_attempts":5,"base_delay":"3s","no_retry_on_429":false},"filename":"/home/runner/work/xet-core/xet-core/xet_client/src/cas_client/retry_wrapper.rs","line_number":249}
{"timestamp":"2026-07-28T03:54:31.742451Z","level":"INFO","fields":{"message":"Received CAS response","request_id":"Root=1-6a674f59-4b17549f4be4bcd52eeafb0a","status_code":200},"filename":"/home/runner/work/xet-core/xet-core/xet_client/src/common/http_client.rs","line_number":288}
{"timestamp":"2026-07-28T03:54:31.742458Z","level":"INFO","fields":{"message":"Request Success: xet-token api call succeeded (request id Root=1-6a674f59-4b17549f4be4bcd52eeafb0a)."},"filename":"/home/runner/work/xet-core/xet-core/xet_client/src/cas_client/retry_wrapper.rs","line_number":210}
{"timestamp":"2026-07-28T03:54:31.742466Z","level":"INFO","fields":{"message":"Token refreshed","new_expiry":1785156317},"filename":"/home/runner/work/xet-core/xet-core/xet_client/src/cas_client/auth.rs","line_number":208}
{"timestamp":"2026-07-28T03:54:31.742484Z","level":"INFO","fields":{"message":"Received CAS response","request_id":"Root=1-6a674f59-2d6c1ec60daceb3f53b2e93a","status_code":200},"filename":"/home/runner/work/xet-core/xet-core/xet_client/src/common/http_client.rs","line_number":288}
{"timestamp":"2026-07-28T03:54:31.742491Z","level":"INFO","fields":{"message":"Request Success: xet-token api call succeeded (request id Root=1-6a674f59-2d6c1ec60daceb3f53b2e93a)."},"filename":"/home/runner/work/xet-core/xet-core/xet_client/src/cas_client/retry_wrapper.rs","line_number":210}
{"timestamp":"2026-07-28T03:54:31.742500Z","level":"INFO","fields":{"message":"Token refreshed","new_expiry":1785156317},"filename":"/home/runner/work/xet-core/xet-core/xet_client/src/cas_client/auth.rs","line_number":208}
{"timestamp":"2026-07-28T03:54:31.742666Z","level":"INFO","fields":{"message":"Retry strategy","max_attempts":5,"base_delay":"3s","no_retry_on_429":false},"filename":"/home/runner/work/xet-core/xet-core/xet_client/src/cas_client/retry_wrapper.rs","line_number":249}
{"timestamp":"2026-07-28T03:54:31.742857Z","level":"INFO","fields":{"message":"Retry strategy","max_attempts":5,"base_delay":"3s","no_retry_on_429":false},"filename":"/home/runner/work/xet-core/xet-core/xet_client/src/cas_client/retry_wrapper.rs","line_number":249}
{"timestamp":"2026-07-28T03:54:31.746633Z","level":"INFO","fields":{"message":"Received CAS response","request_id":"Root=1-6a674f59-079645445671ab4b53aa685a","status_code":200},"filename":"/home/runner/work/xet-core/xet-core/xet_client/src/common/http_client.rs","line_number":288}
{"timestamp":"2026-07-28T03:54:31.746643Z","level":"INFO","fields":{"message":"Request Success: xet-token api call succeeded (request id Root=1-6a674f59-079645445671ab4b53aa685a)."},"filename":"/home/runner/work/xet-core/xet-core/xet_client/src/cas_client/retry_wrapper.rs","line_number":210}
{"timestamp":"2026-07-28T03:54:31.746654Z","level":"INFO","fields":{"message":"Token refreshed","new_expiry":1785156317},"filename":"/home/runner/work/xet-core/xet-core/xet_client/src/cas_client/auth.rs","line_number":208}
{"timestamp":"2026-07-28T03:54:31.746731Z","level":"INFO","fields":{"message":"Retry strategy","max_attempts":5,"base_delay":"3s","no_retry_on_429":false},"filename":"/home/runner/work/xet-core/xet-core/xet_client/src/cas_client/retry_wrapper.rs","line_number":249}
{"timestamp":"2026-07-28T03:54:31.769675Z","level":"INFO","fields":{"message":"Received CAS response","request_id":"Root=1-6a674f59-73df23dc2d150c015713a948","status_code":200},"filename":"/home/runner/work/xet-core/xet-core/xet_client/src/common/http_client.rs","line_number":288}
{"timestamp":"2026-07-28T03:54:31.769705Z","level":"INFO","fields":{"message":"Request Success: xet-token api call succeeded (request id Root=1-6a674f59-73df23dc2d150c015713a948)."},"filename":"/home/runner/work/xet-core/xet-core/xet_client/src/cas_client/retry_wrapper.rs","line_number":210}
{"timestamp":"2026-07-28T03:54:31.769718Z","level":"INFO","fields":{"message":"Token refreshed","new_expiry":1785156317},"filename":"/home/runner/work/xet-core/xet-core/xet_client/src/cas_client/auth.rs","line_number":208}
{"timestamp":"2026-07-28T03:54:31.769787Z","level":"INFO","fields":{"message":"Retry strategy","max_attempts":5,"base_delay":"3s","no_retry_on_429":false},"filename":"/home/runner/work/xet-core/xet-core/xet_client/src/cas_client/retry_wrapper.rs","line_number":249}
{"timestamp":"2026-07-28T03:54:31.867121Z","level":"INFO","fields":{"message":"Received CAS response","request_id":"Root=1-6a674f59-06b9f0de20edfaf85be5615e","status_code":200},"filename":"/home/runner/work/xet-core/xet-core/xet_client/src/common/http_client.rs","line_number":288}
{"timestamp":"2026-07-28T03:54:31.867176Z","level":"INFO","fields":{"message":"Request Success: xet-token api call succeeded (request id Root=1-6a674f59-06b9f0de20edfaf85be5615e)."},"filename":"/home/runner/work/xet-core/xet-core/xet_client/src/cas_client/retry_wrapper.rs","line_number":210}
{"timestamp":"2026-07-28T03:54:31.867199Z","level":"INFO","fields":{"message":"Token refreshed","new_expiry":1785156317},"filename":"/home/runner/work/xet-core/xet-core/xet_client/src/cas_client/auth.rs","line_number":208}
{"timestamp":"2026-07-28T03:54:31.867330Z","level":"INFO","fields":{"message":"Retry strategy","max_attempts":5,"base_delay":"3s","no_retry_on_429":false},"filename":"/home/runner/work/xet-core/xet-core/xet_client/src/cas_client/retry_wrapper.rs","line_number":249}
{"timestamp":"2026-07-28T03:54:31.869562Z","level":"INFO","fields":{"message":"Received CAS response","request_id":"Root=1-6a674f59-4cf7047b72e21744234384f6","status_code":200},"filename":"/home/runner/work/xet-core/xet-core/xet_client/src/common/http_client.rs","line_number":288}
{"timestamp":"2026-07-28T03:54:31.869602Z","level":"INFO","fields":{"message":"Request Success: xet-token api call succeeded (request id Root=1-6a674f59-4cf7047b72e21744234384f6)."},"filename":"/home/runner/work/xet-core/xet-core/xet_client/src/cas_client/retry_wrapper.rs","line_number":210}
{"timestamp":"2026-07-28T03:54:31.869666Z","level":"INFO","fields":{"message":"Received CAS response","request_id":"Root=1-6a674f59-33d820d1769a6de13657cfd1","status_code":200},"filename":"/home/runner/work/xet-core/xet-core/xet_client/src/common/http_client.rs","line_number":288}
{"timestamp":"2026-07-28T03:54:31.869671Z","level":"INFO","fields":{"message":"Token refreshed","new_expiry":1785156317},"filename":"/home/runner/work/xet-core/xet-core/xet_client/src/cas_client/auth.rs","line_number":208}
{"timestamp":"2026-07-28T03:54:31.869674Z","level":"INFO","fields":{"message":"Request Success: xet-token api call succeeded (request id Root=1-6a674f59-33d820d1769a6de13657cfd1)."},"filename":"/home/runner/work/xet-core/xet-core/xet_client/src/cas_client/retry_wrapper.rs","line_number":210}
{"timestamp":"2026-07-28T03:54:31.869684Z","level":"INFO","fields":{"message":"Token refreshed","new_expiry":1785156317},"filename":"/home/runner/work/xet-core/xet-core/xet_client/src/cas_client/auth.rs","line_number":208}
{"timestamp":"2026-07-28T03:54:31.869771Z","level":"INFO","fields":{"message":"Retry strategy","max_attempts":5,"base_delay":"3s","no_retry_on_429":false},"filename":"/home/runner/work/xet-core/xet-core/xet_client/src/cas_client/retry_wrapper.rs","line_number":249}
{"timestamp":"2026-07-28T03:54:31.869899Z","level":"INFO","fields":{"message":"Received CAS response","request_id":"Root=1-6a674f59-6e2435a61d06031169d7c348","status_code":200},"filename":"/home/runner/work/xet-core/xet-core/xet_client/src/common/http_client.rs","line_number":288}
{"timestamp":"2026-07-28T03:54:31.869907Z","level":"INFO","fields":{"message":"Received CAS response","request_id":"Root=1-6a674f59-5f9eb19951284dae1ffa3aab","status_code":200},"filename":"/home/runner/work/xet-core/xet-core/xet_client/src/common/http_client.rs","line_number":288}
{"timestamp":"2026-07-28T03:54:31.869910Z","level":"INFO","fields":{"message":"Request Success: xet-token api call succeeded (request id Root=1-6a674f59-6e2435a61d06031169d7c348)."},"filename":"/home/runner/work/xet-core/xet-core/xet_client/src/cas_client/retry_wrapper.rs","line_number":210}
{"timestamp":"2026-07-28T03:54:31.869913Z","level":"INFO","fields":{"message":"Request Success: xet-token api call succeeded (request id Root=1-6a674f59-5f9eb19951284dae1ffa3aab)."},"filename":"/home/runner/work/xet-core/xet-core/xet_client/src/cas_client/retry_wrapper.rs","line_number":210}
{"timestamp":"2026-07-28T03:54:31.869922Z","level":"INFO","fields":{"message":"Token refreshed","new_expiry":1785156317},"filename":"/home/runner/work/xet-core/xet-core/xet_client/src/cas_client/auth.rs","line_number":208}
{"timestamp":"2026-07-28T03:54:31.869923Z","level":"INFO","fields":{"message":"Token refreshed","new_expiry":1785156317},"filename":"/home/runner/work/xet-core/xet-core/xet_client/src/cas_client/auth.rs","line_number":208}
{"timestamp":"2026-07-28T03:54:31.869990Z","level":"INFO","fields":{"message":"Retry strategy","max_attempts":5,"base_delay":"3s","no_retry_on_429":false},"filename":"/home/runner/work/xet-core/xet-core/xet_client/src/cas_client/retry_wrapper.rs","line_number":249}
{"timestamp":"2026-07-28T03:54:31.870127Z","level":"INFO","fields":{"message":"Retry strategy","max_attempts":5,"base_delay":"3s","no_retry_on_429":false},"filename":"/home/runner/work/xet-core/xet-core/xet_client/src/cas_client/retry_wrapper.rs","line_number":249}
{"timestamp":"2026-07-28T03:54:31.870291Z","level":"INFO","fields":{"message":"Retry strategy","max_attempts":5,"base_delay":"3s","no_retry_on_429":false},"filename":"/home/runner/work/xet-core/xet-core/xet_client/src/cas_client/retry_wrapper.rs","line_number":249}
{"timestamp":"2026-07-28T03:54:31.878459Z","level":"INFO","fields":{"message":"Received CAS response","request_id":"Root=1-6a674f59-6ef8cfdf56a478dc1067a5e7","status_code":200},"filename":"/home/runner/work/xet-core/xet-core/xet_client/src/common/http_client.rs","line_number":288}
{"timestamp":"2026-07-28T03:54:31.878498Z","level":"INFO","fields":{"message":"Request Success: xet-token api call succeeded (request id Root=1-6a674f59-6ef8cfdf56a478dc1067a5e7)."},"filename":"/home/runner/work/xet-core/xet-core/xet_client/src/cas_client/retry_wrapper.rs","line_number":210}
{"timestamp":"2026-07-28T03:54:31.878516Z","level":"INFO","fields":{"message":"Token refreshed","new_expiry":1785156317},"filename":"/home/runner/work/xet-core/xet-core/xet_client/src/cas_client/auth.rs","line_number":208}
{"timestamp":"2026-07-28T03:54:31.878627Z","level":"INFO","fields":{"message":"Retry strategy","max_attempts":5,"base_delay":"3s","no_retry_on_429":false},"filename":"/home/runner/work/xet-core/xet-core/xet_client/src/cas_client/retry_wrapper.rs","line_number":249}
{"timestamp":"2026-07-28T03:54:31.896182Z","level":"INFO","fields":{"message":"Received CAS response","request_id":"Root=1-6a674f59-778df3e10177cffc554dfa11","status_code":200},"filename":"/home/runner/work/xet-core/xet-core/xet_client/src/common/http_client.rs","line_number":288}
{"timestamp":"2026-07-28T03:54:31.896223Z","level":"INFO","fields":{"message":"Request Success: xet-token api call succeeded (request id Root=1-6a674f59-778df3e10177cffc554dfa11)."},"filename":"/home/runner/work/xet-core/xet-core/xet_client/src/cas_client/retry_wrapper.rs","line_number":210}
{"timestamp":"2026-07-28T03:54:31.896242Z","level":"INFO","fields":{"message":"Token refreshed","new_expiry":1785156317},"filename":"/home/runner/work/xet-core/xet-core/xet_client/src/cas_client/auth.rs","line_number":208}
{"timestamp":"2026-07-28T03:54:31.994558Z","level":"INFO","fields":{"message":"Received CAS response","request_id":"Root=1-6a674f59-7deb470a26eefc7e7b3fa7c3","status_code":200},"filename":"/home/runner/work/xet-core/xet-core/xet_client/src/common/http_client.rs","line_number":288}
{"timestamp":"2026-07-28T03:54:31.994590Z","level":"INFO","fields":{"message":"Request Success: xet-token api call succeeded (request id Root=1-6a674f59-7deb470a26eefc7e7b3fa7c3)."},"filename":"/home/runner/work/xet-core/xet-core/xet_client/src/cas_client/retry_wrapper.rs","line_number":210}
{"timestamp":"2026-07-28T03:54:31.994603Z","level":"INFO","fields":{"message":"Token refreshed","new_expiry":1785156317},"filename":"/home/runner/work/xet-core/xet-core/xet_client/src/cas_client/auth.rs","line_number":208}
{"timestamp":"2026-07-28T03:54:31.997116Z","level":"INFO","fields":{"message":"Received CAS response","request_id":"Root=1-6a674f59-17a5e18c011d7be611dd9334","status_code":200},"filename":"/home/runner/work/xet-core/xet-core/xet_client/src/common/http_client.rs","line_number":288}
{"timestamp":"2026-07-28T03:54:31.997143Z","level":"INFO","fields":{"message":"Request Success: xet-token api call succeeded (request id Root=1-6a674f59-17a5e18c011d7be611dd9334)."},"filename":"/home/runner/work/xet-core/xet-core/xet_client/src/cas_client/retry_wrapper.rs","line_number":210}
{"timestamp":"2026-07-28T03:54:31.997154Z","level":"INFO","fields":{"message":"Token refreshed","new_expiry":1785156317},"filename":"/home/runner/work/xet-core/xet-core/xet_client/src/cas_client/auth.rs","line_number":208}
{"timestamp":"2026-07-28T03:54:31.997322Z","level":"INFO","fields":{"message":"Received CAS response","request_id":"Root=1-6a674f59-2d02efff3e416416757783d8","status_code":200},"filename":"/home/runner/work/xet-core/xet-core/xet_client/src/common/http_client.rs","line_number":288}
{"timestamp":"2026-07-28T03:54:31.997329Z","level":"INFO","fields":{"message":"Request Success: xet-token api call succeeded (request id Root=1-6a674f59-2d02efff3e416416757783d8)."},"filename":"/home/runner/work/xet-core/xet-core/xet_client/src/cas_client/retry_wrapper.rs","line_number":210}
{"timestamp":"2026-07-28T03:54:31.997338Z","level":"INFO","fields":{"message":"Token refreshed","new_expiry":1785156317},"filename":"/home/runner/work/xet-core/xet-core/xet_client/src/cas_client/auth.rs","line_number":208}
{"timestamp":"2026-07-28T03:54:31.997377Z","level":"INFO","fields":{"message":"Received CAS response","request_id":"Root=1-6a674f59-6b20953405a664d427a3a0eb","status_code":200},"filename":"/home/runner/work/xet-core/xet-core/xet_client/src/common/http_client.rs","line_number":288}
{"timestamp":"2026-07-28T03:54:31.997383Z","level":"INFO","fields":{"message":"Request Success: xet-token api call succeeded (request id Root=1-6a674f59-6b20953405a664d427a3a0eb)."},"filename":"/home/runner/work/xet-core/xet-core/xet_client/src/cas_client/retry_wrapper.rs","line_number":210}
{"timestamp":"2026-07-28T03:54:31.997389Z","level":"INFO","fields":{"message":"Token refreshed","new_expiry":1785156317},"filename":"/home/runner/work/xet-core/xet-core/xet_client/src/cas_client/auth.rs","line_number":208}
{"timestamp":"2026-07-28T03:54:32.003659Z","level":"INFO","fields":{"message":"Received CAS response","request_id":"Root=1-6a674f59-46442d6a24e3a06b496f5e56","status_code":200},"filename":"/home/runner/work/xet-core/xet-core/xet_client/src/common/http_client.rs","line_number":288}
{"timestamp":"2026-07-28T03:54:32.003691Z","level":"INFO","fields":{"message":"Request Success: xet-token api call succeeded (request id Root=1-6a674f59-46442d6a24e3a06b496f5e56)."},"filename":"/home/runner/work/xet-core/xet-core/xet_client/src/cas_client/retry_wrapper.rs","line_number":210}
{"timestamp":"2026-07-28T03:54:32.003697Z","level":"INFO","fields":{"message":"Received CAS response","request_id":"Root=1-6a674f59-56e10af85961e8441ae551d6","status_code":200},"filename":"/home/runner/work/xet-core/xet-core/xet_client/src/common/http_client.rs","line_number":288}
{"timestamp":"2026-07-28T03:54:32.003703Z","level":"INFO","fields":{"message":"Request Success: xet-token api call succeeded (request id Root=1-6a674f59-56e10af85961e8441ae551d6)."},"filename":"/home/runner/work/xet-core/xet-core/xet_client/src/cas_client/retry_wrapper.rs","line_number":210}
{"timestamp":"2026-07-28T03:54:32.003704Z","level":"INFO","fields":{"message":"Token refreshed","new_expiry":1785156317},"filename":"/home/runner/work/xet-core/xet-core/xet_client/src/cas_client/auth.rs","line_number":208}
{"timestamp":"2026-07-28T03:54:32.003710Z","level":"INFO","fields":{"message":"Token refreshed","new_expiry":1785156317},"filename":"/home/runner/work/xet-core/xet-core/xet_client/src/cas_client/auth.rs","line_number":208}
{"timestamp":"2026-07-28T03:54:32.108206Z","level":"INFO","fields":{"message":"Received CAS response","request_id":"01KYHRVXQ4Y8RD5RM9X4AC46YB","status_code":416},"filename":"/home/runner/work/xet-core/xet-core/xet_client/src/common/http_client.rs","line_number":288}
{"timestamp":"2026-07-28T03:54:32.108264Z","level":"INFO","fields":{"message":"Reached end of reconstruction 416 (Range Not Satisfiable): \"cas::get_reconstruction_v2\" api call failed (request id 01KYHRVXQ4Y8RD5RM9X4AC46YB): HTTP status client error (416 Range Not Satisfiable) for url (https://cas-server.xethub.hf.co/v2/reconstructions/789fdf16a3e59f4fbfb6002967ecee539a198dadb5be74ca549aa7dc9b1b55fb)"},"filename":"/home/runner/work/xet-core/xet-core/xet_client/src/cas_client/retry_wrapper.rs","line_number":162}
{"timestamp":"2026-07-28T03:54:32.170774Z","level":"INFO","fields":{"message":"Received CAS response","request_id":"01KYHRVXS24J4998E4SBGNQCS5","status_code":416},"filename":"/home/runner/work/xet-core/xet-core/xet_client/src/common/http_client.rs","line_number":288}
{"timestamp":"2026-07-28T03:54:32.170842Z","level":"INFO","fields":{"message":"Reached end of reconstruction 416 (Range Not Satisfiable): \"cas::get_reconstruction_v2\" api call failed (request id 01KYHRVXS24J4998E4SBGNQCS5): HTTP status client error (416 Range Not Satisfiable) for url (https://cas-server.xethub.hf.co/v2/reconstructions/512c239c65ad424aecb6defcf3c2625d2b9d90a1897cf6279d91fbb3225df0fa)"},"filename":"/home/runner/work/xet-core/xet-core/xet_client/src/cas_client/retry_wrapper.rs","line_number":162}
{"timestamp":"2026-07-28T03:54:32.175079Z","level":"INFO","fields":{"message":"Received CAS response","request_id":"01KYHRVXS7XGYAH30NDZPPRDTS","status_code":416},"filename":"/home/runner/work/xet-core/xet-core/xet_client/src/common/http_client.rs","line_number":288}
{"timestamp":"2026-07-28T03:54:32.175133Z","level":"INFO","fields":{"message":"Reached end of reconstruction 416 (Range Not Satisfiable): \"cas::get_reconstruction_v2\" api call failed (request id 01KYHRVXS7XGYAH30NDZPPRDTS): HTTP status client error (416 Range Not Satisfiable) for url (https://cas-server.xethub.hf.co/v2/reconstructions/b63e855b8e4b66733438f476d33cce359708286954270f059c68f1aeda197920)"},"filename":"/home/runner/work/xet-core/xet-core/xet_client/src/cas_client/retry_wrapper.rs","line_number":162}
{"timestamp":"2026-07-28T03:54:32.178984Z","level":"INFO","fields":{"message":"Received CAS response","request_id":"01KYHRVXSAKKPR6BXAHVJM4151","status_code":416},"filename":"/home/runner/work/xet-core/xet-core/xet_client/src/common/http_client.rs","line_number":288}
{"timestamp":"2026-07-28T03:54:32.179032Z","level":"INFO","fields":{"message":"Reached end of reconstruction 416 (Range Not Satisfiable): \"cas::get_reconstruction_v2\" api call failed (request id 01KYHRVXSAKKPR6BXAHVJM4151): HTTP status client error (416 Range Not Satisfiable) for url (https://cas-server.xethub.hf.co/v2/reconstructions/82b70afedf6cc476b395f810066653b2010605cbee3212a371ab0cd754e389aa)"},"filename":"/home/runner/work/xet-core/xet-core/xet_client/src/cas_client/retry_wrapper.rs","line_number":162}
{"timestamp":"2026-07-28T03:54:32.181823Z","level":"INFO","fields":{"message":"Received CAS response","request_id":"01KYHRVXSDNTJNMHHPV5GYFMH6","status_code":416},"filename":"/home/runner/work/xet-core/xet-core/xet_client/src/common/http_client.rs","line_number":288}
{"timestamp":"2026-07-28T03:54:32.181874Z","level":"INFO","fields":{"message":"Reached end of reconstruction 416 (Range Not Satisfiable): \"cas::get_reconstruction_v2\" api call failed (request id 01KYHRVXSDNTJNMHHPV5GYFMH6): HTTP status client error (416 Range Not Satisfiable) for url (https://cas-server.xethub.hf.co/v2/reconstructions/97c0cbab0dbbb7921fe6ea37b56d165265205edd81ae3cf7a85155649efc7cb8)"},"filename":"/home/runner/work/xet-core/xet-core/xet_client/src/cas_client/retry_wrapper.rs","line_number":162}
{"timestamp":"2026-07-28T03:54:32.181960Z","level":"INFO","fields":{"message":"Received CAS response","request_id":"01KYHRVXSEFFNG59QVAEBKH60G","status_code":416},"filename":"/home/runner/work/xet-core/xet-core/xet_client/src/common/http_client.rs","line_number":288}
{"timestamp":"2026-07-28T03:54:32.181968Z","level":"INFO","fields":{"message":"Reached end of reconstruction 416 (Range Not Satisfiable): \"cas::get_reconstruction_v2\" api call failed (request id 01KYHRVXSEFFNG59QVAEBKH60G): HTTP status client error (416 Range Not Satisfiable) for url (https://cas-server.xethub.hf.co/v2/reconstructions/f6041cb139310735d267939642554a0199a828a08edc37b0ddaf3b035eea5df4)"},"filename":"/home/runner/work/xet-core/xet-core/xet_client/src/cas_client/retry_wrapper.rs","line_number":162}
{"timestamp":"2026-07-28T03:54:32.181989Z","level":"INFO","fields":{"message":"Received CAS response","request_id":"01KYHRVXSDNCTG696WVK6Z822P","status_code":416},"filename":"/home/runner/work/xet-core/xet-core/xet_client/src/common/http_client.rs","line_number":288}
{"timestamp":"2026-07-28T03:54:32.181997Z","level":"INFO","fields":{"message":"Reached end of reconstruction 416 (Range Not Satisfiable): \"cas::get_reconstruction_v2\" api call failed (request id 01KYHRVXSDNCTG696WVK6Z822P): HTTP status client error (416 Range Not Satisfiable) for url (https://cas-server.xethub.hf.co/v2/reconstructions/35b363afb9df4b2003fa3154c65b08833ba4632fc938a11d5f0dcadd966dfe4a)"},"filename":"/home/runner/work/xet-core/xet-core/xet_client/src/cas_client/retry_wrapper.rs","line_number":162}
{"timestamp":"2026-07-28T03:54:32.227660Z","level":"INFO","fields":{"message":"Received CAS response","request_id":"01KYHRVXTR190B9HFFN4M1BCVT","status_code":416},"filename":"/home/runner/work/xet-core/xet-core/xet_client/src/common/http_client.rs","line_number":288}
{"timestamp":"2026-07-28T03:54:32.227706Z","level":"INFO","fields":{"message":"Reached end of reconstruction 416 (Range Not Satisfiable): \"cas::get_reconstruction_v2\" api call failed (request id 01KYHRVXTR190B9HFFN4M1BCVT): HTTP status client error (416 Range Not Satisfiable) for url (https://cas-server.xethub.hf.co/v2/reconstructions/789fdf16a3e59f4fbfb6002967ecee539a198dadb5be74ca549aa7dc9b1b55fb)"},"filename":"/home/runner/work/xet-core/xet-core/xet_client/src/cas_client/retry_wrapper.rs","line_number":162}
{"timestamp":"2026-07-28T03:54:32.235945Z","level":"INFO","fields":{"message":"Received CAS response","request_id":"01KYHRVXT3KS0K4Z6C042A4KKQ","status_code":200},"filename":"/home/runner/work/xet-core/xet-core/xet_client/src/common/http_client.rs","line_number":288}
{"timestamp":"2026-07-28T03:54:32.235980Z","level":"INFO","fields":{"message":"Request Success: cas::get_reconstruction_v2 api call succeeded (request id 01KYHRVXT3KS0K4Z6C042A4KKQ)."},"filename":"/home/runner/work/xet-core/xet-core/xet_client/src/cas_client/retry_wrapper.rs","line_number":210}
{"timestamp":"2026-07-28T03:54:32.236010Z","level":"INFO","fields":{"message":"Completed get_reconstruction API call","call_id":2,"file_id":"789fdf16a3e59f4fbfb6002967ecee539a198dadb5be74ca549aa7dc9b1b55fb","bytes_range":"Some(Range { start: 0, end: 256000000 })","api_version":"v2"},"filename":"/home/runner/work/xet-core/xet-core/xet_client/src/cas_client/remote_client.rs","line_number":234}
{"timestamp":"2026-07-28T03:54:32.236066Z","level":"INFO","fields":{"message":"Received block of file terms from prefetch queue","file_hash":"789fdf16a3e59f4fbfb6002967ecee539a198dadb5be74ca549aa7dc9b1b55fb","domain":"us.aws.cdn.hf.co","block_start":0,"block_end":90868376,"block_size":4},"filename":"/home/runner/work/xet-core/xet-core/xet_data/src/file_reconstruction/reconstruction_terms/manager.rs","line_number":151}
{"timestamp":"2026-07-28T03:54:32.236130Z","level":"INFO","fields":{"message":"Updated completion rate estimate based on previous block completion time (seconds).","file_hash":"789fdf16a3e59f4fbfb6002967ecee539a198dadb5be74ca549aa7dc9b1b55fb","block_start":0,"block_end":90868376,"block_size":90868376,"completion_time":0.000036429},"filename":"/home/runner/work/xet-core/xet-core/xet_data/src/file_reconstruction/reconstruction_terms/manager.rs","line_number":104}
{"timestamp":"2026-07-28T03:54:32.236138Z","level":"INFO","fields":{"message":"Completed prefetch queue; end of file reached.","file_hash":"789fdf16a3e59f4fbfb6002967ecee539a198dadb5be74ca549aa7dc9b1b55fb","prefetched_byte_position":1024000000},"filename":"/home/runner/work/xet-core/xet-core/xet_data/src/file_reconstruction/reconstruction_terms/manager.rs","line_number":178}
{"timestamp":"2026-07-28T03:54:32.236143Z","level":"INFO","fields":{"message":"All term blocks received and scheduled for writing","file_hash":"789fdf16a3e59f4fbfb6002967ecee539a198dadb5be74ca549aa7dc9b1b55fb","block_count":1,"total_terms_processed":4,"total_bytes_scheduled":90868376},"filename":"/home/runner/work/xet-core/xet-core/xet_data/src/file_reconstruction/run_state.rs","line_number":150}
{"timestamp":"2026-07-28T03:54:32.236153Z","level":"INFO","fields":{"message":"Retry strategy","max_attempts":5,"base_delay":"3s","no_retry_on_429":false},"filename":"/home/runner/work/xet-core/xet-core/xet_client/src/cas_client/retry_wrapper.rs","line_number":249}
{"timestamp":"2026-07-28T03:54:32.236154Z","level":"INFO","fields":{"message":"Retry strategy","max_attempts":5,"base_delay":"3s","no_retry_on_429":false},"filename":"/home/runner/work/xet-core/xet-core/xet_client/src/cas_client/retry_wrapper.rs","line_number":249}
{"timestamp":"2026-07-28T03:54:32.236206Z","level":"INFO","fields":{"message":"Retry strategy","max_attempts":5,"base_delay":"3s","no_retry_on_429":false},"filename":"/home/runner/work/xet-core/xet-core/xet_client/src/cas_client/retry_wrapper.rs","line_number":249}
{"timestamp":"2026-07-28T03:54:32.284470Z","level":"INFO","fields":{"message":"Received CAS response","request_id":"01KYHRVXTJCYEBKWRGDJCWKKSY","status_code":200},"filename":"/home/runner/work/xet-core/xet-core/xet_client/src/common/http_client.rs","line_number":288}
{"timestamp":"2026-07-28T03:54:32.284510Z","level":"INFO","fields":{"message":"Request Success: cas::get_reconstruction_v2 api call succeeded (request id 01KYHRVXTJCYEBKWRGDJCWKKSY)."},"filename":"/home/runner/work/xet-core/xet-core/xet_client/src/cas_client/retry_wrapper.rs","line_number":210}
{"timestamp":"2026-07-28T03:54:32.284596Z","level":"INFO","fields":{"message":"Completed get_reconstruction API call","call_id":8,"file_id":"82b70afedf6cc476b395f810066653b2010605cbee3212a371ab0cd754e389aa","bytes_range":"Some(Range { start: 0, end: 256000000 })","api_version":"v2"},"filename":"/home/runner/work/xet-core/xet-core/xet_client/src/cas_client/remote_client.rs","line_number":234}
{"timestamp":"2026-07-28T03:54:32.284662Z","level":"INFO","fields":{"message":"Received block of file terms from prefetch queue","file_hash":"82b70afedf6cc476b395f810066653b2010605cbee3212a371ab0cd754e389aa","domain":"us.aws.cdn.hf.co","block_start":0,"block_end":90326566,"block_size":45},"filename":"/home/runner/work/xet-core/xet-core/xet_data/src/file_reconstruction/reconstruction_terms/manager.rs","line_number":151}
{"timestamp":"2026-07-28T03:54:32.284759Z","level":"INFO","fields":{"message":"Updated completion rate estimate based on previous block completion time (seconds).","file_hash":"82b70afedf6cc476b395f810066653b2010605cbee3212a371ab0cd754e389aa","block_start":0,"block_end":90326566,"block_size":90326566,"completion_time":0.000096212},"filename":"/home/runner/work/xet-core/xet-core/xet_data/src/file_reconstruction/reconstruction_terms/manager.rs","line_number":104}
{"timestamp":"2026-07-28T03:54:32.284769Z","level":"INFO","fields":{"message":"Retry strategy","max_attempts":5,"base_delay":"3s","no_retry_on_429":false},"filename":"/home/runner/work/xet-core/xet-core/xet_client/src/cas_client/retry_wrapper.rs","line_number":249}
{"timestamp":"2026-07-28T03:54:32.284765Z","level":"INFO","fields":{"message":"Retry strategy","max_attempts":5,"base_delay":"3s","no_retry_on_429":false},"filename":"/home/runner/work/xet-core/xet-core/xet_client/src/cas_client/retry_wrapper.rs","line_number":249}
{"timestamp":"2026-07-28T03:54:32.284815Z","level":"INFO","fields":{"message":"Retry strategy","max_attempts":5,"base_delay":"3s","no_retry_on_429":false},"filename":"/home/runner/work/xet-core/xet-core/xet_client/src/cas_client/retry_wrapper.rs","line_number":249}
{"timestamp":"2026-07-28T03:54:32.284850Z","level":"INFO","fields":{"message":"Retry strategy","max_attempts":5,"base_delay":"3s","no_retry_on_429":false},"filename":"/home/runner/work/xet-core/xet-core/xet_client/src/cas_client/retry_wrapper.rs","line_number":249}
{"timestamp":"2026-07-28T03:54:32.287586Z","level":"INFO","fields":{"message":"Received CAS response","request_id":"01KYHRVXWQABM88Q8QEY77H6KB","status_code":416},"filename":"/home/runner/work/xet-core/xet-core/xet_client/src/common/http_client.rs","line_number":288}
{"timestamp":"2026-07-28T03:54:32.287604Z","level":"INFO","fields":{"message":"Reached end of reconstruction 416 (Range Not Satisfiable): \"cas::get_reconstruction_v2\" api call failed (request id 01KYHRVXWQABM88Q8QEY77H6KB): HTTP status client error (416 Range Not Satisfiable) for url (https://cas-server.xethub.hf.co/v2/reconstructions/97c0cbab0dbbb7921fe6ea37b56d165265205edd81ae3cf7a85155649efc7cb8)"},"filename":"/home/runner/work/xet-core/xet-core/xet_client/src/cas_client/retry_wrapper.rs","line_number":162}
{"timestamp":"2026-07-28T03:54:32.292643Z","level":"INFO","fields":{"message":"Received CAS response","request_id":"01KYHRVXWXX39W50970RGBDQAF","status_code":416},"filename":"/home/runner/work/xet-core/xet-core/xet_client/src/common/http_client.rs","line_number":288}
{"timestamp":"2026-07-28T03:54:32.292675Z","level":"INFO","fields":{"message":"Reached end of reconstruction 416 (Range Not Satisfiable): \"cas::get_reconstruction_v2\" api call failed (request id 01KYHRVXWXX39W50970RGBDQAF): HTTP status client error (416 Range Not Satisfiable) for url (https://cas-server.xethub.hf.co/v2/reconstructions/82b70afedf6cc476b395f810066653b2010605cbee3212a371ab0cd754e389aa)"},"filename":"/home/runner/work/xet-core/xet-core/xet_client/src/cas_client/retry_wrapper.rs","line_number":162}
{"timestamp":"2026-07-28T03:54:32.292706Z","level":"INFO","fields":{"message":"Completed prefetch queue; end of file reached.","file_hash":"82b70afedf6cc476b395f810066653b2010605cbee3212a371ab0cd754e389aa","prefetched_byte_position":1024000000},"filename":"/home/runner/work/xet-core/xet-core/xet_data/src/file_reconstruction/reconstruction_terms/manager.rs","line_number":178}
{"timestamp":"2026-07-28T03:54:32.292713Z","level":"INFO","fields":{"message":"All term blocks received and scheduled for writing","file_hash":"82b70afedf6cc476b395f810066653b2010605cbee3212a371ab0cd754e389aa","block_count":1,"total_terms_processed":45,"total_bytes_scheduled":90326566},"filename":"/home/runner/work/xet-core/xet-core/xet_data/src/file_reconstruction/run_state.rs","line_number":150}
{"timestamp":"2026-07-28T03:54:32.305521Z","level":"INFO","fields":{"message":"Received CAS response","request_id":"01KYHRVXX9T8XYHE2PP7N97W6T","status_code":416},"filename":"/home/runner/work/xet-core/xet-core/xet_client/src/common/http_client.rs","line_number":288}
{"timestamp":"2026-07-28T03:54:32.305562Z","level":"INFO","fields":{"message":"Reached end of reconstruction 416 (Range Not Satisfiable): \"cas::get_reconstruction_v2\" api call failed (request id 01KYHRVXX9T8XYHE2PP7N97W6T): HTTP status client error (416 Range Not Satisfiable) for url (https://cas-server.xethub.hf.co/v2/reconstructions/512c239c65ad424aecb6defcf3c2625d2b9d90a1897cf6279d91fbb3225df0fa)"},"filename":"/home/runner/work/xet-core/xet-core/xet_client/src/cas_client/retry_wrapper.rs","line_number":162}
{"timestamp":"2026-07-28T03:54:32.309087Z","level":"INFO","fields":{"message":"Received CAS response","request_id":"01KYHRVXXBKRBKSXQ4XVVZBG1S","status_code":416},"filename":"/home/runner/work/xet-core/xet-core/xet_client/src/common/http_client.rs","line_number":288}
{"timestamp":"2026-07-28T03:54:32.309116Z","level":"INFO","fields":{"message":"Reached end of reconstruction 416 (Range Not Satisfiable): \"cas::get_reconstruction_v2\" api call failed (request id 01KYHRVXXBKRBKSXQ4XVVZBG1S): HTTP status client error (416 Range Not Satisfiable) for url (https://cas-server.xethub.hf.co/v2/reconstructions/b63e855b8e4b66733438f476d33cce359708286954270f059c68f1aeda197920)"},"filename":"/home/runner/work/xet-core/xet-core/xet_client/src/cas_client/retry_wrapper.rs","line_number":162}
{"timestamp":"2026-07-28T03:54:32.309153Z","level":"INFO","fields":{"message":"Received CAS response","request_id":"01KYHRVXXF33H181KZM6EPPD0Q","status_code":416},"filename":"/home/runner/work/xet-core/xet-core/xet_client/src/common/http_client.rs","line_number":288}
{"timestamp":"2026-07-28T03:54:32.309157Z","level":"INFO","fields":{"message":"Reached end of reconstruction 416 (Range Not Satisfiable): \"cas::get_reconstruction_v2\" api call failed (request id 01KYHRVXXF33H181KZM6EPPD0Q): HTTP status client error (416 Range Not Satisfiable) for url (https://cas-server.xethub.hf.co/v2/reconstructions/35b363afb9df4b2003fa3154c65b08833ba4632fc938a11d5f0dcadd966dfe4a)"},"filename":"/home/runner/work/xet-core/xet-core/xet_client/src/cas_client/retry_wrapper.rs","line_number":162}
{"timestamp":"2026-07-28T03:54:32.310976Z","level":"INFO","fields":{"message":"Received CAS response","request_id":"01KYHRVXXF4Y3T3P1XWNH5AV9R","status_code":416},"filename":"/home/runner/work/xet-core/xet-core/xet_client/src/common/http_client.rs","line_number":288}
{"timestamp":"2026-07-28T03:54:32.310999Z","level":"INFO","fields":{"message":"Reached end of reconstruction 416 (Range Not Satisfiable): \"cas::get_reconstruction_v2\" api call failed (request id 01KYHRVXXF4Y3T3P1XWNH5AV9R): HTTP status client error (416 Range Not Satisfiable) for url (https://cas-server.xethub.hf.co/v2/reconstructions/f6041cb139310735d267939642554a0199a828a08edc37b0ddaf3b035eea5df4)"},"filename":"/home/runner/work/xet-core/xet-core/xet_client/src/cas_client/retry_wrapper.rs","line_number":162}
{"timestamp":"2026-07-28T03:54:32.321235Z","level":"INFO","fields":{"message":"Received CAS response","request_id":"01KYHRVXWTBPES31TWJC0JGZX7","status_code":200},"filename":"/home/runner/work/xet-core/xet-core/xet_client/src/common/http_client.rs","line_number":288}
{"timestamp":"2026-07-28T03:54:32.321271Z","level":"INFO","fields":{"message":"Request Success: cas::get_reconstruction_v2 api call succeeded (request id 01KYHRVXWTBPES31TWJC0JGZX7)."},"filename":"/home/runner/work/xet-core/xet-core/xet_client/src/cas_client/retry_wrapper.rs","line_number":210}
{"timestamp":"2026-07-28T03:54:32.321344Z","level":"INFO","fields":{"message":"Completed get_reconstruction API call","call_id":20,"file_id":"f6041cb139310735d267939642554a0199a828a08edc37b0ddaf3b035eea5df4","bytes_range":"Some(Range { start: 0, end: 256000000 })","api_version":"v2"},"filename":"/home/runner/work/xet-core/xet-core/xet_client/src/cas_client/remote_client.rs","line_number":234}
{"timestamp":"2026-07-28T03:54:32.321419Z","level":"INFO","fields":{"message":"Received block of file terms from prefetch queue","file_hash":"f6041cb139310735d267939642554a0199a828a08edc37b0ddaf3b035eea5df4","domain":"us.aws.cdn.hf.co","block_start":0,"block_end":90405214,"block_size":28},"filename":"/home/runner/work/xet-core/xet-core/xet_data/src/file_reconstruction/reconstruction_terms/manager.rs","line_number":151}
{"timestamp":"2026-07-28T03:54:32.321457Z","level":"INFO","fields":{"message":"Received CAS response","request_id":"01KYHRVXWWATQ65XSEN45P5ZMC","status_code":200},"filename":"/home/runner/work/xet-core/xet-core/xet_client/src/common/http_client.rs","line_number":288}
{"timestamp":"2026-07-28T03:54:32.321465Z","level":"INFO","fields":{"message":"Request Success: cas::get_reconstruction_v2 api call succeeded (request id 01KYHRVXWWATQ65XSEN45P5ZMC)."},"filename":"/home/runner/work/xet-core/xet-core/xet_client/src/cas_client/retry_wrapper.rs","line_number":210}
{"timestamp":"2026-07-28T03:54:32.321484Z","level":"INFO","fields":{"message":"Retry strategy","max_attempts":5,"base_delay":"3s","no_retry_on_429":false},"filename":"/home/runner/work/xet-core/xet-core/xet_client/src/cas_client/retry_wrapper.rs","line_number":249}
{"timestamp":"2026-07-28T03:54:32.321537Z","level":"INFO","fields":{"message":"Retry strategy","max_attempts":5,"base_delay":"3s","no_retry_on_429":false},"filename":"/home/runner/work/xet-core/xet-core/xet_client/src/cas_client/retry_wrapper.rs","line_number":249}
{"timestamp":"2026-07-28T03:54:32.321549Z","level":"INFO","fields":{"message":"Updated completion rate estimate based on previous block completion time (seconds).","file_hash":"f6041cb139310735d267939642554a0199a828a08edc37b0ddaf3b035eea5df4","block_start":0,"block_end":90405214,"block_size":90405214,"completion_time":0.000130267},"filename":"/home/runner/work/xet-core/xet-core/xet_data/src/file_reconstruction/reconstruction_terms/manager.rs","line_number":104}
{"timestamp":"2026-07-28T03:54:32.321559Z","level":"INFO","fields":{"message":"Completed prefetch queue; end of file reached.","file_hash":"f6041cb139310735d267939642554a0199a828a08edc37b0ddaf3b035eea5df4","prefetched_byte_position":1024000000},"filename":"/home/runner/work/xet-core/xet-core/xet_data/src/file_reconstruction/reconstruction_terms/manager.rs","line_number":178}
{"timestamp":"2026-07-28T03:54:32.321563Z","level":"INFO","fields":{"message":"All term blocks received and scheduled for writing","file_hash":"f6041cb139310735d267939642554a0199a828a08edc37b0ddaf3b035eea5df4","block_count":1,"total_terms_processed":28,"total_bytes_scheduled":90405214},"filename":"/home/runner/work/xet-core/xet-core/xet_data/src/file_reconstruction/run_state.rs","line_number":150}
{"timestamp":"2026-07-28T03:54:32.321566Z","level":"INFO","fields":{"message":"Completed get_reconstruction API call","call_id":11,"file_id":"b63e855b8e4b66733438f476d33cce359708286954270f059c68f1aeda197920","bytes_range":"Some(Range { start: 0, end: 256000000 })","api_version":"v2"},"filename":"/home/runner/work/xet-core/xet-core/xet_client/src/cas_client/remote_client.rs","line_number":234}
{"timestamp":"2026-07-28T03:54:32.321575Z","level":"INFO","fields":{"message":"Retry strategy","max_attempts":5,"base_delay":"3s","no_retry_on_429":false},"filename":"/home/runner/work/xet-core/xet-core/xet_client/src/cas_client/retry_wrapper.rs","line_number":249}
{"timestamp":"2026-07-28T03:54:32.321611Z","level":"INFO","fields":{"message":"Retry strategy","max_attempts":5,"base_delay":"3s","no_retry_on_429":false},"filename":"/home/runner/work/xet-core/xet-core/xet_client/src/cas_client/retry_wrapper.rs","line_number":249}
{"timestamp":"2026-07-28T03:54:32.321637Z","level":"INFO","fields":{"message":"Received block of file terms from prefetch queue","file_hash":"b63e855b8e4b66733438f476d33cce359708286954270f059c68f1aeda197920","domain":"us.aws.cdn.hf.co","block_start":0,"block_end":90326497,"block_size":45},"filename":"/home/runner/work/xet-core/xet-core/xet_data/src/file_reconstruction/reconstruction_terms/manager.rs","line_number":151}
{"timestamp":"2026-07-28T03:54:32.321684Z","level":"INFO","fields":{"message":"Retry strategy","max_attempts":5,"base_delay":"3s","no_retry_on_429":false},"filename":"/home/runner/work/xet-core/xet-core/xet_client/src/cas_client/retry_wrapper.rs","line_number":249}
{"timestamp":"2026-07-28T03:54:32.321827Z","level":"INFO","fields":{"message":"Updated completion rate estimate based on previous block completion time (seconds).","file_hash":"b63e855b8e4b66733438f476d33cce359708286954270f059c68f1aeda197920","block_start":0,"block_end":90326497,"block_size":90326497,"completion_time":0.000189017},"filename":"/home/runner/work/xet-core/xet-core/xet_data/src/file_reconstruction/reconstruction_terms/manager.rs","line_number":104}
{"timestamp":"2026-07-28T03:54:32.321834Z","level":"INFO","fields":{"message":"Completed prefetch queue; end of file reached.","file_hash":"b63e855b8e4b66733438f476d33cce359708286954270f059c68f1aeda197920","prefetched_byte_position":1024000000},"filename":"/home/runner/work/xet-core/xet-core/xet_data/src/file_reconstruction/reconstruction_terms/manager.rs","line_number":178}
{"timestamp":"2026-07-28T03:54:32.321837Z","level":"INFO","fields":{"message":"All term blocks received and scheduled for writing","file_hash":"b63e855b8e4b66733438f476d33cce359708286954270f059c68f1aeda197920","block_count":1,"total_terms_processed":45,"total_bytes_scheduled":90326497},"filename":"/home/runner/work/xet-core/xet-core/xet_data/src/file_reconstruction/run_state.rs","line_number":150}
{"timestamp":"2026-07-28T03:54:32.321850Z","level":"INFO","fields":{"message":"Retry strategy","max_attempts":5,"base_delay":"3s","no_retry_on_429":false},"filename":"/home/runner/work/xet-core/xet-core/xet_client/src/cas_client/retry_wrapper.rs","line_number":249}
{"timestamp":"2026-07-28T03:54:32.321930Z","level":"INFO","fields":{"message":"Retry strategy","max_attempts":5,"base_delay":"3s","no_retry_on_429":false},"filename":"/home/runner/work/xet-core/xet-core/xet_client/src/cas_client/retry_wrapper.rs","line_number":249}
{"timestamp":"2026-07-28T03:54:32.321934Z","level":"INFO","fields":{"message":"Retry strategy","max_attempts":5,"base_delay":"3s","no_retry_on_429":false},"filename":"/home/runner/work/xet-core/xet-core/xet_client/src/cas_client/retry_wrapper.rs","line_number":249}
{"timestamp":"2026-07-28T03:54:32.331674Z","level":"INFO","fields":{"message":"Received CAS response","request_id":"01KYHRVXWJX09HZP97RHF2NT4Z","status_code":200},"filename":"/home/runner/work/xet-core/xet-core/xet_client/src/common/http_client.rs","line_number":288}
{"timestamp":"2026-07-28T03:54:32.331695Z","level":"INFO","fields":{"message":"Request Success: cas::get_reconstruction_v2 api call succeeded (request id 01KYHRVXWJX09HZP97RHF2NT4Z)."},"filename":"/home/runner/work/xet-core/xet-core/xet_client/src/cas_client/retry_wrapper.rs","line_number":210}
{"timestamp":"2026-07-28T03:54:32.331799Z","level":"INFO","fields":{"message":"Completed get_reconstruction API call","call_id":5,"file_id":"512c239c65ad424aecb6defcf3c2625d2b9d90a1897cf6279d91fbb3225df0fa","bytes_range":"Some(Range { start: 0, end: 256000000 })","api_version":"v2"},"filename":"/home/runner/work/xet-core/xet-core/xet_client/src/cas_client/remote_client.rs","line_number":234}
{"timestamp":"2026-07-28T03:54:32.331868Z","level":"INFO","fields":{"message":"Received block of file terms from prefetch queue","file_hash":"512c239c65ad424aecb6defcf3c2625d2b9d90a1897cf6279d91fbb3225df0fa","domain":"us.aws.cdn.hf.co","block_start":0,"block_end":90360328,"block_size":42},"filename":"/home/runner/work/xet-core/xet-core/xet_data/src/file_reconstruction/reconstruction_terms/manager.rs","line_number":151}
{"timestamp":"2026-07-28T03:54:32.331953Z","level":"INFO","fields":{"message":"Retry strategy","max_attempts":5,"base_delay":"3s","no_retry_on_429":false},"filename":"/home/runner/work/xet-core/xet-core/xet_client/src/cas_client/retry_wrapper.rs","line_number":249}
{"timestamp":"2026-07-28T03:54:32.331984Z","level":"INFO","fields":{"message":"Retry strategy","max_attempts":5,"base_delay":"3s","no_retry_on_429":false},"filename":"/home/runner/work/xet-core/xet-core/xet_client/src/cas_client/retry_wrapper.rs","line_number":249}
{"timestamp":"2026-07-28T03:54:32.332003Z","level":"INFO","fields":{"message":"Updated completion rate estimate based on previous block completion time (seconds).","file_hash":"512c239c65ad424aecb6defcf3c2625d2b9d90a1897cf6279d91fbb3225df0fa","block_start":0,"block_end":90360328,"block_size":90360328,"completion_time":0.000133222},"filename":"/home/runner/work/xet-core/xet-core/xet_data/src/file_reconstruction/reconstruction_terms/manager.rs","line_number":104}
{"timestamp":"2026-07-28T03:54:32.332012Z","level":"INFO","fields":{"message":"Completed prefetch queue; end of file reached.","file_hash":"512c239c65ad424aecb6defcf3c2625d2b9d90a1897cf6279d91fbb3225df0fa","prefetched_byte_position":1024000000},"filename":"/home/runner/work/xet-core/xet-core/xet_data/src/file_reconstruction/reconstruction_terms/manager.rs","line_number":178}
{"timestamp":"2026-07-28T03:54:32.332015Z","level":"INFO","fields":{"message":"All term blocks received and scheduled for writing","file_hash":"512c239c65ad424aecb6defcf3c2625d2b9d90a1897cf6279d91fbb3225df0fa","block_count":1,"total_terms_processed":42,"total_bytes_scheduled":90360328},"filename":"/home/runner/work/xet-core/xet-core/xet_data/src/file_reconstruction/run_state.rs","line_number":150}
{"timestamp":"2026-07-28T03:54:32.332030Z","level":"INFO","fields":{"message":"Retry strategy","max_attempts":5,"base_delay":"3s","no_retry_on_429":false},"filename":"/home/runner/work/xet-core/xet-core/xet_client/src/cas_client/retry_wrapper.rs","line_number":249}
{"timestamp":"2026-07-28T03:54:32.332026Z","level":"INFO","fields":{"message":"Retry strategy","max_attempts":5,"base_delay":"3s","no_retry_on_429":false},"filename":"/home/runner/work/xet-core/xet-core/xet_client/src/cas_client/retry_wrapper.rs","line_number":249}
{"timestamp":"2026-07-28T03:54:32.351797Z","level":"INFO","fields":{"message":"Received CAS response","request_id":"01KYHRVXWXAQMYX36QTWMSAY9P","status_code":200},"filename":"/home/runner/work/xet-core/xet-core/xet_client/src/common/http_client.rs","line_number":288}
{"timestamp":"2026-07-28T03:54:32.351841Z","level":"INFO","fields":{"message":"Request Success: cas::get_reconstruction_v2 api call succeeded (request id 01KYHRVXWXAQMYX36QTWMSAY9P)."},"filename":"/home/runner/work/xet-core/xet-core/xet_client/src/cas_client/retry_wrapper.rs","line_number":210}
{"timestamp":"2026-07-28T03:54:32.351866Z","level":"INFO","fields":{"message":"Completed get_reconstruction API call","call_id":14,"file_id":"35b363afb9df4b2003fa3154c65b08833ba4632fc938a11d5f0dcadd966dfe4a","bytes_range":"Some(Range { start: 0, end: 256000000 })","api_version":"v2"},"filename":"/home/runner/work/xet-core/xet-core/xet_client/src/cas_client/remote_client.rs","line_number":234}
{"timestamp":"2026-07-28T03:54:32.351913Z","level":"INFO","fields":{"message":"Received block of file terms from prefetch queue","file_hash":"35b363afb9df4b2003fa3154c65b08833ba4632fc938a11d5f0dcadd966dfe4a","domain":"us.aws.cdn.hf.co","block_start":0,"block_end":23026053,"block_size":1},"filename":"/home/runner/work/xet-core/xet-core/xet_data/src/file_reconstruction/reconstruction_terms/manager.rs","line_number":151}
{"timestamp":"2026-07-28T03:54:32.351959Z","level":"INFO","fields":{"message":"Updated completion rate estimate based on previous block completion time (seconds).","file_hash":"35b363afb9df4b2003fa3154c65b08833ba4632fc938a11d5f0dcadd966dfe4a","block_start":0,"block_end":23026053,"block_size":23026053,"completion_time":0.000045045},"filename":"/home/runner/work/xet-core/xet-core/xet_data/src/file_reconstruction/reconstruction_terms/manager.rs","line_number":104}
{"timestamp":"2026-07-28T03:54:32.351967Z","level":"INFO","fields":{"message":"Completed prefetch queue; end of file reached.","file_hash":"35b363afb9df4b2003fa3154c65b08833ba4632fc938a11d5f0dcadd966dfe4a","prefetched_byte_position":1024000000},"filename":"/home/runner/work/xet-core/xet-core/xet_data/src/file_reconstruction/reconstruction_terms/manager.rs","line_number":178}
{"timestamp":"2026-07-28T03:54:32.351969Z","level":"INFO","fields":{"message":"All term blocks received and scheduled for writing","file_hash":"35b363afb9df4b2003fa3154c65b08833ba4632fc938a11d5f0dcadd966dfe4a","block_count":1,"total_terms_processed":1,"total_bytes_scheduled":23026053},"filename":"/home/runner/work/xet-core/xet-core/xet_data/src/file_reconstruction/run_state.rs","line_number":150}
{"timestamp":"2026-07-28T03:54:32.352009Z","level":"INFO","fields":{"message":"Retry strategy","max_attempts":5,"base_delay":"3s","no_retry_on_429":false},"filename":"/home/runner/work/xet-core/xet-core/xet_client/src/cas_client/retry_wrapper.rs","line_number":249}
{"timestamp":"2026-07-28T03:54:32.352037Z","level":"INFO","fields":{"message":"Received CAS response","request_id":"01KYHRVXX9VR7ES9XXBH6FZY4J","status_code":200},"filename":"/home/runner/work/xet-core/xet-core/xet_client/src/common/http_client.rs","line_number":288}
{"timestamp":"2026-07-28T03:54:32.352041Z","level":"INFO","fields":{"message":"Request Success: cas::get_reconstruction_v2 api call succeeded (request id 01KYHRVXX9VR7ES9XXBH6FZY4J)."},"filename":"/home/runner/work/xet-core/xet-core/xet_client/src/cas_client/retry_wrapper.rs","line_number":210}
{"timestamp":"2026-07-28T03:54:32.352049Z","level":"INFO","fields":{"message":"Completed get_reconstruction API call","call_id":18,"file_id":"97c0cbab0dbbb7921fe6ea37b56d165265205edd81ae3cf7a85155649efc7cb8","bytes_range":"Some(Range { start: 0, end: 256000000 })","api_version":"v2"},"filename":"/home/runner/work/xet-core/xet-core/xet_client/src/cas_client/remote_client.rs","line_number":234}
{"timestamp":"2026-07-28T03:54:32.352062Z","level":"INFO","fields":{"message":"Received block of file terms from prefetch queue","file_hash":"97c0cbab0dbbb7921fe6ea37b56d165265205edd81ae3cf7a85155649efc7cb8","domain":"us.aws.cdn.hf.co","block_start":0,"block_end":45212349,"block_size":1},"filename":"/home/runner/work/xet-core/xet-core/xet_data/src/file_reconstruction/reconstruction_terms/manager.rs","line_number":151}
{"timestamp":"2026-07-28T03:54:32.352090Z","level":"INFO","fields":{"message":"Updated completion rate estimate based on previous block completion time (seconds).","file_hash":"97c0cbab0dbbb7921fe6ea37b56d165265205edd81ae3cf7a85155649efc7cb8","block_start":0,"block_end":45212349,"block_size":45212349,"completion_time":0.000027642},"filename":"/home/runner/work/xet-core/xet-core/xet_data/src/file_reconstruction/reconstruction_terms/manager.rs","line_number":104}
{"timestamp":"2026-07-28T03:54:32.352097Z","level":"INFO","fields":{"message":"Completed prefetch queue; end of file reached.","file_hash":"97c0cbab0dbbb7921fe6ea37b56d165265205edd81ae3cf7a85155649efc7cb8","prefetched_byte_position":1024000000},"filename":"/home/runner/work/xet-core/xet-core/xet_data/src/file_reconstruction/reconstruction_terms/manager.rs","line_number":178}
{"timestamp":"2026-07-28T03:54:32.352099Z","level":"INFO","fields":{"message":"All term blocks received and scheduled for writing","file_hash":"97c0cbab0dbbb7921fe6ea37b56d165265205edd81ae3cf7a85155649efc7cb8","block_count":1,"total_terms_processed":1,"total_bytes_scheduled":45212349},"filename":"/home/runner/work/xet-core/xet-core/xet_data/src/file_reconstruction/run_state.rs","line_number":150}
{"timestamp":"2026-07-28T03:54:32.352137Z","level":"INFO","fields":{"message":"Retry strategy","max_attempts":5,"base_delay":"3s","no_retry_on_429":false},"filename":"/home/runner/work/xet-core/xet-core/xet_client/src/cas_client/retry_wrapper.rs","line_number":249}
{"timestamp":"2026-07-28T03:54:32.391634Z","level":"INFO","fields":{"message":"Received CAS response","request_id":"01KYHRVY0QC1HGQNXZAYF77EH1","status_code":206},"filename":"/home/runner/work/xet-core/xet-core/xet_client/src/common/http_client.rs","line_number":288}
{"timestamp":"2026-07-28T03:54:32.391677Z","level":"INFO","fields":{"message":"Request Success: s3::get_range api call succeeded (request id 01KYHRVY0QC1HGQNXZAYF77EH1)."},"filename":"/home/runner/work/xet-core/xet-core/xet_client/src/cas_client/retry_wrapper.rs","line_number":210}
{"timestamp":"2026-07-28T03:54:32.404948Z","level":"INFO","fields":{"message":"Received CAS response","request_id":"01KYHRVY1605QABD6DQKV84S8W","status_code":206},"filename":"/home/runner/work/xet-core/xet-core/xet_client/src/common/http_client.rs","line_number":288}
{"timestamp":"2026-07-28T03:54:32.404990Z","level":"INFO","fields":{"message":"Request Success: s3::get_range api call succeeded (request id 01KYHRVY1605QABD6DQKV84S8W)."},"filename":"/home/runner/work/xet-core/xet-core/xet_client/src/cas_client/retry_wrapper.rs","line_number":210}
{"timestamp":"2026-07-28T03:54:32.405284Z","level":"INFO","fields":{"message":"Received CAS response","request_id":"01KYHRVY14GYKV8RY8P94450V3","status_code":206},"filename":"/home/runner/work/xet-core/xet-core/xet_client/src/common/http_client.rs","line_number":288}
{"timestamp":"2026-07-28T03:54:32.405293Z","level":"INFO","fields":{"message":"Request Success: s3::get_range api call succeeded (request id 01KYHRVY14GYKV8RY8P94450V3)."},"filename":"/home/runner/work/xet-core/xet-core/xet_client/src/cas_client/retry_wrapper.rs","line_number":210}
{"timestamp":"2026-07-28T03:54:32.407550Z","level":"INFO","fields":{"message":"Received CAS response","request_id":"01KYHRVY0TC5XPFMS1N3MKTW0R","status_code":206},"filename":"/home/runner/work/xet-core/xet-core/xet_client/src/common/http_client.rs","line_number":288}
{"timestamp":"2026-07-28T03:54:32.407562Z","level":"INFO","fields":{"message":"Request Success: s3::get_range api call succeeded (request id 01KYHRVY0TC5XPFMS1N3MKTW0R)."},"filename":"/home/runner/work/xet-core/xet-core/xet_client/src/cas_client/retry_wrapper.rs","line_number":210}
{"timestamp":"2026-07-28T03:54:32.409407Z","level":"INFO","fields":{"message":"Received CAS response","request_id":"01KYHRVY18VPNZ11AV0DH9N0DP","status_code":206},"filename":"/home/runner/work/xet-core/xet-core/xet_client/src/common/http_client.rs","line_number":288}
{"timestamp":"2026-07-28T03:54:32.409436Z","level":"INFO","fields":{"message":"Request Success: s3::get_range api call succeeded (request id 01KYHRVY18VPNZ11AV0DH9N0DP)."},"filename":"/home/runner/work/xet-core/xet-core/xet_client/src/cas_client/retry_wrapper.rs","line_number":210}
{"timestamp":"2026-07-28T03:54:32.415490Z","level":"INFO","fields":{"message":"Received CAS response","request_id":"01KYHRVY1JAS6JX744H56R9J46","status_code":206},"filename":"/home/runner/work/xet-core/xet-core/xet_client/src/common/http_client.rs","line_number":288}
{"timestamp":"2026-07-28T03:54:32.415526Z","level":"INFO","fields":{"message":"Request Success: s3::get_range api call succeeded (request id 01KYHRVY1JAS6JX744H56R9J46)."},"filename":"/home/runner/work/xet-core/xet-core/xet_client/src/cas_client/retry_wrapper.rs","line_number":210}
{"timestamp":"2026-07-28T03:54:32.424639Z","level":"INFO","fields":{"message":"Received CAS response","request_id":"01KYHRVY1P4FEC5N95CQW0539S","status_code":206},"filename":"/home/runner/work/xet-core/xet-core/xet_client/src/common/http_client.rs","line_number":288}
{"timestamp":"2026-07-28T03:54:32.424669Z","level":"INFO","fields":{"message":"Request Success: s3::get_range api call succeeded (request id 01KYHRVY1P4FEC5N95CQW0539S)."},"filename":"/home/runner/work/xet-core/xet-core/xet_client/src/cas_client/retry_wrapper.rs","line_number":210}
{"timestamp":"2026-07-28T03:54:32.440257Z","level":"INFO","fields":{"message":"Received CAS response","request_id":"01KYHRVY2A0A5M856RBT0VMHAV","status_code":206},"filename":"/home/runner/work/xet-core/xet-core/xet_client/src/common/http_client.rs","line_number":288}
{"timestamp":"2026-07-28T03:54:32.440287Z","level":"INFO","fields":{"message":"Request Success: s3::get_range api call succeeded (request id 01KYHRVY2A0A5M856RBT0VMHAV)."},"filename":"/home/runner/work/xet-core/xet-core/xet_client/src/cas_client/retry_wrapper.rs","line_number":210}
{"timestamp":"2026-07-28T03:54:32.442648Z","level":"INFO","fields":{"message":"Received CAS response","request_id":"01KYHRVY2F3S95N6NM4F2YMTTB","status_code":206},"filename":"/home/runner/work/xet-core/xet-core/xet_client/src/common/http_client.rs","line_number":288}
{"timestamp":"2026-07-28T03:54:32.442673Z","level":"INFO","fields":{"message":"Request Success: s3::get_range api call succeeded (request id 01KYHRVY2F3S95N6NM4F2YMTTB)."},"filename":"/home/runner/work/xet-core/xet-core/xet_client/src/cas_client/retry_wrapper.rs","line_number":210}
{"timestamp":"2026-07-28T03:54:32.444579Z","level":"INFO","fields":{"message":"Received CAS response","request_id":"01KYHRVY2C4QH3ETMR81FKQM5P","status_code":206},"filename":"/home/runner/work/xet-core/xet-core/xet_client/src/common/http_client.rs","line_number":288}
{"timestamp":"2026-07-28T03:54:32.444601Z","level":"INFO","fields":{"message":"Request Success: s3::get_range api call succeeded (request id 01KYHRVY2C4QH3ETMR81FKQM5P)."},"filename":"/home/runner/work/xet-core/xet-core/xet_client/src/cas_client/retry_wrapper.rs","line_number":210}
{"timestamp":"2026-07-28T03:54:32.446795Z","level":"INFO","fields":{"message":"Received CAS response","request_id":"01KYHRVY2BNHQ218K51MCVQKGK","status_code":206},"filename":"/home/runner/work/xet-core/xet-core/xet_client/src/common/http_client.rs","line_number":288}
{"timestamp":"2026-07-28T03:54:32.446833Z","level":"INFO","fields":{"message":"Request Success: s3::get_range api call succeeded (request id 01KYHRVY2BNHQ218K51MCVQKGK)."},"filename":"/home/runner/work/xet-core/xet-core/xet_client/src/cas_client/retry_wrapper.rs","line_number":210}
{"timestamp":"2026-07-28T03:54:32.448918Z","level":"INFO","fields":{"message":"Received CAS response","request_id":"01KYHRVY2J6KSDJ8NZVT9QEE3Q","status_code":206},"filename":"/home/runner/work/xet-core/xet-core/xet_client/src/common/http_client.rs","line_number":288}
{"timestamp":"2026-07-28T03:54:32.448942Z","level":"INFO","fields":{"message":"Request Success: s3::get_range api call succeeded (request id 01KYHRVY2J6KSDJ8NZVT9QEE3Q)."},"filename":"/home/runner/work/xet-core/xet-core/xet_client/src/cas_client/retry_wrapper.rs","line_number":210}
{"timestamp":"2026-07-28T03:54:32.452270Z","level":"INFO","fields":{"message":"Received CAS response","request_id":"01KYHRVY2QYXG2JGAZ6P2XS9A4","status_code":206},"filename":"/home/runner/work/xet-core/xet-core/xet_client/src/common/http_client.rs","line_number":288}
{"timestamp":"2026-07-28T03:54:32.452301Z","level":"INFO","fields":{"message":"Request Success: s3::get_range api call succeeded (request id 01KYHRVY2QYXG2JGAZ6P2XS9A4)."},"filename":"/home/runner/work/xet-core/xet-core/xet_client/src/cas_client/retry_wrapper.rs","line_number":210}
{"timestamp":"2026-07-28T03:54:32.453845Z","level":"INFO","fields":{"message":"Received CAS response","request_id":"01KYHRVY2DT4QRAPNWKNHE8K07","status_code":206},"filename":"/home/runner/work/xet-core/xet-core/xet_client/src/common/http_client.rs","line_number":288}
{"timestamp":"2026-07-28T03:54:32.453895Z","level":"INFO","fields":{"message":"Request Success: s3::get_range api call succeeded (request id 01KYHRVY2DT4QRAPNWKNHE8K07)."},"filename":"/home/runner/work/xet-core/xet-core/xet_client/src/cas_client/retry_wrapper.rs","line_number":210}
{"timestamp":"2026-07-28T03:54:32.456624Z","level":"INFO","fields":{"message":"Received CAS response","request_id":"01KYHRVY2Q9CGRS9MNJT0S77N6","status_code":206},"filename":"/home/runner/work/xet-core/xet-core/xet_client/src/common/http_client.rs","line_number":288}
{"timestamp":"2026-07-28T03:54:32.456649Z","level":"INFO","fields":{"message":"Request Success: s3::get_range api call succeeded (request id 01KYHRVY2Q9CGRS9MNJT0S77N6)."},"filename":"/home/runner/work/xet-core/xet-core/xet_client/src/cas_client/retry_wrapper.rs","line_number":210}
{"timestamp":"2026-07-28T03:54:32.458555Z","level":"INFO","fields":{"message":"Received CAS response","request_id":"01KYHRVY2N1FTMNFA7VT3RRD8K","status_code":206},"filename":"/home/runner/work/xet-core/xet-core/xet_client/src/common/http_client.rs","line_number":288}
{"timestamp":"2026-07-28T03:54:32.458580Z","level":"INFO","fields":{"message":"Request Success: s3::get_range api call succeeded (request id 01KYHRVY2N1FTMNFA7VT3RRD8K)."},"filename":"/home/runner/work/xet-core/xet-core/xet_client/src/cas_client/retry_wrapper.rs","line_number":210}
{"timestamp":"2026-07-28T03:54:32.461401Z","level":"INFO","fields":{"message":"Received CAS response","request_id":"01KYHRVY2PQJRRG9RKP5SJV6FM","status_code":206},"filename":"/home/runner/work/xet-core/xet-core/xet_client/src/common/http_client.rs","line_number":288}
{"timestamp":"2026-07-28T03:54:32.461429Z","level":"INFO","fields":{"message":"Request Success: s3::get_range api call succeeded (request id 01KYHRVY2PQJRRG9RKP5SJV6FM)."},"filename":"/home/runner/work/xet-core/xet-core/xet_client/src/cas_client/retry_wrapper.rs","line_number":210}
{"timestamp":"2026-07-28T03:54:32.463204Z","level":"INFO","fields":{"message":"Received CAS response","request_id":"01KYHRVY2HNRPQ16VXBXPM5WQW","status_code":206},"filename":"/home/runner/work/xet-core/xet-core/xet_client/src/common/http_client.rs","line_number":288}
{"timestamp":"2026-07-28T03:54:32.463229Z","level":"INFO","fields":{"message":"Request Success: s3::get_range api call succeeded (request id 01KYHRVY2HNRPQ16VXBXPM5WQW)."},"filename":"/home/runner/work/xet-core/xet-core/xet_client/src/cas_client/retry_wrapper.rs","line_number":210}
{"timestamp":"2026-07-28T03:54:32.472363Z","level":"INFO","fields":{"message":"Received CAS response","request_id":"01KYHRVY37K5TGAZ0WQF5Y48E6","status_code":206},"filename":"/home/runner/work/xet-core/xet-core/xet_client/src/common/http_client.rs","line_number":288}
{"timestamp":"2026-07-28T03:54:32.472390Z","level":"INFO","fields":{"message":"Request Success: s3::get_range api call succeeded (request id 01KYHRVY37K5TGAZ0WQF5Y48E6)."},"filename":"/home/runner/work/xet-core/xet-core/xet_client/src/cas_client/retry_wrapper.rs","line_number":210}
{"timestamp":"2026-07-28T03:54:32.474632Z","level":"INFO","fields":{"message":"Received CAS response","request_id":"01KYHRVY2VHSWY4DFE1XQ8RY1E","status_code":206},"filename":"/home/runner/work/xet-core/xet-core/xet_client/src/common/http_client.rs","line_number":288}
{"timestamp":"2026-07-28T03:54:32.474658Z","level":"INFO","fields":{"message":"Request Success: s3::get_range api call succeeded (request id 01KYHRVY2VHSWY4DFE1XQ8RY1E)."},"filename":"/home/runner/work/xet-core/xet-core/xet_client/src/cas_client/retry_wrapper.rs","line_number":210}
{"timestamp":"2026-07-28T03:54:32.483648Z","level":"INFO","fields":{"message":"Received CAS response","request_id":"01KYHRVY36FYVD25SD2QF1WHVG","status_code":206},"filename":"/home/runner/work/xet-core/xet-core/xet_client/src/common/http_client.rs","line_number":288}
{"timestamp":"2026-07-28T03:54:32.483682Z","level":"INFO","fields":{"message":"Request Success: s3::get_range api call succeeded (request id 01KYHRVY36FYVD25SD2QF1WHVG)."},"filename":"/home/runner/work/xet-core/xet-core/xet_client/src/cas_client/retry_wrapper.rs","line_number":210}
{"timestamp":"2026-07-28T03:54:33.182097Z","level":"INFO","fields":{"message":"Retry strategy","max_attempts":5,"base_delay":"3s","no_retry_on_429":false},"filename":"/home/runner/work/xet-core/xet-core/xet_client/src/cas_client/retry_wrapper.rs","line_number":249}
{"timestamp":"2026-07-28T03:54:33.192292Z","level":"INFO","fields":{"message":"Retry strategy","max_attempts":5,"base_delay":"3s","no_retry_on_429":false},"filename":"/home/runner/work/xet-core/xet-core/xet_client/src/cas_client/retry_wrapper.rs","line_number":249}
{"timestamp":"2026-07-28T03:54:33.229735Z","level":"INFO","fields":{"message":"Retry strategy","max_attempts":5,"base_delay":"3s","no_retry_on_429":false},"filename":"/home/runner/work/xet-core/xet-core/xet_client/src/cas_client/retry_wrapper.rs","line_number":249}
{"timestamp":"2026-07-28T03:54:33.252012Z","level":"INFO","fields":{"message":"Received CAS response","request_id":"01KYHRVYV3533G5VQZJ591V86J","status_code":206},"filename":"/home/runner/work/xet-core/xet-core/xet_client/src/common/http_client.rs","line_number":288}
{"timestamp":"2026-07-28T03:54:33.252060Z","level":"INFO","fields":{"message":"Request Success: s3::get_range api call succeeded (request id 01KYHRVYV3533G5VQZJ591V86J)."},"filename":"/home/runner/work/xet-core/xet-core/xet_client/src/cas_client/retry_wrapper.rs","line_number":210}
{"timestamp":"2026-07-28T03:54:33.305218Z","level":"INFO","fields":{"message":"Received CAS response","request_id":"01KYHRVYX67NMSKV8MNMQ559AH","status_code":206},"filename":"/home/runner/work/xet-core/xet-core/xet_client/src/common/http_client.rs","line_number":288}
{"timestamp":"2026-07-28T03:54:33.305277Z","level":"INFO","fields":{"message":"Request Success: s3::get_range api call succeeded (request id 01KYHRVYX67NMSKV8MNMQ559AH)."},"filename":"/home/runner/work/xet-core/xet-core/xet_client/src/cas_client/retry_wrapper.rs","line_number":210}
{"timestamp":"2026-07-28T03:54:33.316025Z","level":"INFO","fields":{"message":"Received CAS response","request_id":"01KYHRVYX9DXNKAKS9TZ3ZBTE3","status_code":206},"filename":"/home/runner/work/xet-core/xet-core/xet_client/src/common/http_client.rs","line_number":288}
{"timestamp":"2026-07-28T03:54:33.316063Z","level":"INFO","fields":{"message":"Request Success: s3::get_range api call succeeded (request id 01KYHRVYX9DXNKAKS9TZ3ZBTE3)."},"filename":"/home/runner/work/xet-core/xet-core/xet_client/src/cas_client/retry_wrapper.rs","line_number":210}
{"timestamp":"2026-07-28T03:54:33.336357Z","level":"INFO","fields":{"message":"Retry strategy","max_attempts":5,"base_delay":"3s","no_retry_on_429":false},"filename":"/home/runner/work/xet-core/xet-core/xet_client/src/cas_client/retry_wrapper.rs","line_number":249}
{"timestamp":"2026-07-28T03:54:33.408962Z","level":"INFO","fields":{"message":"Received CAS response","request_id":"01KYHRVYZRSKB0W5QD2JF8SSH7","status_code":206},"filename":"/home/runner/work/xet-core/xet-core/xet_client/src/common/http_client.rs","line_number":288}
{"timestamp":"2026-07-28T03:54:33.409002Z","level":"INFO","fields":{"message":"Request Success: s3::get_range api call succeeded (request id 01KYHRVYZRSKB0W5QD2JF8SSH7)."},"filename":"/home/runner/work/xet-core/xet-core/xet_client/src/cas_client/retry_wrapper.rs","line_number":210}
{"timestamp":"2026-07-28T03:54:33.504687Z","level":"INFO","fields":{"message":"Retry strategy","max_attempts":5,"base_delay":"3s","no_retry_on_429":false},"filename":"/home/runner/work/xet-core/xet-core/xet_client/src/cas_client/retry_wrapper.rs","line_number":249}
{"timestamp":"2026-07-28T03:54:33.669413Z","level":"INFO","fields":{"message":"Received CAS response","request_id":"01KYHRVZ560RYSBECBCYFVNZYV","status_code":206},"filename":"/home/runner/work/xet-core/xet-core/xet_client/src/common/http_client.rs","line_number":288}
{"timestamp":"2026-07-28T03:54:33.669456Z","level":"INFO","fields":{"message":"Request Success: s3::get_range api call succeeded (request id 01KYHRVZ560RYSBECBCYFVNZYV)."},"filename":"/home/runner/work/xet-core/xet-core/xet_client/src/cas_client/retry_wrapper.rs","line_number":210}
{"timestamp":"2026-07-28T03:54:34.199664Z","level":"INFO","fields":{"message":"Retry strategy","max_attempts":5,"base_delay":"3s","no_retry_on_429":false},"filename":"/home/runner/work/xet-core/xet-core/xet_client/src/cas_client/retry_wrapper.rs","line_number":249}
{"timestamp":"2026-07-28T03:54:34.382263Z","level":"INFO","fields":{"message":"Received CAS response","request_id":"01KYHRVZTZ9E0MWYS8MKFFKWPP","status_code":206},"filename":"/home/runner/work/xet-core/xet-core/xet_client/src/common/http_client.rs","line_number":288}
{"timestamp":"2026-07-28T03:54:34.382299Z","level":"INFO","fields":{"message":"Request Success: s3::get_range api call succeeded (request id 01KYHRVZTZ9E0MWYS8MKFFKWPP)."},"filename":"/home/runner/work/xet-core/xet-core/xet_client/src/cas_client/retry_wrapper.rs","line_number":210}
{"timestamp":"2026-07-28T03:54:34.607887Z","level":"INFO","fields":{"message":"Retry strategy","max_attempts":5,"base_delay":"3s","no_retry_on_429":false},"filename":"/home/runner/work/xet-core/xet-core/xet_client/src/cas_client/retry_wrapper.rs","line_number":249}
{"timestamp":"2026-07-28T03:54:34.674821Z","level":"INFO","fields":{"message":"Received CAS response","request_id":"01KYHRW07F66934ENZASR8GPRB","status_code":206},"filename":"/home/runner/work/xet-core/xet-core/xet_client/src/common/http_client.rs","line_number":288}
{"timestamp":"2026-07-28T03:54:34.674853Z","level":"INFO","fields":{"message":"Request Success: s3::get_range api call succeeded (request id 01KYHRW07F66934ENZASR8GPRB)."},"filename":"/home/runner/work/xet-core/xet-core/xet_client/src/cas_client/retry_wrapper.rs","line_number":210}
{"timestamp":"2026-07-28T03:54:35.748738Z","level":"INFO","fields":{"message":"Retry strategy","max_attempts":5,"base_delay":"3s","no_retry_on_429":false},"filename":"/home/runner/work/xet-core/xet-core/xet_client/src/cas_client/retry_wrapper.rs","line_number":249}
{"timestamp":"2026-07-28T03:54:35.837232Z","level":"INFO","fields":{"message":"Received CAS response","request_id":"01KYHRW1BMZSEQA7XZSGRZX1EQ","status_code":206},"filename":"/home/runner/work/xet-core/xet-core/xet_client/src/common/http_client.rs","line_number":288}
{"timestamp":"2026-07-28T03:54:35.837311Z","level":"INFO","fields":{"message":"Request Success: s3::get_range api call succeeded (request id 01KYHRW1BMZSEQA7XZSGRZX1EQ)."},"filename":"/home/runner/work/xet-core/xet-core/xet_client/src/cas_client/retry_wrapper.rs","line_number":210}
{"timestamp":"2026-07-28T03:54:36.078299Z","level":"INFO","fields":{"message":"Retry strategy","max_attempts":5,"base_delay":"3s","no_retry_on_429":false},"filename":"/home/runner/work/xet-core/xet-core/xet_client/src/cas_client/retry_wrapper.rs","line_number":249}
{"timestamp":"2026-07-28T03:54:36.086241Z","level":"INFO","fields":{"message":"Retry strategy","max_attempts":5,"base_delay":"3s","no_retry_on_429":false},"filename":"/home/runner/work/xet-core/xet-core/xet_client/src/cas_client/retry_wrapper.rs","line_number":249}
{"timestamp":"2026-07-28T03:54:36.148404Z","level":"INFO","fields":{"message":"Received CAS response","request_id":"01KYHRW1NGB9CAX1YQNT3N1WFM","status_code":206},"filename":"/home/runner/work/xet-core/xet-core/xet_client/src/common/http_client.rs","line_number":288}
{"timestamp":"2026-07-28T03:54:36.148443Z","level":"INFO","fields":{"message":"Request Success: s3::get_range api call succeeded (request id 01KYHRW1NGB9CAX1YQNT3N1WFM)."},"filename":"/home/runner/work/xet-core/xet-core/xet_client/src/cas_client/retry_wrapper.rs","line_number":210}
{"timestamp":"2026-07-28T03:54:36.150672Z","level":"INFO","fields":{"message":"Received CAS response","request_id":"01KYHRW1NPEDZ2YB1YNT58PA33","status_code":206},"filename":"/home/runner/work/xet-core/xet-core/xet_client/src/common/http_client.rs","line_number":288}
{"timestamp":"2026-07-28T03:54:36.150702Z","level":"INFO","fields":{"message":"Request Success: s3::get_range api call succeeded (request id 01KYHRW1NPEDZ2YB1YNT58PA33)."},"filename":"/home/runner/work/xet-core/xet-core/xet_client/src/cas_client/retry_wrapper.rs","line_number":210}
{"timestamp":"2026-07-28T03:54:36.240545Z","level":"INFO","fields":{"message":"Retry strategy","max_attempts":5,"base_delay":"3s","no_retry_on_429":false},"filename":"/home/runner/work/xet-core/xet-core/xet_client/src/cas_client/retry_wrapper.rs","line_number":249}
{"timestamp":"2026-07-28T03:54:36.301321Z","level":"INFO","fields":{"message":"Received CAS response","request_id":"01KYHRW1TJDM3Z98Q612HWQFHX","status_code":206},"filename":"/home/runner/work/xet-core/xet-core/xet_client/src/common/http_client.rs","line_number":288}
{"timestamp":"2026-07-28T03:54:36.301354Z","level":"INFO","fields":{"message":"Request Success: s3::get_range api call succeeded (request id 01KYHRW1TJDM3Z98Q612HWQFHX)."},"filename":"/home/runner/work/xet-core/xet-core/xet_client/src/cas_client/retry_wrapper.rs","line_number":210}
{"timestamp":"2026-07-28T03:54:36.767851Z","level":"INFO","fields":{"message":"Retry strategy","max_attempts":5,"base_delay":"3s","no_retry_on_429":false},"filename":"/home/runner/work/xet-core/xet-core/xet_client/src/cas_client/retry_wrapper.rs","line_number":249}
{"timestamp":"2026-07-28T03:54:36.768474Z","level":"INFO","fields":{"message":"Retry strategy","max_attempts":5,"base_delay":"3s","no_retry_on_429":false},"filename":"/home/runner/work/xet-core/xet-core/xet_client/src/cas_client/retry_wrapper.rs","line_number":249}
{"timestamp":"2026-07-28T03:54:36.839734Z","level":"INFO","fields":{"message":"Retry strategy","max_attempts":5,"base_delay":"3s","no_retry_on_429":false},"filename":"/home/runner/work/xet-core/xet-core/xet_client/src/cas_client/retry_wrapper.rs","line_number":249}
{"timestamp":"2026-07-28T03:54:36.839827Z","level":"INFO","fields":{"message":"Received CAS response","request_id":"01KYHRW2BFRZX0R1G5RX6A5KG7","status_code":206},"filename":"/home/runner/work/xet-core/xet-core/xet_client/src/common/http_client.rs","line_number":288}
{"timestamp":"2026-07-28T03:54:36.839836Z","level":"INFO","fields":{"message":"Request Success: s3::get_range api call succeeded (request id 01KYHRW2BFRZX0R1G5RX6A5KG7)."},"filename":"/home/runner/work/xet-core/xet-core/xet_client/src/cas_client/retry_wrapper.rs","line_number":210}
{"timestamp":"2026-07-28T03:54:36.841841Z","level":"INFO","fields":{"message":"Received CAS response","request_id":"01KYHRW2BFMTTGMHNA70M9BTJY","status_code":206},"filename":"/home/runner/work/xet-core/xet-core/xet_client/src/common/http_client.rs","line_number":288}
{"timestamp":"2026-07-28T03:54:36.841863Z","level":"INFO","fields":{"message":"Request Success: s3::get_range api call succeeded (request id 01KYHRW2BFMTTGMHNA70M9BTJY)."},"filename":"/home/runner/work/xet-core/xet-core/xet_client/src/cas_client/retry_wrapper.rs","line_number":210}
{"timestamp":"2026-07-28T03:54:36.907208Z","level":"INFO","fields":{"message":"Received CAS response","request_id":"01KYHRW2DB78VY65RETRPXMNP4","status_code":206},"filename":"/home/runner/work/xet-core/xet-core/xet_client/src/common/http_client.rs","line_number":288}
{"timestamp":"2026-07-28T03:54:36.907249Z","level":"INFO","fields":{"message":"Request Success: s3::get_range api call succeeded (request id 01KYHRW2DB78VY65RETRPXMNP4)."},"filename":"/home/runner/work/xet-core/xet-core/xet_client/src/cas_client/retry_wrapper.rs","line_number":210}
{"timestamp":"2026-07-28T03:54:36.972146Z","level":"INFO","fields":{"message":"Retry strategy","max_attempts":5,"base_delay":"3s","no_retry_on_429":false},"filename":"/home/runner/work/xet-core/xet-core/xet_client/src/cas_client/retry_wrapper.rs","line_number":249}
{"timestamp":"2026-07-28T03:54:37.041230Z","level":"INFO","fields":{"message":"Received CAS response","request_id":"01KYHRW2HC20TKYY4DZ8411STB","status_code":206},"filename":"/home/runner/work/xet-core/xet-core/xet_client/src/common/http_client.rs","line_number":288}
{"timestamp":"2026-07-28T03:54:37.041262Z","level":"INFO","fields":{"message":"Request Success: s3::get_range api call succeeded (request id 01KYHRW2HC20TKYY4DZ8411STB)."},"filename":"/home/runner/work/xet-core/xet-core/xet_client/src/cas_client/retry_wrapper.rs","line_number":210}
{"timestamp":"2026-07-28T03:54:37.287688Z","level":"INFO","fields":{"message":"Retry strategy","max_attempts":5,"base_delay":"3s","no_retry_on_429":false},"filename":"/home/runner/work/xet-core/xet-core/xet_client/src/cas_client/retry_wrapper.rs","line_number":249}
{"timestamp":"2026-07-28T03:54:37.364234Z","level":"INFO","fields":{"message":"Received CAS response","request_id":"01KYHRW2VDGTQK299MT6Q96PAY","status_code":206},"filename":"/home/runner/work/xet-core/xet-core/xet_client/src/common/http_client.rs","line_number":288}
{"timestamp":"2026-07-28T03:54:37.364266Z","level":"INFO","fields":{"message":"Request Success: s3::get_range api call succeeded (request id 01KYHRW2VDGTQK299MT6Q96PAY)."},"filename":"/home/runner/work/xet-core/xet-core/xet_client/src/cas_client/retry_wrapper.rs","line_number":210}
{"timestamp":"2026-07-28T03:54:37.553520Z","level":"INFO","fields":{"message":"Retry strategy","max_attempts":5,"base_delay":"3s","no_retry_on_429":false},"filename":"/home/runner/work/xet-core/xet-core/xet_client/src/cas_client/retry_wrapper.rs","line_number":249}
{"timestamp":"2026-07-28T03:54:37.577695Z","level":"INFO","fields":{"message":"Retry strategy","max_attempts":5,"base_delay":"3s","no_retry_on_429":false},"filename":"/home/runner/work/xet-core/xet-core/xet_client/src/cas_client/retry_wrapper.rs","line_number":249}
{"timestamp":"2026-07-28T03:54:37.602152Z","level":"INFO","fields":{"message":"Retry strategy","max_attempts":5,"base_delay":"3s","no_retry_on_429":false},"filename":"/home/runner/work/xet-core/xet-core/xet_client/src/cas_client/retry_wrapper.rs","line_number":249}
{"timestamp":"2026-07-28T03:54:37.617331Z","level":"INFO","fields":{"message":"Retry strategy","max_attempts":5,"base_delay":"3s","no_retry_on_429":false},"filename":"/home/runner/work/xet-core/xet-core/xet_client/src/cas_client/retry_wrapper.rs","line_number":249}
{"timestamp":"2026-07-28T03:54:37.618186Z","level":"INFO","fields":{"message":"Received CAS response","request_id":"01KYHRW33J42SKCFX9XY3B8G4Z","status_code":206},"filename":"/home/runner/work/xet-core/xet-core/xet_client/src/common/http_client.rs","line_number":288}
{"timestamp":"2026-07-28T03:54:37.618212Z","level":"INFO","fields":{"message":"Request Success: s3::get_range api call succeeded (request id 01KYHRW33J42SKCFX9XY3B8G4Z)."},"filename":"/home/runner/work/xet-core/xet-core/xet_client/src/cas_client/retry_wrapper.rs","line_number":210}
{"timestamp":"2026-07-28T03:54:37.651118Z","level":"INFO","fields":{"message":"Received CAS response","request_id":"01KYHRW34CK7PYKKNTYQDB9FNA","status_code":206},"filename":"/home/runner/work/xet-core/xet-core/xet_client/src/common/http_client.rs","line_number":288}
{"timestamp":"2026-07-28T03:54:37.651153Z","level":"INFO","fields":{"message":"Request Success: s3::get_range api call succeeded (request id 01KYHRW34CK7PYKKNTYQDB9FNA)."},"filename":"/home/runner/work/xet-core/xet-core/xet_client/src/cas_client/retry_wrapper.rs","line_number":210}
{"timestamp":"2026-07-28T03:54:37.662316Z","level":"INFO","fields":{"message":"Received CAS response","request_id":"01KYHRW351RBRZTWRNYVC00DWH","status_code":206},"filename":"/home/runner/work/xet-core/xet-core/xet_client/src/common/http_client.rs","line_number":288}
{"timestamp":"2026-07-28T03:54:37.662349Z","level":"INFO","fields":{"message":"Request Success: s3::get_range api call succeeded (request id 01KYHRW351RBRZTWRNYVC00DWH)."},"filename":"/home/runner/work/xet-core/xet-core/xet_client/src/cas_client/retry_wrapper.rs","line_number":210}
{"timestamp":"2026-07-28T03:54:37.708924Z","level":"INFO","fields":{"message":"Received CAS response","request_id":"01KYHRW363T02N3AGRG907D7KM","status_code":206},"filename":"/home/runner/work/xet-core/xet-core/xet_client/src/common/http_client.rs","line_number":288}
{"timestamp":"2026-07-28T03:54:37.708958Z","level":"INFO","fields":{"message":"Request Success: s3::get_range api call succeeded (request id 01KYHRW363T02N3AGRG907D7KM)."},"filename":"/home/runner/work/xet-core/xet-core/xet_client/src/cas_client/retry_wrapper.rs","line_number":210}
{"timestamp":"2026-07-28T03:54:37.971088Z","level":"INFO","fields":{"message":"Retry strategy","max_attempts":5,"base_delay":"3s","no_retry_on_429":false},"filename":"/home/runner/work/xet-core/xet-core/xet_client/src/cas_client/retry_wrapper.rs","line_number":249}
{"timestamp":"2026-07-28T03:54:38.102011Z","level":"INFO","fields":{"message":"Received CAS response","request_id":"01KYHRW3JX1YN61N5DRKP05EAC","status_code":206},"filename":"/home/runner/work/xet-core/xet-core/xet_client/src/common/http_client.rs","line_number":288}
{"timestamp":"2026-07-28T03:54:38.102041Z","level":"INFO","fields":{"message":"Request Success: s3::get_range api call succeeded (request id 01KYHRW3JX1YN61N5DRKP05EAC)."},"filename":"/home/runner/work/xet-core/xet-core/xet_client/src/cas_client/retry_wrapper.rs","line_number":210}
{"timestamp":"2026-07-28T03:54:38.234603Z","level":"INFO","fields":{"message":"Retry strategy","max_attempts":5,"base_delay":"3s","no_retry_on_429":false},"filename":"/home/runner/work/xet-core/xet-core/xet_client/src/cas_client/retry_wrapper.rs","line_number":249}
{"timestamp":"2026-07-28T03:54:38.307123Z","level":"INFO","fields":{"message":"Received CAS response","request_id":"01KYHRW3RXMBPDT5AQPAREPDRP","status_code":206},"filename":"/home/runner/work/xet-core/xet-core/xet_client/src/common/http_client.rs","line_number":288}
{"timestamp":"2026-07-28T03:54:38.307160Z","level":"INFO","fields":{"message":"Request Success: s3::get_range api call succeeded (request id 01KYHRW3RXMBPDT5AQPAREPDRP)."},"filename":"/home/runner/work/xet-core/xet-core/xet_client/src/cas_client/retry_wrapper.rs","line_number":210}
{"timestamp":"2026-07-28T03:54:38.311984Z","level":"INFO","fields":{"message":"Retry strategy","max_attempts":5,"base_delay":"3s","no_retry_on_429":false},"filename":"/home/runner/work/xet-core/xet-core/xet_client/src/cas_client/retry_wrapper.rs","line_number":249}
{"timestamp":"2026-07-28T03:54:38.388412Z","level":"INFO","fields":{"message":"Received CAS response","request_id":"01KYHRW3VGJ29CQVZ2XFAFPQMH","status_code":206},"filename":"/home/runner/work/xet-core/xet-core/xet_client/src/common/http_client.rs","line_number":288}
{"timestamp":"2026-07-28T03:54:38.388448Z","level":"INFO","fields":{"message":"Request Success: s3::get_range api call succeeded (request id 01KYHRW3VGJ29CQVZ2XFAFPQMH)."},"filename":"/home/runner/work/xet-core/xet-core/xet_client/src/cas_client/retry_wrapper.rs","line_number":210}
{"timestamp":"2026-07-28T03:54:38.416862Z","level":"INFO","fields":{"message":"Retry strategy","max_attempts":5,"base_delay":"3s","no_retry_on_429":false},"filename":"/home/runner/work/xet-core/xet-core/xet_client/src/cas_client/retry_wrapper.rs","line_number":249}
{"timestamp":"2026-07-28T03:54:38.489789Z","level":"INFO","fields":{"message":"Received CAS response","request_id":"01KYHRW3YMEKW6336P584M3KJT","status_code":206},"filename":"/home/runner/work/xet-core/xet-core/xet_client/src/common/http_client.rs","line_number":288}
{"timestamp":"2026-07-28T03:54:38.489822Z","level":"INFO","fields":{"message":"Request Success: s3::get_range api call succeeded (request id 01KYHRW3YMEKW6336P584M3KJT)."},"filename":"/home/runner/work/xet-core/xet-core/xet_client/src/cas_client/retry_wrapper.rs","line_number":210}
{"timestamp":"2026-07-28T03:54:38.558992Z","level":"INFO","fields":{"message":"Retry strategy","max_attempts":5,"base_delay":"3s","no_retry_on_429":false},"filename":"/home/runner/work/xet-core/xet-core/xet_client/src/cas_client/retry_wrapper.rs","line_number":249}
{"timestamp":"2026-07-28T03:54:38.595661Z","level":"INFO","fields":{"message":"Concurrency control for download: Increased concurrency from 4 to 5; reason: success ratio 1.000 is above threshold 0.800 and predicted RTT for 1MB at new concurrency is 3.03s < target 60.0s"},"filename":"/home/runner/work/xet-core/xet-core/xet_client/src/cas_client/adaptive_concurrency/controller.rs","line_number":543}
{"timestamp":"2026-07-28T03:54:38.595707Z","level":"INFO","fields":{"message":"Retry strategy","max_attempts":5,"base_delay":"3s","no_retry_on_429":false},"filename":"/home/runner/work/xet-core/xet-core/xet_client/src/cas_client/retry_wrapper.rs","line_number":249}
{"timestamp":"2026-07-28T03:54:38.667932Z","level":"INFO","fields":{"message":"Retry strategy","max_attempts":5,"base_delay":"3s","no_retry_on_429":false},"filename":"/home/runner/work/xet-core/xet-core/xet_client/src/cas_client/retry_wrapper.rs","line_number":249}
{"timestamp":"2026-07-28T03:54:38.679243Z","level":"INFO","fields":{"message":"Received CAS response","request_id":"01KYHRW4478EFSBCKGA3A9RV3Y","status_code":206},"filename":"/home/runner/work/xet-core/xet-core/xet_client/src/common/http_client.rs","line_number":288}
{"timestamp":"2026-07-28T03:54:38.679277Z","level":"INFO","fields":{"message":"Request Success: s3::get_range api call succeeded (request id 01KYHRW4478EFSBCKGA3A9RV3Y)."},"filename":"/home/runner/work/xet-core/xet-core/xet_client/src/cas_client/retry_wrapper.rs","line_number":210}
{"timestamp":"2026-07-28T03:54:38.719856Z","level":"INFO","fields":{"message":"Received CAS response","request_id":"01KYHRW4381ENXD8SMDCJ787EV","status_code":206},"filename":"/home/runner/work/xet-core/xet-core/xet_client/src/common/http_client.rs","line_number":288}
{"timestamp":"2026-07-28T03:54:38.719896Z","level":"INFO","fields":{"message":"Request Success: s3::get_range api call succeeded (request id 01KYHRW4381ENXD8SMDCJ787EV)."},"filename":"/home/runner/work/xet-core/xet-core/xet_client/src/cas_client/retry_wrapper.rs","line_number":210}
{"timestamp":"2026-07-28T03:54:38.929679Z","level":"INFO","fields":{"message":"Received CAS response","request_id":"01KYHRW46B2X4ZR4CWVDG3W0CT","status_code":206},"filename":"/home/runner/work/xet-core/xet-core/xet_client/src/common/http_client.rs","line_number":288}
{"timestamp":"2026-07-28T03:54:38.929721Z","level":"INFO","fields":{"message":"Request Success: s3::get_range api call succeeded (request id 01KYHRW46B2X4ZR4CWVDG3W0CT)."},"filename":"/home/runner/work/xet-core/xet-core/xet_client/src/cas_client/retry_wrapper.rs","line_number":210}
{"timestamp":"2026-07-28T03:54:39.128593Z","level":"INFO","fields":{"message":"Concurrency control for download: Increased concurrency from 5 to 6; reason: success ratio 1.000 is above threshold 0.800 and predicted RTT for 1MB at new concurrency is 3.43s < target 60.0s"},"filename":"/home/runner/work/xet-core/xet-core/xet_client/src/cas_client/adaptive_concurrency/controller.rs","line_number":543}
{"timestamp":"2026-07-28T03:54:39.270918Z","level":"INFO","fields":{"message":"Retry strategy","max_attempts":5,"base_delay":"3s","no_retry_on_429":false},"filename":"/home/runner/work/xet-core/xet-core/xet_client/src/cas_client/retry_wrapper.rs","line_number":249}
{"timestamp":"2026-07-28T03:54:39.365306Z","level":"INFO","fields":{"message":"Received CAS response","request_id":"01KYHRW4SXET19K2H0F5Q5X2B6","status_code":206},"filename":"/home/runner/work/xet-core/xet-core/xet_client/src/common/http_client.rs","line_number":288}
{"timestamp":"2026-07-28T03:54:39.365364Z","level":"INFO","fields":{"message":"Request Success: s3::get_range api call succeeded (request id 01KYHRW4SXET19K2H0F5Q5X2B6)."},"filename":"/home/runner/work/xet-core/xet-core/xet_client/src/cas_client/retry_wrapper.rs","line_number":210}
{"timestamp":"2026-07-28T03:54:39.680004Z","level":"INFO","fields":{"message":"Concurrency control for download: Increased concurrency from 6 to 7; reason: success ratio 1.000 is above threshold 0.800 and predicted RTT for 1MB at new concurrency is 3.90s < target 60.0s"},"filename":"/home/runner/work/xet-core/xet-core/xet_client/src/cas_client/adaptive_concurrency/controller.rs","line_number":543}
{"timestamp":"2026-07-28T03:54:40.063754Z","level":"INFO","fields":{"message":"Retry strategy","max_attempts":5,"base_delay":"3s","no_retry_on_429":false},"filename":"/home/runner/work/xet-core/xet-core/xet_client/src/cas_client/retry_wrapper.rs","line_number":249}
{"timestamp":"2026-07-28T03:54:40.093260Z","level":"INFO","fields":{"message":"Retry strategy","max_attempts":5,"base_delay":"3s","no_retry_on_429":false},"filename":"/home/runner/work/xet-core/xet-core/xet_client/src/cas_client/retry_wrapper.rs","line_number":249}
{"timestamp":"2026-07-28T03:54:40.131443Z","level":"INFO","fields":{"message":"Received CAS response","request_id":"01KYHRW5J0BMMQAAD3F3HRAS82","status_code":206},"filename":"/home/runner/work/xet-core/xet-core/xet_client/src/common/http_client.rs","line_number":288}
{"timestamp":"2026-07-28T03:54:40.131474Z","level":"INFO","fields":{"message":"Request Success: s3::get_range api call succeeded (request id 01KYHRW5J0BMMQAAD3F3HRAS82)."},"filename":"/home/runner/work/xet-core/xet-core/xet_client/src/cas_client/retry_wrapper.rs","line_number":210}
{"timestamp":"2026-07-28T03:54:40.166570Z","level":"INFO","fields":{"message":"Received CAS response","request_id":"01KYHRW5JY674Y2D2D8EQ8ZEP2","status_code":206},"filename":"/home/runner/work/xet-core/xet-core/xet_client/src/common/http_client.rs","line_number":288}
{"timestamp":"2026-07-28T03:54:40.166602Z","level":"INFO","fields":{"message":"Request Success: s3::get_range api call succeeded (request id 01KYHRW5JY674Y2D2D8EQ8ZEP2)."},"filename":"/home/runner/work/xet-core/xet-core/xet_client/src/cas_client/retry_wrapper.rs","line_number":210}
{"timestamp":"2026-07-28T03:54:40.317332Z","level":"INFO","fields":{"message":"Retry strategy","max_attempts":5,"base_delay":"3s","no_retry_on_429":false},"filename":"/home/runner/work/xet-core/xet-core/xet_client/src/cas_client/retry_wrapper.rs","line_number":249}
{"timestamp":"2026-07-28T03:54:40.319847Z","level":"INFO","fields":{"message":"Concurrency control for download: Increased concurrency from 7 to 8; reason: success ratio 1.000 is above threshold 0.800 and predicted RTT for 1MB at new concurrency is 4.18s < target 60.0s"},"filename":"/home/runner/work/xet-core/xet-core/xet_client/src/cas_client/adaptive_concurrency/controller.rs","line_number":543}
{"timestamp":"2026-07-28T03:54:40.430537Z","level":"INFO","fields":{"message":"Received CAS response","request_id":"01KYHRW5VDX8JZ0AJV4T1BVKSS","status_code":206},"filename":"/home/runner/work/xet-core/xet-core/xet_client/src/common/http_client.rs","line_number":288}
{"timestamp":"2026-07-28T03:54:40.430574Z","level":"INFO","fields":{"message":"Request Success: s3::get_range api call succeeded (request id 01KYHRW5VDX8JZ0AJV4T1BVKSS)."},"filename":"/home/runner/work/xet-core/xet-core/xet_client/src/cas_client/retry_wrapper.rs","line_number":210}
{"timestamp":"2026-07-28T03:54:40.756509Z","level":"INFO","fields":{"message":"Retry strategy","max_attempts":5,"base_delay":"3s","no_retry_on_429":false},"filename":"/home/runner/work/xet-core/xet-core/xet_client/src/cas_client/retry_wrapper.rs","line_number":249}
{"timestamp":"2026-07-28T03:54:40.828489Z","level":"INFO","fields":{"message":"Concurrency control for download: Increased concurrency from 8 to 9; reason: success ratio 1.000 is above threshold 0.800 and predicted RTT for 1MB at new concurrency is 4.70s < target 60.0s"},"filename":"/home/runner/work/xet-core/xet-core/xet_client/src/cas_client/adaptive_concurrency/controller.rs","line_number":543}
{"timestamp":"2026-07-28T03:54:40.837961Z","level":"INFO","fields":{"message":"Received CAS response","request_id":"01KYHRW67XE4KGPJQ8ATVCK4V4","status_code":206},"filename":"/home/runner/work/xet-core/xet-core/xet_client/src/common/http_client.rs","line_number":288}
{"timestamp":"2026-07-28T03:54:40.838000Z","level":"INFO","fields":{"message":"Request Success: s3::get_range api call succeeded (request id 01KYHRW67XE4KGPJQ8ATVCK4V4)."},"filename":"/home/runner/work/xet-core/xet-core/xet_client/src/cas_client/retry_wrapper.rs","line_number":210}
{"timestamp":"2026-07-28T03:54:40.858385Z","level":"INFO","fields":{"message":"Retry strategy","max_attempts":5,"base_delay":"3s","no_retry_on_429":false},"filename":"/home/runner/work/xet-core/xet-core/xet_client/src/cas_client/retry_wrapper.rs","line_number":249}
{"timestamp":"2026-07-28T03:54:40.936346Z","level":"INFO","fields":{"message":"Received CAS response","request_id":"01KYHRW6B9ZXTXKDXKG8ZYV18X","status_code":206},"filename":"/home/runner/work/xet-core/xet-core/xet_client/src/common/http_client.rs","line_number":288}
{"timestamp":"2026-07-28T03:54:40.936383Z","level":"INFO","fields":{"message":"Request Success: s3::get_range api call succeeded (request id 01KYHRW6B9ZXTXKDXKG8ZYV18X)."},"filename":"/home/runner/work/xet-core/xet-core/xet_client/src/cas_client/retry_wrapper.rs","line_number":210}
{"timestamp":"2026-07-28T03:54:40.959672Z","level":"INFO","fields":{"message":"Retry strategy","max_attempts":5,"base_delay":"3s","no_retry_on_429":false},"filename":"/home/runner/work/xet-core/xet-core/xet_client/src/cas_client/retry_wrapper.rs","line_number":249}
{"timestamp":"2026-07-28T03:54:41.033261Z","level":"INFO","fields":{"message":"Received CAS response","request_id":"01KYHRW6E6KXJ3469FA8SFY7M7","status_code":206},"filename":"/home/runner/work/xet-core/xet-core/xet_client/src/common/http_client.rs","line_number":288}
{"timestamp":"2026-07-28T03:54:41.033308Z","level":"INFO","fields":{"message":"Request Success: s3::get_range api call succeeded (request id 01KYHRW6E6KXJ3469FA8SFY7M7)."},"filename":"/home/runner/work/xet-core/xet-core/xet_client/src/cas_client/retry_wrapper.rs","line_number":210}
{"timestamp":"2026-07-28T03:54:41.289579Z","level":"INFO","fields":{"message":"Retry strategy","max_attempts":5,"base_delay":"3s","no_retry_on_429":false},"filename":"/home/runner/work/xet-core/xet-core/xet_client/src/cas_client/retry_wrapper.rs","line_number":249}
{"timestamp":"2026-07-28T03:54:41.337803Z","level":"INFO","fields":{"message":"Concurrency control for download: Increased concurrency from 9 to 10; reason: success ratio 1.000 is above threshold 0.800 and predicted RTT for 3MB at new concurrency is 14.34s < target 60.0s"},"filename":"/home/runner/work/xet-core/xet-core/xet_client/src/cas_client/adaptive_concurrency/controller.rs","line_number":543}
{"timestamp":"2026-07-28T03:54:41.381499Z","level":"INFO","fields":{"message":"Received CAS response","request_id":"01KYHRW6RS39HYYWCS5HV1X05W","status_code":206},"filename":"/home/runner/work/xet-core/xet-core/xet_client/src/common/http_client.rs","line_number":288}
{"timestamp":"2026-07-28T03:54:41.381532Z","level":"INFO","fields":{"message":"Request Success: s3::get_range api call succeeded (request id 01KYHRW6RS39HYYWCS5HV1X05W)."},"filename":"/home/runner/work/xet-core/xet-core/xet_client/src/cas_client/retry_wrapper.rs","line_number":210}
{"timestamp":"2026-07-28T03:54:41.486802Z","level":"INFO","fields":{"message":"Retry strategy","max_attempts":5,"base_delay":"3s","no_retry_on_429":false},"filename":"/home/runner/work/xet-core/xet-core/xet_client/src/cas_client/retry_wrapper.rs","line_number":249}
{"timestamp":"2026-07-28T03:54:41.550155Z","level":"INFO","fields":{"message":"Retry strategy","max_attempts":5,"base_delay":"3s","no_retry_on_429":false},"filename":"/home/runner/work/xet-core/xet-core/xet_client/src/cas_client/retry_wrapper.rs","line_number":249}
{"timestamp":"2026-07-28T03:54:41.552667Z","level":"INFO","fields":{"message":"Received CAS response","request_id":"01KYHRW6YHR73GJSZEYEA0TFNC","status_code":206},"filename":"/home/runner/work/xet-core/xet-core/xet_client/src/common/http_client.rs","line_number":288}
{"timestamp":"2026-07-28T03:54:41.552708Z","level":"INFO","fields":{"message":"Request Success: s3::get_range api call succeeded (request id 01KYHRW6YHR73GJSZEYEA0TFNC)."},"filename":"/home/runner/work/xet-core/xet-core/xet_client/src/cas_client/retry_wrapper.rs","line_number":210}
{"timestamp":"2026-07-28T03:54:41.586976Z","level":"INFO","fields":{"message":"Concurrency control for download: Current concurrency = 4; predicted bandwidth = 2303658; success_ratio = 1.000; reference_size = 61.0MB; observed bytes sent so far = 16223599; completed transmissions = 1"},"filename":"/home/runner/work/xet-core/xet-core/xet_client/src/cas_client/adaptive_concurrency/controller.rs","line_number":597}
{"timestamp":"2026-07-28T03:54:41.606077Z","level":"INFO","fields":{"message":"Concurrency control for download: Current concurrency = 4; predicted bandwidth = 2421047; success_ratio = 1.000; reference_size = 2.4MB; observed bytes sent so far = 17115619; completed transmissions = 13"},"filename":"/home/runner/work/xet-core/xet-core/xet_client/src/cas_client/adaptive_concurrency/controller.rs","line_number":597}
{"timestamp":"2026-07-28T03:54:41.617089Z","level":"INFO","fields":{"message":"Received CAS response","request_id":"01KYHRW70DT8SZ891HT27Y18HN","status_code":206},"filename":"/home/runner/work/xet-core/xet-core/xet_client/src/common/http_client.rs","line_number":288}
{"timestamp":"2026-07-28T03:54:41.617118Z","level":"INFO","fields":{"message":"Request Success: s3::get_range api call succeeded (request id 01KYHRW70DT8SZ891HT27Y18HN)."},"filename":"/home/runner/work/xet-core/xet-core/xet_client/src/cas_client/retry_wrapper.rs","line_number":210}
{"timestamp":"2026-07-28T03:54:41.675715Z","level":"INFO","fields":{"message":"Concurrency control for download: Current concurrency = 4; predicted bandwidth = 918367; success_ratio = 1.000; reference_size = 61.0MB; observed bytes sent so far = 14017483; completed transmissions = 2"},"filename":"/home/runner/work/xet-core/xet-core/xet_client/src/cas_client/adaptive_concurrency/controller.rs","line_number":597}
{"timestamp":"2026-07-28T03:54:41.675807Z","level":"INFO","fields":{"message":"Retry strategy","max_attempts":5,"base_delay":"3s","no_retry_on_429":false},"filename":"/home/runner/work/xet-core/xet-core/xet_client/src/cas_client/retry_wrapper.rs","line_number":249}
{"timestamp":"2026-07-28T03:54:41.688670Z","level":"INFO","fields":{"message":"Concurrency control for download: Current concurrency = 10; predicted bandwidth = 2750249; success_ratio = 1.000; reference_size = 3.8MB; observed bytes sent so far = 30533374; completed transmissions = 13"},"filename":"/home/runner/work/xet-core/xet-core/xet_client/src/cas_client/adaptive_concurrency/controller.rs","line_number":597}
{"timestamp":"2026-07-28T03:54:41.705272Z","level":"INFO","fields":{"message":"Concurrency control for download: Current concurrency = 4; predicted bandwidth = 2250117; success_ratio = 1.000; reference_size = 2.8MB; observed bytes sent so far = 19524255; completed transmissions = 12"},"filename":"/home/runner/work/xet-core/xet-core/xet_client/src/cas_client/adaptive_concurrency/controller.rs","line_number":597}
{"timestamp":"2026-07-28T03:54:41.713667Z","level":"INFO","fields":{"message":"Concurrency control for download: Current concurrency = 4; predicted bandwidth = 444189; success_ratio = 1.000; reference_size = 61.0MB; observed bytes sent so far = 4178642; completed transmissions = 0"},"filename":"/home/runner/work/xet-core/xet-core/xet_client/src/cas_client/adaptive_concurrency/controller.rs","line_number":597}
{"timestamp":"2026-07-28T03:54:41.838314Z","level":"INFO","fields":{"message":"Received CAS response","request_id":"01KYHRW74SSH3QN6F3EK53DBSG","status_code":206},"filename":"/home/runner/work/xet-core/xet-core/xet_client/src/common/http_client.rs","line_number":288}
{"timestamp":"2026-07-28T03:54:41.838358Z","level":"INFO","fields":{"message":"Request Success: s3::get_range api call succeeded (request id 01KYHRW74SSH3QN6F3EK53DBSG)."},"filename":"/home/runner/work/xet-core/xet-core/xet_client/src/cas_client/retry_wrapper.rs","line_number":210}
{"timestamp":"2026-07-28T03:54:41.853013Z","level":"INFO","fields":{"message":"Concurrency control for download: Current concurrency = 4; predicted bandwidth = 237147; success_ratio = 1.000; reference_size = 61.0MB; observed bytes sent so far = 2211840; completed transmissions = 0"},"filename":"/home/runner/work/xet-core/xet-core/xet_client/src/cas_client/adaptive_concurrency/controller.rs","line_number":597}
{"timestamp":"2026-07-28T03:54:41.886394Z","level":"INFO","fields":{"message":"Retry strategy","max_attempts":5,"base_delay":"3s","no_retry_on_429":false},"filename":"/home/runner/work/xet-core/xet-core/xet_client/src/cas_client/retry_wrapper.rs","line_number":249}
{"timestamp":"2026-07-28T03:54:41.899586Z","level":"INFO","fields":{"message":"Concurrency control for download: Increased concurrency from 10 to 11; reason: success ratio 1.000 is above threshold 0.800 and predicted RTT for 3MB at new concurrency is 15.77s < target 60.0s"},"filename":"/home/runner/work/xet-core/xet-core/xet_client/src/cas_client/adaptive_concurrency/controller.rs","line_number":543}
{"timestamp":"2026-07-28T03:54:41.918484Z","level":"INFO","fields":{"message":"Concurrency control for download: Increased concurrency from 4 to 5; reason: success ratio 1.000 is above threshold 0.800 and predicted RTT for 2MB at new concurrency is 6.47s < target 60.0s"},"filename":"/home/runner/work/xet-core/xet-core/xet_client/src/cas_client/adaptive_concurrency/controller.rs","line_number":543}
{"timestamp":"2026-07-28T03:54:41.918544Z","level":"INFO","fields":{"message":"Retry strategy","max_attempts":5,"base_delay":"3s","no_retry_on_429":false},"filename":"/home/runner/work/xet-core/xet-core/xet_client/src/cas_client/retry_wrapper.rs","line_number":249}
{"timestamp":"2026-07-28T03:54:41.980407Z","level":"INFO","fields":{"message":"Received CAS response","request_id":"01KYHRW7C0GDKQNWZZWGT20MQ7","status_code":206},"filename":"/home/runner/work/xet-core/xet-core/xet_client/src/common/http_client.rs","line_number":288}
{"timestamp":"2026-07-28T03:54:41.980465Z","level":"INFO","fields":{"message":"Request Success: s3::get_range api call succeeded (request id 01KYHRW7C0GDKQNWZZWGT20MQ7)."},"filename":"/home/runner/work/xet-core/xet-core/xet_client/src/cas_client/retry_wrapper.rs","line_number":210}
{"timestamp":"2026-07-28T03:54:41.989474Z","level":"INFO","fields":{"message":"Received CAS response","request_id":"01KYHRW7C3Q2Z5E47CBSG6S4W7","status_code":206},"filename":"/home/runner/work/xet-core/xet-core/xet_client/src/common/http_client.rs","line_number":288}
{"timestamp":"2026-07-28T03:54:41.989515Z","level":"INFO","fields":{"message":"Request Success: s3::get_range api call succeeded (request id 01KYHRW7C3Q2Z5E47CBSG6S4W7)."},"filename":"/home/runner/work/xet-core/xet-core/xet_client/src/cas_client/retry_wrapper.rs","line_number":210}
{"timestamp":"2026-07-28T03:54:42.101557Z","level":"INFO","fields":{"message":"Retry strategy","max_attempts":5,"base_delay":"3s","no_retry_on_429":false},"filename":"/home/runner/work/xet-core/xet-core/xet_client/src/cas_client/retry_wrapper.rs","line_number":249}
{"timestamp":"2026-07-28T03:54:42.310372Z","level":"INFO","fields":{"message":"Received CAS response","request_id":"01KYHRW7J0EGPAP2D7HFYG3KDH","status_code":206},"filename":"/home/runner/work/xet-core/xet-core/xet_client/src/common/http_client.rs","line_number":288}
{"timestamp":"2026-07-28T03:54:42.310402Z","level":"INFO","fields":{"message":"Request Success: s3::get_range api call succeeded (request id 01KYHRW7J0EGPAP2D7HFYG3KDH)."},"filename":"/home/runner/work/xet-core/xet-core/xet_client/src/cas_client/retry_wrapper.rs","line_number":210}
{"timestamp":"2026-07-28T03:54:42.439693Z","level":"INFO","fields":{"message":"Concurrency control for download: Increased concurrency from 11 to 12; reason: success ratio 1.000 is above threshold 0.800 and predicted RTT for 3MB at new concurrency is 17.21s < target 60.0s"},"filename":"/home/runner/work/xet-core/xet-core/xet_client/src/cas_client/adaptive_concurrency/controller.rs","line_number":543}
{"timestamp":"2026-07-28T03:54:42.529493Z","level":"INFO","fields":{"message":"Concurrency control for download: Increased concurrency from 5 to 6; reason: success ratio 1.000 is above threshold 0.800 and predicted RTT for 3MB at new concurrency is 10.12s < target 60.0s"},"filename":"/home/runner/work/xet-core/xet-core/xet_client/src/cas_client/adaptive_concurrency/controller.rs","line_number":543}
{"timestamp":"2026-07-28T03:54:42.529548Z","level":"INFO","fields":{"message":"Retry strategy","max_attempts":5,"base_delay":"3s","no_retry_on_429":false},"filename":"/home/runner/work/xet-core/xet-core/xet_client/src/cas_client/retry_wrapper.rs","line_number":249}
{"timestamp":"2026-07-28T03:54:42.542088Z","level":"INFO","fields":{"message":"Retry strategy","max_attempts":5,"base_delay":"3s","no_retry_on_429":false},"filename":"/home/runner/work/xet-core/xet-core/xet_client/src/cas_client/retry_wrapper.rs","line_number":249}
{"timestamp":"2026-07-28T03:54:42.615838Z","level":"INFO","fields":{"message":"Received CAS response","request_id":"01KYHRW7ZG4EA18KD4RNWJDKSV","status_code":206},"filename":"/home/runner/work/xet-core/xet-core/xet_client/src/common/http_client.rs","line_number":288}
{"timestamp":"2026-07-28T03:54:42.615889Z","level":"INFO","fields":{"message":"Request Success: s3::get_range api call succeeded (request id 01KYHRW7ZG4EA18KD4RNWJDKSV)."},"filename":"/home/runner/work/xet-core/xet-core/xet_client/src/cas_client/retry_wrapper.rs","line_number":210}
{"timestamp":"2026-07-28T03:54:42.618802Z","level":"INFO","fields":{"message":"Received CAS response","request_id":"01KYHRW7ZKEXGPNRFNVJFZDMDV","status_code":206},"filename":"/home/runner/work/xet-core/xet-core/xet_client/src/common/http_client.rs","line_number":288}
{"timestamp":"2026-07-28T03:54:42.618832Z","level":"INFO","fields":{"message":"Request Success: s3::get_range api call succeeded (request id 01KYHRW7ZKEXGPNRFNVJFZDMDV)."},"filename":"/home/runner/work/xet-core/xet-core/xet_client/src/cas_client/retry_wrapper.rs","line_number":210}
{"timestamp":"2026-07-28T03:54:42.903992Z","level":"INFO","fields":{"message":"Concurrency control for download: Increased concurrency from 4 to 5; reason: success ratio 1.000 is above threshold 0.800 and predicted RTT for 2MB at new concurrency is 4.89s < target 60.0s"},"filename":"/home/runner/work/xet-core/xet-core/xet_client/src/cas_client/adaptive_concurrency/controller.rs","line_number":543}
{"timestamp":"2026-07-28T03:54:42.904048Z","level":"INFO","fields":{"message":"Retry strategy","max_attempts":5,"base_delay":"3s","no_retry_on_429":false},"filename":"/home/runner/work/xet-core/xet-core/xet_client/src/cas_client/retry_wrapper.rs","line_number":249}
{"timestamp":"2026-07-28T03:54:42.995676Z","level":"INFO","fields":{"message":"Received CAS response","request_id":"01KYHRW8BM9BB6VN61W7A0FXYS","status_code":206},"filename":"/home/runner/work/xet-core/xet-core/xet_client/src/common/http_client.rs","line_number":288}
{"timestamp":"2026-07-28T03:54:42.995715Z","level":"INFO","fields":{"message":"Request Success: s3::get_range api call succeeded (request id 01KYHRW8BM9BB6VN61W7A0FXYS)."},"filename":"/home/runner/work/xet-core/xet-core/xet_client/src/cas_client/retry_wrapper.rs","line_number":210}
{"timestamp":"2026-07-28T03:54:43.126289Z","level":"INFO","fields":{"message":"Concurrency control for download: Increased concurrency from 6 to 7; reason: success ratio 1.000 is above threshold 0.800 and predicted RTT for 3MB at new concurrency is 10.89s < target 60.0s"},"filename":"/home/runner/work/xet-core/xet-core/xet_client/src/cas_client/adaptive_concurrency/controller.rs","line_number":543}
{"timestamp":"2026-07-28T03:54:43.126338Z","level":"INFO","fields":{"message":"Retry strategy","max_attempts":5,"base_delay":"3s","no_retry_on_429":false},"filename":"/home/runner/work/xet-core/xet-core/xet_client/src/cas_client/retry_wrapper.rs","line_number":249}
{"timestamp":"2026-07-28T03:54:43.146141Z","level":"INFO","fields":{"message":"Concurrency control for download: Increased concurrency from 12 to 13; reason: success ratio 1.000 is above threshold 0.800 and predicted RTT for 4MB at new concurrency is 20.19s < target 60.0s"},"filename":"/home/runner/work/xet-core/xet-core/xet_client/src/cas_client/adaptive_concurrency/controller.rs","line_number":543}
{"timestamp":"2026-07-28T03:54:43.207527Z","level":"INFO","fields":{"message":"Retry strategy","max_attempts":5,"base_delay":"3s","no_retry_on_429":false},"filename":"/home/runner/work/xet-core/xet-core/xet_client/src/cas_client/retry_wrapper.rs","line_number":249}
{"timestamp":"2026-07-28T03:54:43.251004Z","level":"INFO","fields":{"message":"Retry strategy","max_attempts":5,"base_delay":"3s","no_retry_on_429":false},"filename":"/home/runner/work/xet-core/xet-core/xet_client/src/cas_client/retry_wrapper.rs","line_number":249}
{"timestamp":"2026-07-28T03:54:43.264206Z","level":"INFO","fields":{"message":"Received CAS response","request_id":"01KYHRW8HT4BG5Y7E1FWWD4TRN","status_code":206},"filename":"/home/runner/work/xet-core/xet-core/xet_client/src/common/http_client.rs","line_number":288}
{"timestamp":"2026-07-28T03:54:43.264246Z","level":"INFO","fields":{"message":"Request Success: s3::get_range api call succeeded (request id 01KYHRW8HT4BG5Y7E1FWWD4TRN)."},"filename":"/home/runner/work/xet-core/xet-core/xet_client/src/cas_client/retry_wrapper.rs","line_number":210}
{"timestamp":"2026-07-28T03:54:43.289468Z","level":"INFO","fields":{"message":"Received CAS response","request_id":"01KYHRW8MFG27NYFKTAEW7GB19","status_code":206},"filename":"/home/runner/work/xet-core/xet-core/xet_client/src/common/http_client.rs","line_number":288}
{"timestamp":"2026-07-28T03:54:43.289506Z","level":"INFO","fields":{"message":"Request Success: s3::get_range api call succeeded (request id 01KYHRW8MFG27NYFKTAEW7GB19)."},"filename":"/home/runner/work/xet-core/xet-core/xet_client/src/cas_client/retry_wrapper.rs","line_number":210}
{"timestamp":"2026-07-28T03:54:43.319767Z","level":"INFO","fields":{"message":"Received CAS response","request_id":"01KYHRW8NM8A4DC2CER2PG8S8H","status_code":206},"filename":"/home/runner/work/xet-core/xet-core/xet_client/src/common/http_client.rs","line_number":288}
{"timestamp":"2026-07-28T03:54:43.319800Z","level":"INFO","fields":{"message":"Request Success: s3::get_range api call succeeded (request id 01KYHRW8NM8A4DC2CER2PG8S8H)."},"filename":"/home/runner/work/xet-core/xet-core/xet_client/src/cas_client/retry_wrapper.rs","line_number":210}
{"timestamp":"2026-07-28T03:54:43.485059Z","level":"INFO","fields":{"message":"Concurrency control for download: Increased concurrency from 5 to 6; reason: success ratio 1.000 is above threshold 0.800 and predicted RTT for 2MB at new concurrency is 5.89s < target 60.0s"},"filename":"/home/runner/work/xet-core/xet-core/xet_client/src/cas_client/adaptive_concurrency/controller.rs","line_number":543}
{"timestamp":"2026-07-28T03:54:43.485098Z","level":"INFO","fields":{"message":"Retry strategy","max_attempts":5,"base_delay":"3s","no_retry_on_429":false},"filename":"/home/runner/work/xet-core/xet-core/xet_client/src/cas_client/retry_wrapper.rs","line_number":249}
{"timestamp":"2026-07-28T03:54:43.633981Z","level":"INFO","fields":{"message":"Concurrency control for download: Increased concurrency from 7 to 8; reason: success ratio 1.000 is above threshold 0.800 and predicted RTT for 3MB at new concurrency is 12.28s < target 60.0s"},"filename":"/home/runner/work/xet-core/xet-core/xet_client/src/cas_client/adaptive_concurrency/controller.rs","line_number":543}
{"timestamp":"2026-07-28T03:54:43.634039Z","level":"INFO","fields":{"message":"Retry strategy","max_attempts":5,"base_delay":"3s","no_retry_on_429":false},"filename":"/home/runner/work/xet-core/xet-core/xet_client/src/cas_client/retry_wrapper.rs","line_number":249}
{"timestamp":"2026-07-28T03:54:43.756926Z","level":"INFO","fields":{"message":"Retry strategy","max_attempts":5,"base_delay":"3s","no_retry_on_429":false},"filename":"/home/runner/work/xet-core/xet-core/xet_client/src/cas_client/retry_wrapper.rs","line_number":249}
{"timestamp":"2026-07-28T03:54:43.764365Z","level":"INFO","fields":{"message":"Concurrency control for download: Increased concurrency from 13 to 14; reason: success ratio 1.000 is above threshold 0.800 and predicted RTT for 4MB at new concurrency is 21.73s < target 60.0s"},"filename":"/home/runner/work/xet-core/xet-core/xet_client/src/cas_client/adaptive_concurrency/controller.rs","line_number":543}
{"timestamp":"2026-07-28T03:54:43.768789Z","level":"INFO","fields":{"message":"Retry strategy","max_attempts":5,"base_delay":"3s","no_retry_on_429":false},"filename":"/home/runner/work/xet-core/xet-core/xet_client/src/cas_client/retry_wrapper.rs","line_number":249}
{"timestamp":"2026-07-28T03:54:43.852966Z","level":"INFO","fields":{"message":"Received CAS response","request_id":"01KYHRW96F6A2ZFNA3WEXZ9HR2","status_code":206},"filename":"/home/runner/work/xet-core/xet-core/xet_client/src/common/http_client.rs","line_number":288}
{"timestamp":"2026-07-28T03:54:43.852996Z","level":"INFO","fields":{"message":"Request Success: s3::get_range api call succeeded (request id 01KYHRW96F6A2ZFNA3WEXZ9HR2)."},"filename":"/home/runner/work/xet-core/xet-core/xet_client/src/cas_client/retry_wrapper.rs","line_number":210}
{"timestamp":"2026-07-28T03:54:43.920438Z","level":"INFO","fields":{"message":"Received CAS response","request_id":"01KYHRW95M78S8M3TF8PX8QHG1","status_code":206},"filename":"/home/runner/work/xet-core/xet-core/xet_client/src/common/http_client.rs","line_number":288}
{"timestamp":"2026-07-28T03:54:43.920473Z","level":"INFO","fields":{"message":"Request Success: s3::get_range api call succeeded (request id 01KYHRW95M78S8M3TF8PX8QHG1)."},"filename":"/home/runner/work/xet-core/xet-core/xet_client/src/cas_client/retry_wrapper.rs","line_number":210}
{"timestamp":"2026-07-28T03:54:43.939741Z","level":"INFO","fields":{"message":"Received CAS response","request_id":"01KYHRW990TYRPEGSEV1PF20M8","status_code":206},"filename":"/home/runner/work/xet-core/xet-core/xet_client/src/common/http_client.rs","line_number":288}
{"timestamp":"2026-07-28T03:54:43.939771Z","level":"INFO","fields":{"message":"Request Success: s3::get_range api call succeeded (request id 01KYHRW990TYRPEGSEV1PF20M8)."},"filename":"/home/runner/work/xet-core/xet-core/xet_client/src/cas_client/retry_wrapper.rs","line_number":210}
{"timestamp":"2026-07-28T03:54:43.944620Z","level":"INFO","fields":{"message":"Received CAS response","request_id":"01KYHRW979Q6E2FBZ53E8773K5","status_code":206},"filename":"/home/runner/work/xet-core/xet-core/xet_client/src/common/http_client.rs","line_number":288}
{"timestamp":"2026-07-28T03:54:43.944643Z","level":"INFO","fields":{"message":"Request Success: s3::get_range api call succeeded (request id 01KYHRW979Q6E2FBZ53E8773K5)."},"filename":"/home/runner/work/xet-core/xet-core/xet_client/src/cas_client/retry_wrapper.rs","line_number":210}
{"timestamp":"2026-07-28T03:54:43.999027Z","level":"INFO","fields":{"message":"Concurrency control for download: Increased concurrency from 6 to 7; reason: success ratio 1.000 is above threshold 0.800 and predicted RTT for 2MB at new concurrency is 6.47s < target 60.0s"},"filename":"/home/runner/work/xet-core/xet-core/xet_client/src/cas_client/adaptive_concurrency/controller.rs","line_number":543}
{"timestamp":"2026-07-28T03:54:43.999067Z","level":"INFO","fields":{"message":"Retry strategy","max_attempts":5,"base_delay":"3s","no_retry_on_429":false},"filename":"/home/runner/work/xet-core/xet-core/xet_client/src/cas_client/retry_wrapper.rs","line_number":249}
{"timestamp":"2026-07-28T03:54:44.067359Z","level":"INFO","fields":{"message":"Received CAS response","request_id":"01KYHRW9D61KEVQM0PQ4W9REKG","status_code":206},"filename":"/home/runner/work/xet-core/xet-core/xet_client/src/common/http_client.rs","line_number":288}
{"timestamp":"2026-07-28T03:54:44.067394Z","level":"INFO","fields":{"message":"Request Success: s3::get_range api call succeeded (request id 01KYHRW9D61KEVQM0PQ4W9REKG)."},"filename":"/home/runner/work/xet-core/xet-core/xet_client/src/cas_client/retry_wrapper.rs","line_number":210}
{"timestamp":"2026-07-28T03:54:44.134133Z","level":"INFO","fields":{"message":"Concurrency control for download: Increased concurrency from 8 to 9; reason: success ratio 1.000 is above threshold 0.800 and predicted RTT for 3MB at new concurrency is 12.39s < target 60.0s"},"filename":"/home/runner/work/xet-core/xet-core/xet_client/src/cas_client/adaptive_concurrency/controller.rs","line_number":543}
{"timestamp":"2026-07-28T03:54:44.134193Z","level":"INFO","fields":{"message":"Retry strategy","max_attempts":5,"base_delay":"3s","no_retry_on_429":false},"filename":"/home/runner/work/xet-core/xet-core/xet_client/src/cas_client/retry_wrapper.rs","line_number":249}
{"timestamp":"2026-07-28T03:54:44.410666Z","level":"INFO","fields":{"message":"Received CAS response","request_id":"01KYHRW9HYS01DQWFBYR23JGFD","status_code":206},"filename":"/home/runner/work/xet-core/xet-core/xet_client/src/common/http_client.rs","line_number":288}
{"timestamp":"2026-07-28T03:54:44.410699Z","level":"INFO","fields":{"message":"Request Success: s3::get_range api call succeeded (request id 01KYHRW9HYS01DQWFBYR23JGFD)."},"filename":"/home/runner/work/xet-core/xet-core/xet_client/src/cas_client/retry_wrapper.rs","line_number":210}
{"timestamp":"2026-07-28T03:54:44.488622Z","level":"INFO","fields":{"message":"Concurrency control for download: Increased concurrency from 14 to 15; reason: success ratio 1.000 is above threshold 0.800 and predicted RTT for 4MB at new concurrency is 23.27s < target 60.0s"},"filename":"/home/runner/work/xet-core/xet-core/xet_client/src/cas_client/adaptive_concurrency/controller.rs","line_number":543}
{"timestamp":"2026-07-28T03:54:44.569049Z","level":"INFO","fields":{"message":"Concurrency control for download: Increased concurrency from 7 to 8; reason: success ratio 1.000 is above threshold 0.800 and predicted RTT for 2MB at new concurrency is 7.23s < target 60.0s"},"filename":"/home/runner/work/xet-core/xet-core/xet_client/src/cas_client/adaptive_concurrency/controller.rs","line_number":543}
{"timestamp":"2026-07-28T03:54:44.569091Z","level":"INFO","fields":{"message":"Retry strategy","max_attempts":5,"base_delay":"3s","no_retry_on_429":false},"filename":"/home/runner/work/xet-core/xet-core/xet_client/src/cas_client/retry_wrapper.rs","line_number":249}
{"timestamp":"2026-07-28T03:54:44.681787Z","level":"INFO","fields":{"message":"Concurrency control for download: Increased concurrency from 9 to 10; reason: success ratio 1.000 is above threshold 0.800 and predicted RTT for 3MB at new concurrency is 12.75s < target 60.0s"},"filename":"/home/runner/work/xet-core/xet-core/xet_client/src/cas_client/adaptive_concurrency/controller.rs","line_number":543}
{"timestamp":"2026-07-28T03:54:44.763826Z","level":"INFO","fields":{"message":"Received CAS response","request_id":"01KYHRW9Z4RWSCSVJDCYP92C0D","status_code":206},"filename":"/home/runner/work/xet-core/xet-core/xet_client/src/common/http_client.rs","line_number":288}
{"timestamp":"2026-07-28T03:54:44.763872Z","level":"INFO","fields":{"message":"Request Success: s3::get_range api call succeeded (request id 01KYHRW9Z4RWSCSVJDCYP92C0D)."},"filename":"/home/runner/work/xet-core/xet-core/xet_client/src/cas_client/retry_wrapper.rs","line_number":210}
{"timestamp":"2026-07-28T03:54:45.029652Z","level":"INFO","fields":{"message":"Concurrency control for download: Increased concurrency from 15 to 16; reason: success ratio 1.000 is above threshold 0.800 and predicted RTT for 4MB at new concurrency is 24.82s < target 60.0s"},"filename":"/home/runner/work/xet-core/xet-core/xet_client/src/cas_client/adaptive_concurrency/controller.rs","line_number":543}
{"timestamp":"2026-07-28T03:54:45.216929Z","level":"INFO","fields":{"message":"Concurrency control for download: Increased concurrency from 8 to 9; reason: success ratio 1.000 is above threshold 0.800 and predicted RTT for 2MB at new concurrency is 8.15s < target 60.0s"},"filename":"/home/runner/work/xet-core/xet-core/xet_client/src/cas_client/adaptive_concurrency/controller.rs","line_number":543}
{"timestamp":"2026-07-28T03:54:45.219073Z","level":"INFO","fields":{"message":"Concurrency control for download: Increased concurrency from 10 to 11; reason: success ratio 1.000 is above threshold 0.800 and predicted RTT for 3MB at new concurrency is 13.60s < target 60.0s"},"filename":"/home/runner/work/xet-core/xet-core/xet_client/src/cas_client/adaptive_concurrency/controller.rs","line_number":543}
{"timestamp":"2026-07-28T03:54:45.661351Z","level":"INFO","fields":{"message":"Concurrency control for download: Increased concurrency from 16 to 17; reason: success ratio 1.000 is above threshold 0.800 and predicted RTT for 4MB at new concurrency is 26.37s < target 60.0s"},"filename":"/home/runner/work/xet-core/xet-core/xet_client/src/cas_client/adaptive_concurrency/controller.rs","line_number":543}
{"timestamp":"2026-07-28T03:54:45.733601Z","level":"INFO","fields":{"message":"Concurrency control for download: Increased concurrency from 9 to 10; reason: success ratio 1.000 is above threshold 0.800 and predicted RTT for 2MB at new concurrency is 7.96s < target 60.0s"},"filename":"/home/runner/work/xet-core/xet-core/xet_client/src/cas_client/adaptive_concurrency/controller.rs","line_number":543}
{"timestamp":"2026-07-28T03:54:45.751688Z","level":"INFO","fields":{"message":"Concurrency control for download: Increased concurrency from 11 to 12; reason: success ratio 1.000 is above threshold 0.800 and predicted RTT for 2MB at new concurrency is 13.24s < target 60.0s"},"filename":"/home/runner/work/xet-core/xet-core/xet_client/src/cas_client/adaptive_concurrency/controller.rs","line_number":543}
{"timestamp":"2026-07-28T03:54:46.284272Z","level":"INFO","fields":{"message":"Concurrency control for download: Increased concurrency from 12 to 13; reason: success ratio 1.000 is above threshold 0.800 and predicted RTT for 2MB at new concurrency is 12.75s < target 60.0s"},"filename":"/home/runner/work/xet-core/xet-core/xet_client/src/cas_client/adaptive_concurrency/controller.rs","line_number":543}
{"timestamp":"2026-07-28T03:54:46.345739Z","level":"INFO","fields":{"message":"Concurrency control for download: Increased concurrency from 17 to 18; reason: success ratio 1.000 is above threshold 0.800 and predicted RTT for 4MB at new concurrency is 27.94s < target 60.0s"},"filename":"/home/runner/work/xet-core/xet-core/xet_client/src/cas_client/adaptive_concurrency/controller.rs","line_number":543}
{"timestamp":"2026-07-28T03:54:46.354037Z","level":"INFO","fields":{"message":"Concurrency control for download: Increased concurrency from 10 to 11; reason: success ratio 1.000 is above threshold 0.800 and predicted RTT for 2MB at new concurrency is 10.19s < target 60.0s"},"filename":"/home/runner/work/xet-core/xet-core/xet_client/src/cas_client/adaptive_concurrency/controller.rs","line_number":543}
{"timestamp":"2026-07-28T03:54:46.833217Z","level":"INFO","fields":{"message":"Concurrency control for download: Increased concurrency from 13 to 14; reason: success ratio 1.000 is above threshold 0.800 and predicted RTT for 2MB at new concurrency is 13.43s < target 60.0s"},"filename":"/home/runner/work/xet-core/xet-core/xet_client/src/cas_client/adaptive_concurrency/controller.rs","line_number":543}
{"timestamp":"2026-07-28T03:54:46.982601Z","level":"INFO","fields":{"message":"Concurrency control for download: Increased concurrency from 18 to 19; reason: success ratio 1.000 is above threshold 0.800 and predicted RTT for 4MB at new concurrency is 29.51s < target 60.0s"},"filename":"/home/runner/work/xet-core/xet-core/xet_client/src/cas_client/adaptive_concurrency/controller.rs","line_number":543}
{"timestamp":"2026-07-28T03:54:46.995397Z","level":"INFO","fields":{"message":"Concurrency control for download: Increased concurrency from 11 to 12; reason: success ratio 1.000 is above threshold 0.800 and predicted RTT for 2MB at new concurrency is 11.25s < target 60.0s"},"filename":"/home/runner/work/xet-core/xet-core/xet_client/src/cas_client/adaptive_concurrency/controller.rs","line_number":543}
{"timestamp":"2026-07-28T03:54:47.421069Z","level":"INFO","fields":{"message":"Concurrency control for download: Increased concurrency from 14 to 15; reason: success ratio 1.000 is above threshold 0.800 and predicted RTT for 2MB at new concurrency is 13.84s < target 60.0s"},"filename":"/home/runner/work/xet-core/xet-core/xet_client/src/cas_client/adaptive_concurrency/controller.rs","line_number":543}
{"timestamp":"2026-07-28T03:54:47.639847Z","level":"INFO","fields":{"message":"Concurrency control for download: Increased concurrency from 12 to 13; reason: success ratio 1.000 is above threshold 0.800 and predicted RTT for 2MB at new concurrency is 12.47s < target 60.0s"},"filename":"/home/runner/work/xet-core/xet-core/xet_client/src/cas_client/adaptive_concurrency/controller.rs","line_number":543}
{"timestamp":"2026-07-28T03:54:47.641790Z","level":"INFO","fields":{"message":"Concurrency control for download: Increased concurrency from 19 to 20; reason: success ratio 1.000 is above threshold 0.800 and predicted RTT for 4MB at new concurrency is 31.09s < target 60.0s"},"filename":"/home/runner/work/xet-core/xet-core/xet_client/src/cas_client/adaptive_concurrency/controller.rs","line_number":543}
{"timestamp":"2026-07-28T03:54:47.960091Z","level":"INFO","fields":{"message":"Concurrency control for download: Increased concurrency from 15 to 16; reason: success ratio 1.000 is above threshold 0.800 and predicted RTT for 2MB at new concurrency is 13.40s < target 60.0s"},"filename":"/home/runner/work/xet-core/xet-core/xet_client/src/cas_client/adaptive_concurrency/controller.rs","line_number":543}
{"timestamp":"2026-07-28T03:54:48.241102Z","level":"INFO","fields":{"message":"Concurrency control for download: Increased concurrency from 13 to 14; reason: success ratio 1.000 is above threshold 0.800 and predicted RTT for 2MB at new concurrency is 13.57s < target 60.0s"},"filename":"/home/runner/work/xet-core/xet-core/xet_client/src/cas_client/adaptive_concurrency/controller.rs","line_number":543}
{"timestamp":"2026-07-28T03:54:48.245778Z","level":"INFO","fields":{"message":"Concurrency control for download: Increased concurrency from 20 to 21; reason: success ratio 1.000 is above threshold 0.800 and predicted RTT for 4MB at new concurrency is 32.69s < target 60.0s"},"filename":"/home/runner/work/xet-core/xet-core/xet_client/src/cas_client/adaptive_concurrency/controller.rs","line_number":543}
{"timestamp":"2026-07-28T03:54:48.479156Z","level":"INFO","fields":{"message":"Concurrency control for download: Increased concurrency from 16 to 17; reason: success ratio 1.000 is above threshold 0.800 and predicted RTT for 2MB at new concurrency is 13.86s < target 60.0s"},"filename":"/home/runner/work/xet-core/xet-core/xet_client/src/cas_client/adaptive_concurrency/controller.rs","line_number":543}
{"timestamp":"2026-07-28T03:54:48.766101Z","level":"INFO","fields":{"message":"Concurrency control for download: Increased concurrency from 14 to 15; reason: success ratio 1.000 is above threshold 0.800 and predicted RTT for 2MB at new concurrency is 14.68s < target 60.0s"},"filename":"/home/runner/work/xet-core/xet-core/xet_client/src/cas_client/adaptive_concurrency/controller.rs","line_number":543}
{"timestamp":"2026-07-28T03:54:48.895479Z","level":"INFO","fields":{"message":"Concurrency control for download: Increased concurrency from 21 to 22; reason: success ratio 1.000 is above threshold 0.800 and predicted RTT for 4MB at new concurrency is 34.31s < target 60.0s"},"filename":"/home/runner/work/xet-core/xet-core/xet_client/src/cas_client/adaptive_concurrency/controller.rs","line_number":543}
{"timestamp":"2026-07-28T03:54:49.024223Z","level":"INFO","fields":{"message":"Concurrency control for download: Increased concurrency from 17 to 18; reason: success ratio 1.000 is above threshold 0.800 and predicted RTT for 3MB at new concurrency is 16.17s < target 60.0s"},"filename":"/home/runner/work/xet-core/xet-core/xet_client/src/cas_client/adaptive_concurrency/controller.rs","line_number":543}
{"timestamp":"2026-07-28T03:54:49.398918Z","level":"INFO","fields":{"message":"Concurrency control for download: Increased concurrency from 15 to 16; reason: success ratio 1.000 is above threshold 0.800 and predicted RTT for 2MB at new concurrency is 16.02s < target 60.0s"},"filename":"/home/runner/work/xet-core/xet-core/xet_client/src/cas_client/adaptive_concurrency/controller.rs","line_number":543}
{"timestamp":"2026-07-28T03:54:49.454316Z","level":"INFO","fields":{"message":"Concurrency control for download: Increased concurrency from 22 to 23; reason: success ratio 1.000 is above threshold 0.800 and predicted RTT for 4MB at new concurrency is 35.95s < target 60.0s"},"filename":"/home/runner/work/xet-core/xet-core/xet_client/src/cas_client/adaptive_concurrency/controller.rs","line_number":543}
{"timestamp":"2026-07-28T03:54:49.599361Z","level":"INFO","fields":{"message":"Concurrency control for download: Increased concurrency from 4 to 5; reason: success ratio 1.000 is above threshold 0.800 and predicted RTT for 12MB at new concurrency is 34.72s < target 60.0s"},"filename":"/home/runner/work/xet-core/xet-core/xet_client/src/cas_client/adaptive_concurrency/controller.rs","line_number":543}
{"timestamp":"2026-07-28T03:54:49.599430Z","level":"INFO","fields":{"message":"Retry strategy","max_attempts":5,"base_delay":"3s","no_retry_on_429":false},"filename":"/home/runner/work/xet-core/xet-core/xet_client/src/cas_client/retry_wrapper.rs","line_number":249}
{"timestamp":"2026-07-28T03:54:49.599430Z","level":"INFO","fields":{"message":"Retry strategy","max_attempts":5,"base_delay":"3s","no_retry_on_429":false},"filename":"/home/runner/work/xet-core/xet-core/xet_client/src/cas_client/retry_wrapper.rs","line_number":249}
{"timestamp":"2026-07-28T03:54:49.636122Z","level":"INFO","fields":{"message":"Concurrency control for download: Increased concurrency from 18 to 19; reason: success ratio 1.000 is above threshold 0.800 and predicted RTT for 4MB at new concurrency is 18.76s < target 60.0s"},"filename":"/home/runner/work/xet-core/xet-core/xet_client/src/cas_client/adaptive_concurrency/controller.rs","line_number":543}
{"timestamp":"2026-07-28T03:54:49.674818Z","level":"INFO","fields":{"message":"Received CAS response","request_id":"01KYHRWEW7KG8RBH26V90PTTS1","status_code":206},"filename":"/home/runner/work/xet-core/xet-core/xet_client/src/common/http_client.rs","line_number":288}
{"timestamp":"2026-07-28T03:54:49.674854Z","level":"INFO","fields":{"message":"Request Success: s3::get_range api call succeeded (request id 01KYHRWEW7KG8RBH26V90PTTS1)."},"filename":"/home/runner/work/xet-core/xet-core/xet_client/src/cas_client/retry_wrapper.rs","line_number":210}
{"timestamp":"2026-07-28T03:54:49.674931Z","level":"INFO","fields":{"message":"Received CAS response","request_id":"01KYHRWEW7XCBJF3N2BX8VZ5V0","status_code":206},"filename":"/home/runner/work/xet-core/xet-core/xet_client/src/common/http_client.rs","line_number":288}
{"timestamp":"2026-07-28T03:54:49.674937Z","level":"INFO","fields":{"message":"Request Success: s3::get_range api call succeeded (request id 01KYHRWEW7XCBJF3N2BX8VZ5V0)."},"filename":"/home/runner/work/xet-core/xet-core/xet_client/src/cas_client/retry_wrapper.rs","line_number":210}
{"timestamp":"2026-07-28T03:54:50.074828Z","level":"INFO","fields":{"message":"Concurrency control for download: Increased concurrency from 16 to 17; reason: success ratio 1.000 is above threshold 0.800 and predicted RTT for 2MB at new concurrency is 17.17s < target 60.0s"},"filename":"/home/runner/work/xet-core/xet-core/xet_client/src/cas_client/adaptive_concurrency/controller.rs","line_number":543}
{"timestamp":"2026-07-28T03:54:50.107276Z","level":"INFO","fields":{"message":"Concurrency control for download: Increased concurrency from 5 to 6; reason: success ratio 1.000 is above threshold 0.800 and predicted RTT for 12MB at new concurrency is 40.67s < target 60.0s"},"filename":"/home/runner/work/xet-core/xet-core/xet_client/src/cas_client/adaptive_concurrency/controller.rs","line_number":543}
{"timestamp":"2026-07-28T03:54:50.107323Z","level":"INFO","fields":{"message":"Retry strategy","max_attempts":5,"base_delay":"3s","no_retry_on_429":false},"filename":"/home/runner/work/xet-core/xet-core/xet_client/src/cas_client/retry_wrapper.rs","line_number":249}
{"timestamp":"2026-07-28T03:54:50.187725Z","level":"INFO","fields":{"message":"Received CAS response","request_id":"01KYHRWFBYWXSSW4QXR1PJVTPP","status_code":206},"filename":"/home/runner/work/xet-core/xet-core/xet_client/src/common/http_client.rs","line_number":288}
{"timestamp":"2026-07-28T03:54:50.187755Z","level":"INFO","fields":{"message":"Request Success: s3::get_range api call succeeded (request id 01KYHRWFBYWXSSW4QXR1PJVTPP)."},"filename":"/home/runner/work/xet-core/xet-core/xet_client/src/cas_client/retry_wrapper.rs","line_number":210}
{"timestamp":"2026-07-28T03:54:50.303752Z","level":"INFO","fields":{"message":"Concurrency control for download: Increased concurrency from 19 to 20; reason: success ratio 1.000 is above threshold 0.800 and predicted RTT for 4MB at new concurrency is 19.77s < target 60.0s"},"filename":"/home/runner/work/xet-core/xet-core/xet_client/src/cas_client/adaptive_concurrency/controller.rs","line_number":543}
{"timestamp":"2026-07-28T03:54:50.330100Z","level":"INFO","fields":{"message":"Concurrency control for download: Increased concurrency from 23 to 24; reason: success ratio 1.000 is above threshold 0.800 and predicted RTT for 4MB at new concurrency is 37.62s < target 60.0s"},"filename":"/home/runner/work/xet-core/xet-core/xet_client/src/cas_client/adaptive_concurrency/controller.rs","line_number":543}
{"timestamp":"2026-07-28T03:54:50.572649Z","level":"INFO","fields":{"message":"Retry strategy","max_attempts":5,"base_delay":"3s","no_retry_on_429":false},"filename":"/home/runner/work/xet-core/xet-core/xet_client/src/cas_client/retry_wrapper.rs","line_number":249}
{"timestamp":"2026-07-28T03:54:50.589978Z","level":"INFO","fields":{"message":"Concurrency control for download: Increased concurrency from 17 to 18; reason: success ratio 1.000 is above threshold 0.800 and predicted RTT for 2MB at new concurrency is 18.96s < target 60.0s"},"filename":"/home/runner/work/xet-core/xet-core/xet_client/src/cas_client/adaptive_concurrency/controller.rs","line_number":543}
{"timestamp":"2026-07-28T03:54:50.635976Z","level":"INFO","fields":{"message":"Received CAS response","request_id":"01KYHRWFTB0XA1YJTEPE15SA3H","status_code":206},"filename":"/home/runner/work/xet-core/xet-core/xet_client/src/common/http_client.rs","line_number":288}
{"timestamp":"2026-07-28T03:54:50.636011Z","level":"INFO","fields":{"message":"Request Success: s3::get_range api call succeeded (request id 01KYHRWFTB0XA1YJTEPE15SA3H)."},"filename":"/home/runner/work/xet-core/xet-core/xet_client/src/cas_client/retry_wrapper.rs","line_number":210}
{"timestamp":"2026-07-28T03:54:50.706984Z","level":"INFO","fields":{"message":"Concurrency control for download: Increased concurrency from 6 to 7; reason: success ratio 1.000 is above threshold 0.800 and predicted RTT for 9MB at new concurrency is 42.78s < target 60.0s"},"filename":"/home/runner/work/xet-core/xet-core/xet_client/src/cas_client/adaptive_concurrency/controller.rs","line_number":543}
{"timestamp":"2026-07-28T03:54:50.707029Z","level":"INFO","fields":{"message":"Retry strategy","max_attempts":5,"base_delay":"3s","no_retry_on_429":false},"filename":"/home/runner/work/xet-core/xet-core/xet_client/src/cas_client/retry_wrapper.rs","line_number":249}
{"timestamp":"2026-07-28T03:54:50.766631Z","level":"INFO","fields":{"message":"Retry strategy","max_attempts":5,"base_delay":"3s","no_retry_on_429":false},"filename":"/home/runner/work/xet-core/xet-core/xet_client/src/cas_client/retry_wrapper.rs","line_number":249}
{"timestamp":"2026-07-28T03:54:50.781547Z","level":"INFO","fields":{"message":"Received CAS response","request_id":"01KYHRWFYQ75R2CG9NCXM0CNK5","status_code":206},"filename":"/home/runner/work/xet-core/xet-core/xet_client/src/common/http_client.rs","line_number":288}
{"timestamp":"2026-07-28T03:54:50.781576Z","level":"INFO","fields":{"message":"Request Success: s3::get_range api call succeeded (request id 01KYHRWFYQ75R2CG9NCXM0CNK5)."},"filename":"/home/runner/work/xet-core/xet-core/xet_client/src/cas_client/retry_wrapper.rs","line_number":210}
{"timestamp":"2026-07-28T03:54:50.831039Z","level":"INFO","fields":{"message":"Concurrency control for download: Increased concurrency from 20 to 21; reason: success ratio 1.000 is above threshold 0.800 and predicted RTT for 4MB at new concurrency is 20.75s < target 60.0s"},"filename":"/home/runner/work/xet-core/xet-core/xet_client/src/cas_client/adaptive_concurrency/controller.rs","line_number":543}
{"timestamp":"2026-07-28T03:54:50.834944Z","level":"INFO","fields":{"message":"Received CAS response","request_id":"01KYHRWG0RCPA7W4K3C5QVRA8H","status_code":206},"filename":"/home/runner/work/xet-core/xet-core/xet_client/src/common/http_client.rs","line_number":288}
{"timestamp":"2026-07-28T03:54:50.834963Z","level":"INFO","fields":{"message":"Request Success: s3::get_range api call succeeded (request id 01KYHRWG0RCPA7W4K3C5QVRA8H)."},"filename":"/home/runner/work/xet-core/xet-core/xet_client/src/cas_client/retry_wrapper.rs","line_number":210}
{"timestamp":"2026-07-28T03:54:51.014045Z","level":"INFO","fields":{"message":"Concurrency control for download: Increased concurrency from 24 to 25; reason: success ratio 1.000 is above threshold 0.800 and predicted RTT for 4MB at new concurrency is 39.35s < target 60.0s"},"filename":"/home/runner/work/xet-core/xet-core/xet_client/src/cas_client/adaptive_concurrency/controller.rs","line_number":543}
{"timestamp":"2026-07-28T03:54:51.061790Z","level":"INFO","fields":{"message":"Retry strategy","max_attempts":5,"base_delay":"3s","no_retry_on_429":false},"filename":"/home/runner/work/xet-core/xet-core/xet_client/src/cas_client/retry_wrapper.rs","line_number":249}
{"timestamp":"2026-07-28T03:54:51.131542Z","level":"INFO","fields":{"message":"Received CAS response","request_id":"01KYHRWG9RZBX3QHZ74Y4ZX5CX","status_code":206},"filename":"/home/runner/work/xet-core/xet-core/xet_client/src/common/http_client.rs","line_number":288}
{"timestamp":"2026-07-28T03:54:51.131582Z","level":"INFO","fields":{"message":"Request Success: s3::get_range api call succeeded (request id 01KYHRWG9RZBX3QHZ74Y4ZX5CX)."},"filename":"/home/runner/work/xet-core/xet-core/xet_client/src/cas_client/retry_wrapper.rs","line_number":210}
{"timestamp":"2026-07-28T03:54:51.236374Z","level":"INFO","fields":{"message":"Concurrency control for download: Increased concurrency from 18 to 19; reason: success ratio 1.000 is above threshold 0.800 and predicted RTT for 2MB at new concurrency is 20.96s < target 60.0s"},"filename":"/home/runner/work/xet-core/xet-core/xet_client/src/cas_client/adaptive_concurrency/controller.rs","line_number":543}
{"timestamp":"2026-07-28T03:54:51.236828Z","level":"INFO","fields":{"message":"Concurrency control for download: Increased concurrency from 7 to 8; reason: success ratio 1.000 is above threshold 0.800 and predicted RTT for 7MB at new concurrency is 39.91s < target 60.0s"},"filename":"/home/runner/work/xet-core/xet-core/xet_client/src/cas_client/adaptive_concurrency/controller.rs","line_number":543}
{"timestamp":"2026-07-28T03:54:51.236843Z","level":"INFO","fields":{"message":"Retry strategy","max_attempts":5,"base_delay":"3s","no_retry_on_429":false},"filename":"/home/runner/work/xet-core/xet-core/xet_client/src/cas_client/retry_wrapper.rs","line_number":249}
{"timestamp":"2026-07-28T03:54:51.258226Z","level":"INFO","fields":{"message":"Retry strategy","max_attempts":5,"base_delay":"3s","no_retry_on_429":false},"filename":"/home/runner/work/xet-core/xet-core/xet_client/src/cas_client/retry_wrapper.rs","line_number":249}
{"timestamp":"2026-07-28T03:54:51.293885Z","level":"INFO","fields":{"message":"Received CAS response","request_id":"01KYHRWGF5Z6T74Y6K6DJ79CR2","status_code":206},"filename":"/home/runner/work/xet-core/xet-core/xet_client/src/common/http_client.rs","line_number":288}
{"timestamp":"2026-07-28T03:54:51.293922Z","level":"INFO","fields":{"message":"Request Success: s3::get_range api call succeeded (request id 01KYHRWGF5Z6T74Y6K6DJ79CR2)."},"filename":"/home/runner/work/xet-core/xet-core/xet_client/src/cas_client/retry_wrapper.rs","line_number":210}
{"timestamp":"2026-07-28T03:54:51.318269Z","level":"INFO","fields":{"message":"Received CAS response","request_id":"01KYHRWGFSTJXWET4N0W2T62J5","status_code":206},"filename":"/home/runner/work/xet-core/xet-core/xet_client/src/common/http_client.rs","line_number":288}
{"timestamp":"2026-07-28T03:54:51.318316Z","level":"INFO","fields":{"message":"Request Success: s3::get_range api call succeeded (request id 01KYHRWGFSTJXWET4N0W2T62J5)."},"filename":"/home/runner/work/xet-core/xet-core/xet_client/src/cas_client/retry_wrapper.rs","line_number":210}
{"timestamp":"2026-07-28T03:54:51.457929Z","level":"INFO","fields":{"message":"Concurrency control for download: Increased concurrency from 21 to 22; reason: success ratio 1.000 is above threshold 0.800 and predicted RTT for 4MB at new concurrency is 21.78s < target 60.0s"},"filename":"/home/runner/work/xet-core/xet-core/xet_client/src/cas_client/adaptive_concurrency/controller.rs","line_number":543}
{"timestamp":"2026-07-28T03:54:51.690726Z","level":"INFO","fields":{"message":"Concurrency control for download: Current concurrency = 8; predicted bandwidth = 1871736; success_ratio = 1.000; reference_size = 6.3MB; observed bytes sent so far = 37733021; completed transmissions = 7"},"filename":"/home/runner/work/xet-core/xet-core/xet_client/src/cas_client/adaptive_concurrency/controller.rs","line_number":597}
{"timestamp":"2026-07-28T03:54:51.701488Z","level":"INFO","fields":{"message":"Concurrency control for download: Current concurrency = 19; predicted bandwidth = 2496937; success_ratio = 1.000; reference_size = 2.8MB; observed bytes sent so far = 37761598; completed transmissions = 21"},"filename":"/home/runner/work/xet-core/xet-core/xet_client/src/cas_client/adaptive_concurrency/controller.rs","line_number":597}
{"timestamp":"2026-07-28T03:54:51.701777Z","level":"INFO","fields":{"message":"Concurrency control for download: Increased concurrency from 25 to 26; reason: success ratio 1.000 is above threshold 0.800 and predicted RTT for 4MB at new concurrency is 41.06s < target 60.0s"},"filename":"/home/runner/work/xet-core/xet-core/xet_client/src/cas_client/adaptive_concurrency/controller.rs","line_number":543}
{"timestamp":"2026-07-28T03:54:51.701785Z","level":"INFO","fields":{"message":"Concurrency control for download: Current concurrency = 26; predicted bandwidth = 2537314; success_ratio = 1.000; reference_size = 4.1MB; observed bytes sent so far = 40387059; completed transmissions = 14"},"filename":"/home/runner/work/xet-core/xet-core/xet_client/src/cas_client/adaptive_concurrency/controller.rs","line_number":597}
{"timestamp":"2026-07-28T03:54:51.710147Z","level":"INFO","fields":{"message":"Concurrency control for download: Current concurrency = 4; predicted bandwidth = 2305280; success_ratio = 1.000; reference_size = 61.0MB; observed bytes sent so far = 36982427; completed transmissions = 2"},"filename":"/home/runner/work/xet-core/xet-core/xet_client/src/cas_client/adaptive_concurrency/controller.rs","line_number":597}
{"timestamp":"2026-07-28T03:54:51.742042Z","level":"INFO","fields":{"message":"Concurrency control for download: Increased concurrency from 8 to 9; reason: success ratio 1.000 is above threshold 0.800 and predicted RTT for 6MB at new concurrency is 30.86s < target 60.0s"},"filename":"/home/runner/work/xet-core/xet-core/xet_client/src/cas_client/adaptive_concurrency/controller.rs","line_number":543}
{"timestamp":"2026-07-28T03:54:51.742089Z","level":"INFO","fields":{"message":"Retry strategy","max_attempts":5,"base_delay":"3s","no_retry_on_429":false},"filename":"/home/runner/work/xet-core/xet-core/xet_client/src/cas_client/retry_wrapper.rs","line_number":249}
{"timestamp":"2026-07-28T03:54:51.786535Z","level":"INFO","fields":{"message":"Concurrency control for download: Current concurrency = 22; predicted bandwidth = 2742121; success_ratio = 1.000; reference_size = 4.1MB; observed bytes sent so far = 48155005; completed transmissions = 23"},"filename":"/home/runner/work/xet-core/xet-core/xet_client/src/cas_client/adaptive_concurrency/controller.rs","line_number":597}
{"timestamp":"2026-07-28T03:54:51.896286Z","level":"INFO","fields":{"message":"Concurrency control for download: Current concurrency = 4; predicted bandwidth = 204245; success_ratio = 1.000; reference_size = 61.0MB; observed bytes sent so far = 3850240; completed transmissions = 0"},"filename":"/home/runner/work/xet-core/xet-core/xet_client/src/cas_client/adaptive_concurrency/controller.rs","line_number":597}
{"timestamp":"2026-07-28T03:54:51.962970Z","level":"INFO","fields":{"message":"Concurrency control for download: Increased concurrency from 19 to 20; reason: success ratio 1.000 is above threshold 0.800 and predicted RTT for 2MB at new concurrency is 22.94s < target 60.0s"},"filename":"/home/runner/work/xet-core/xet-core/xet_client/src/cas_client/adaptive_concurrency/controller.rs","line_number":543}
{"timestamp":"2026-07-28T03:54:51.974447Z","level":"INFO","fields":{"message":"Received CAS response","request_id":"01KYHRWGYZCGYW8GWACFH5HZ96","status_code":206},"filename":"/home/runner/work/xet-core/xet-core/xet_client/src/common/http_client.rs","line_number":288}
{"timestamp":"2026-07-28T03:54:51.974466Z","level":"INFO","fields":{"message":"Request Success: s3::get_range api call succeeded (request id 01KYHRWGYZCGYW8GWACFH5HZ96)."},"filename":"/home/runner/work/xet-core/xet-core/xet_client/src/cas_client/retry_wrapper.rs","line_number":210}
{"timestamp":"2026-07-28T03:54:51.977037Z","level":"INFO","fields":{"message":"Concurrency control for download: Increased concurrency from 22 to 23; reason: success ratio 1.000 is above threshold 0.800 and predicted RTT for 4MB at new concurrency is 22.72s < target 60.0s"},"filename":"/home/runner/work/xet-core/xet-core/xet_client/src/cas_client/adaptive_concurrency/controller.rs","line_number":543}
{"timestamp":"2026-07-28T03:54:51.981866Z","level":"INFO","fields":{"message":"Retry strategy","max_attempts":5,"base_delay":"3s","no_retry_on_429":false},"filename":"/home/runner/work/xet-core/xet-core/xet_client/src/cas_client/retry_wrapper.rs","line_number":249}
{"timestamp":"2026-07-28T03:54:51.982984Z","level":"INFO","fields":{"message":"Concurrency control for download: Current concurrency = 4; predicted bandwidth = 486150; success_ratio = 1.000; reference_size = 61.0MB; observed bytes sent so far = 9749202; completed transmissions = 0"},"filename":"/home/runner/work/xet-core/xet-core/xet_client/src/cas_client/adaptive_concurrency/controller.rs","line_number":597}
{"timestamp":"2026-07-28T03:54:52.022455Z","level":"INFO","fields":{"message":"Retry strategy","max_attempts":5,"base_delay":"3s","no_retry_on_429":false},"filename":"/home/runner/work/xet-core/xet-core/xet_client/src/cas_client/retry_wrapper.rs","line_number":249}
{"timestamp":"2026-07-28T03:54:52.046340Z","level":"INFO","fields":{"message":"Received CAS response","request_id":"01KYHRWH6EPZNANQS77SMKJWV8","status_code":206},"filename":"/home/runner/work/xet-core/xet-core/xet_client/src/common/http_client.rs","line_number":288}
{"timestamp":"2026-07-28T03:54:52.046382Z","level":"INFO","fields":{"message":"Request Success: s3::get_range api call succeeded (request id 01KYHRWH6EPZNANQS77SMKJWV8)."},"filename":"/home/runner/work/xet-core/xet-core/xet_client/src/cas_client/retry_wrapper.rs","line_number":210}
{"timestamp":"2026-07-28T03:54:52.053777Z","level":"INFO","fields":{"message":"Retry strategy","max_attempts":5,"base_delay":"3s","no_retry_on_429":false},"filename":"/home/runner/work/xet-core/xet-core/xet_client/src/cas_client/retry_wrapper.rs","line_number":249}
{"timestamp":"2026-07-28T03:54:52.103752Z","level":"INFO","fields":{"message":"Received CAS response","request_id":"01KYHRWH7Z490CHP70T3TK2TCV","status_code":206},"filename":"/home/runner/work/xet-core/xet-core/xet_client/src/common/http_client.rs","line_number":288}
{"timestamp":"2026-07-28T03:54:52.103807Z","level":"INFO","fields":{"message":"Request Success: s3::get_range api call succeeded (request id 01KYHRWH7Z490CHP70T3TK2TCV)."},"filename":"/home/runner/work/xet-core/xet-core/xet_client/src/cas_client/retry_wrapper.rs","line_number":210}
{"timestamp":"2026-07-28T03:54:52.191489Z","level":"INFO","fields":{"message":"Received CAS response","request_id":"01KYHRWH8N66GPD3E2ZBTGQE23","status_code":206},"filename":"/home/runner/work/xet-core/xet-core/xet_client/src/common/http_client.rs","line_number":288}
{"timestamp":"2026-07-28T03:54:52.191524Z","level":"INFO","fields":{"message":"Request Success: s3::get_range api call succeeded (request id 01KYHRWH8N66GPD3E2ZBTGQE23)."},"filename":"/home/runner/work/xet-core/xet-core/xet_client/src/cas_client/retry_wrapper.rs","line_number":210}
{"timestamp":"2026-07-28T03:54:52.256974Z","level":"INFO","fields":{"message":"Concurrency control for download: Increased concurrency from 9 to 10; reason: success ratio 1.000 is above threshold 0.800 and predicted RTT for 10MB at new concurrency is 21.80s < target 60.0s"},"filename":"/home/runner/work/xet-core/xet-core/xet_client/src/cas_client/adaptive_concurrency/controller.rs","line_number":543}
{"timestamp":"2026-07-28T03:54:52.257015Z","level":"INFO","fields":{"message":"Retry strategy","max_attempts":5,"base_delay":"3s","no_retry_on_429":false},"filename":"/home/runner/work/xet-core/xet-core/xet_client/src/cas_client/retry_wrapper.rs","line_number":249}
{"timestamp":"2026-07-28T03:54:52.258399Z","level":"INFO","fields":{"message":"Concurrency control for download: Increased concurrency from 26 to 27; reason: success ratio 1.000 is above threshold 0.800 and predicted RTT for 4MB at new concurrency is 42.83s < target 60.0s"},"filename":"/home/runner/work/xet-core/xet-core/xet_client/src/cas_client/adaptive_concurrency/controller.rs","line_number":543}
{"timestamp":"2026-07-28T03:54:52.381310Z","level":"INFO","fields":{"message":"Received CAS response","request_id":"01KYHRWHGRCXB7SBDJ1XYJY5JR","status_code":206},"filename":"/home/runner/work/xet-core/xet-core/xet_client/src/common/http_client.rs","line_number":288}
{"timestamp":"2026-07-28T03:54:52.381346Z","level":"INFO","fields":{"message":"Request Success: s3::get_range api call succeeded (request id 01KYHRWHGRCXB7SBDJ1XYJY5JR)."},"filename":"/home/runner/work/xet-core/xet-core/xet_client/src/cas_client/retry_wrapper.rs","line_number":210}
{"timestamp":"2026-07-28T03:54:52.568350Z","level":"INFO","fields":{"message":"Concurrency control for download: Increased concurrency from 23 to 24; reason: success ratio 1.000 is above threshold 0.800 and predicted RTT for 4MB at new concurrency is 23.80s < target 60.0s"},"filename":"/home/runner/work/xet-core/xet-core/xet_client/src/cas_client/adaptive_concurrency/controller.rs","line_number":543}
{"timestamp":"2026-07-28T03:54:52.574389Z","level":"INFO","fields":{"message":"Concurrency control for download: Increased concurrency from 20 to 21; reason: success ratio 1.000 is above threshold 0.800 and predicted RTT for 2MB at new concurrency is 25.25s < target 60.0s"},"filename":"/home/runner/work/xet-core/xet-core/xet_client/src/cas_client/adaptive_concurrency/controller.rs","line_number":543}
{"timestamp":"2026-07-28T03:54:52.619692Z","level":"INFO","fields":{"message":"Retry strategy","max_attempts":5,"base_delay":"3s","no_retry_on_429":false},"filename":"/home/runner/work/xet-core/xet-core/xet_client/src/cas_client/retry_wrapper.rs","line_number":249}
{"timestamp":"2026-07-28T03:54:52.638016Z","level":"INFO","fields":{"message":"Retry strategy","max_attempts":5,"base_delay":"3s","no_retry_on_429":false},"filename":"/home/runner/work/xet-core/xet-core/xet_client/src/cas_client/retry_wrapper.rs","line_number":249}
{"timestamp":"2026-07-28T03:54:52.720266Z","level":"INFO","fields":{"message":"Received CAS response","request_id":"01KYHRWHVC2YEWEY5AW06NPBBF","status_code":206},"filename":"/home/runner/work/xet-core/xet-core/xet_client/src/common/http_client.rs","line_number":288}
{"timestamp":"2026-07-28T03:54:52.720311Z","level":"INFO","fields":{"message":"Request Success: s3::get_range api call succeeded (request id 01KYHRWHVC2YEWEY5AW06NPBBF)."},"filename":"/home/runner/work/xet-core/xet-core/xet_client/src/cas_client/retry_wrapper.rs","line_number":210}
{"timestamp":"2026-07-28T03:54:52.737155Z","level":"INFO","fields":{"message":"Received CAS response","request_id":"01KYHRWHVK0RAY4G5FKRYTM0TX","status_code":206},"filename":"/home/runner/work/xet-core/xet-core/xet_client/src/common/http_client.rs","line_number":288}
{"timestamp":"2026-07-28T03:54:52.737187Z","level":"INFO","fields":{"message":"Request Success: s3::get_range api call succeeded (request id 01KYHRWHVK0RAY4G5FKRYTM0TX)."},"filename":"/home/runner/work/xet-core/xet-core/xet_client/src/cas_client/retry_wrapper.rs","line_number":210}
{"timestamp":"2026-07-28T03:54:52.773942Z","level":"INFO","fields":{"message":"Concurrency control for download: Increased concurrency from 10 to 11; reason: success ratio 1.000 is above threshold 0.800 and predicted RTT for 7MB at new concurrency is 17.75s < target 60.0s"},"filename":"/home/runner/work/xet-core/xet-core/xet_client/src/cas_client/adaptive_concurrency/controller.rs","line_number":543}
{"timestamp":"2026-07-28T03:54:52.773983Z","level":"INFO","fields":{"message":"Retry strategy","max_attempts":5,"base_delay":"3s","no_retry_on_429":false},"filename":"/home/runner/work/xet-core/xet-core/xet_client/src/cas_client/retry_wrapper.rs","line_number":249}
{"timestamp":"2026-07-28T03:54:52.776044Z","level":"INFO","fields":{"message":"Concurrency control for download: Increased concurrency from 27 to 28; reason: success ratio 1.000 is above threshold 0.800 and predicted RTT for 4MB at new concurrency is 44.61s < target 60.0s"},"filename":"/home/runner/work/xet-core/xet-core/xet_client/src/cas_client/adaptive_concurrency/controller.rs","line_number":543}
{"timestamp":"2026-07-28T03:54:52.776520Z","level":"INFO","fields":{"message":"Retry strategy","max_attempts":5,"base_delay":"3s","no_retry_on_429":false},"filename":"/home/runner/work/xet-core/xet-core/xet_client/src/cas_client/retry_wrapper.rs","line_number":249}
{"timestamp":"2026-07-28T03:54:52.856161Z","level":"INFO","fields":{"message":"Received CAS response","request_id":"01KYHRWHZMAGYXVTD6EH4HNVAY","status_code":206},"filename":"/home/runner/work/xet-core/xet-core/xet_client/src/common/http_client.rs","line_number":288}
{"timestamp":"2026-07-28T03:54:52.856192Z","level":"INFO","fields":{"message":"Request Success: s3::get_range api call succeeded (request id 01KYHRWHZMAGYXVTD6EH4HNVAY)."},"filename":"/home/runner/work/xet-core/xet-core/xet_client/src/cas_client/retry_wrapper.rs","line_number":210}
{"timestamp":"2026-07-28T03:54:53.064692Z","level":"INFO","fields":{"message":"Received CAS response","request_id":"01KYHRWHZPQBT2GWGCN7F0PZ6B","status_code":206},"filename":"/home/runner/work/xet-core/xet-core/xet_client/src/common/http_client.rs","line_number":288}
{"timestamp":"2026-07-28T03:54:53.064728Z","level":"INFO","fields":{"message":"Request Success: s3::get_range api call succeeded (request id 01KYHRWHZPQBT2GWGCN7F0PZ6B)."},"filename":"/home/runner/work/xet-core/xet-core/xet_client/src/cas_client/retry_wrapper.rs","line_number":210}
{"timestamp":"2026-07-28T03:54:53.085542Z","level":"INFO","fields":{"message":"Concurrency control for download: Increased concurrency from 24 to 25; reason: success ratio 1.000 is above threshold 0.800 and predicted RTT for 4MB at new concurrency is 24.90s < target 60.0s"},"filename":"/home/runner/work/xet-core/xet-core/xet_client/src/cas_client/adaptive_concurrency/controller.rs","line_number":543}
{"timestamp":"2026-07-28T03:54:53.105885Z","level":"INFO","fields":{"message":"Concurrency control for download: Increased concurrency from 21 to 22; reason: success ratio 1.000 is above threshold 0.800 and predicted RTT for 2MB at new concurrency is 27.46s < target 60.0s"},"filename":"/home/runner/work/xet-core/xet-core/xet_client/src/cas_client/adaptive_concurrency/controller.rs","line_number":543}
{"timestamp":"2026-07-28T03:54:53.275025Z","level":"INFO","fields":{"message":"Concurrency control for download: Increased concurrency from 11 to 12; reason: success ratio 1.000 is above threshold 0.800 and predicted RTT for 6MB at new concurrency is 16.96s < target 60.0s"},"filename":"/home/runner/work/xet-core/xet-core/xet_client/src/cas_client/adaptive_concurrency/controller.rs","line_number":543}
{"timestamp":"2026-07-28T03:54:53.275074Z","level":"INFO","fields":{"message":"Retry strategy","max_attempts":5,"base_delay":"3s","no_retry_on_429":false},"filename":"/home/runner/work/xet-core/xet-core/xet_client/src/cas_client/retry_wrapper.rs","line_number":249}
{"timestamp":"2026-07-28T03:54:53.386501Z","level":"INFO","fields":{"message":"Received CAS response","request_id":"01KYHRWJG5GPCWK6YG6E5GFBQG","status_code":206},"filename":"/home/runner/work/xet-core/xet-core/xet_client/src/common/http_client.rs","line_number":288}
{"timestamp":"2026-07-28T03:54:53.386536Z","level":"INFO","fields":{"message":"Request Success: s3::get_range api call succeeded (request id 01KYHRWJG5GPCWK6YG6E5GFBQG)."},"filename":"/home/runner/work/xet-core/xet-core/xet_client/src/cas_client/retry_wrapper.rs","line_number":210}
{"timestamp":"2026-07-28T03:54:53.434256Z","level":"INFO","fields":{"message":"Concurrency control for download: Increased concurrency from 28 to 29; reason: success ratio 1.000 is above threshold 0.800 and predicted RTT for 4MB at new concurrency is 46.43s < target 60.0s"},"filename":"/home/runner/work/xet-core/xet-core/xet_client/src/cas_client/adaptive_concurrency/controller.rs","line_number":543}
{"timestamp":"2026-07-28T03:54:53.480599Z","level":"INFO","fields":{"message":"Retry strategy","max_attempts":5,"base_delay":"3s","no_retry_on_429":false},"filename":"/home/runner/work/xet-core/xet-core/xet_client/src/cas_client/retry_wrapper.rs","line_number":249}
{"timestamp":"2026-07-28T03:54:53.560257Z","level":"INFO","fields":{"message":"Received CAS response","request_id":"01KYHRWJNJ9P3J03K6MFVWJ9GN","status_code":206},"filename":"/home/runner/work/xet-core/xet-core/xet_client/src/common/http_client.rs","line_number":288}
{"timestamp":"2026-07-28T03:54:53.560292Z","level":"INFO","fields":{"message":"Request Success: s3::get_range api call succeeded (request id 01KYHRWJNJ9P3J03K6MFVWJ9GN)."},"filename":"/home/runner/work/xet-core/xet-core/xet_client/src/cas_client/retry_wrapper.rs","line_number":210}
{"timestamp":"2026-07-28T03:54:53.697516Z","level":"INFO","fields":{"message":"Concurrency control for download: Increased concurrency from 25 to 26; reason: success ratio 1.000 is above threshold 0.800 and predicted RTT for 4MB at new concurrency is 26.13s < target 60.0s"},"filename":"/home/runner/work/xet-core/xet-core/xet_client/src/cas_client/adaptive_concurrency/controller.rs","line_number":543}
{"timestamp":"2026-07-28T03:54:53.703929Z","level":"INFO","fields":{"message":"Concurrency control for download: Increased concurrency from 22 to 23; reason: success ratio 1.000 is above threshold 0.800 and predicted RTT for 2MB at new concurrency is 29.80s < target 60.0s"},"filename":"/home/runner/work/xet-core/xet-core/xet_client/src/cas_client/adaptive_concurrency/controller.rs","line_number":543}
{"timestamp":"2026-07-28T03:54:53.783651Z","level":"INFO","fields":{"message":"Concurrency control for download: Increased concurrency from 12 to 13; reason: success ratio 1.000 is above threshold 0.800 and predicted RTT for 5MB at new concurrency is 14.07s < target 60.0s"},"filename":"/home/runner/work/xet-core/xet-core/xet_client/src/cas_client/adaptive_concurrency/controller.rs","line_number":543}
{"timestamp":"2026-07-28T03:54:54.111641Z","level":"INFO","fields":{"message":"Concurrency control for download: Increased concurrency from 29 to 30; reason: success ratio 1.000 is above threshold 0.800 and predicted RTT for 4MB at new concurrency is 48.32s < target 60.0s"},"filename":"/home/runner/work/xet-core/xet-core/xet_client/src/cas_client/adaptive_concurrency/controller.rs","line_number":543}
{"timestamp":"2026-07-28T03:54:54.310394Z","level":"INFO","fields":{"message":"Concurrency control for download: Increased concurrency from 13 to 14; reason: success ratio 1.000 is above threshold 0.800 and predicted RTT for 5MB at new concurrency is 14.35s < target 60.0s"},"filename":"/home/runner/work/xet-core/xet-core/xet_client/src/cas_client/adaptive_concurrency/controller.rs","line_number":543}
{"timestamp":"2026-07-28T03:54:54.318917Z","level":"INFO","fields":{"message":"Concurrency control for download: Increased concurrency from 26 to 27; reason: success ratio 1.000 is above threshold 0.800 and predicted RTT for 4MB at new concurrency is 27.28s < target 60.0s"},"filename":"/home/runner/work/xet-core/xet-core/xet_client/src/cas_client/adaptive_concurrency/controller.rs","line_number":543}
{"timestamp":"2026-07-28T03:54:54.343873Z","level":"INFO","fields":{"message":"Concurrency control for download: Increased concurrency from 23 to 24; reason: success ratio 1.000 is above threshold 0.800 and predicted RTT for 2MB at new concurrency is 33.44s < target 60.0s"},"filename":"/home/runner/work/xet-core/xet-core/xet_client/src/cas_client/adaptive_concurrency/controller.rs","line_number":543}
{"timestamp":"2026-07-28T03:54:54.770996Z","level":"INFO","fields":{"message":"Concurrency control for download: Increased concurrency from 30 to 31; reason: success ratio 1.000 is above threshold 0.800 and predicted RTT for 4MB at new concurrency is 50.32s < target 60.0s"},"filename":"/home/runner/work/xet-core/xet-core/xet_client/src/cas_client/adaptive_concurrency/controller.rs","line_number":543}
{"timestamp":"2026-07-28T03:54:54.812967Z","level":"INFO","fields":{"message":"Concurrency control for download: Increased concurrency from 14 to 15; reason: success ratio 1.000 is above threshold 0.800 and predicted RTT for 5MB at new concurrency is 15.47s < target 60.0s"},"filename":"/home/runner/work/xet-core/xet-core/xet_client/src/cas_client/adaptive_concurrency/controller.rs","line_number":543}
{"timestamp":"2026-07-28T03:54:54.863583Z","level":"INFO","fields":{"message":"Concurrency control for download: Increased concurrency from 27 to 28; reason: success ratio 1.000 is above threshold 0.800 and predicted RTT for 4MB at new concurrency is 28.82s < target 60.0s"},"filename":"/home/runner/work/xet-core/xet-core/xet_client/src/cas_client/adaptive_concurrency/controller.rs","line_number":543}
{"timestamp":"2026-07-28T03:54:55.015094Z","level":"INFO","fields":{"message":"Concurrency control for download: Increased concurrency from 24 to 25; reason: success ratio 1.000 is above threshold 0.800 and predicted RTT for 2MB at new concurrency is 36.24s < target 60.0s"},"filename":"/home/runner/work/xet-core/xet-core/xet_client/src/cas_client/adaptive_concurrency/controller.rs","line_number":543}
{"timestamp":"2026-07-28T03:54:55.339479Z","level":"INFO","fields":{"message":"Concurrency control for download: Increased concurrency from 15 to 16; reason: success ratio 1.000 is above threshold 0.800 and predicted RTT for 5MB at new concurrency is 16.69s < target 60.0s"},"filename":"/home/runner/work/xet-core/xet-core/xet_client/src/cas_client/adaptive_concurrency/controller.rs","line_number":543}
{"timestamp":"2026-07-28T03:54:55.362601Z","level":"INFO","fields":{"message":"Concurrency control for download: Increased concurrency from 31 to 32; reason: success ratio 1.000 is above threshold 0.800 and predicted RTT for 4MB at new concurrency is 52.21s < target 60.0s"},"filename":"/home/runner/work/xet-core/xet-core/xet_client/src/cas_client/adaptive_concurrency/controller.rs","line_number":543}
{"timestamp":"2026-07-28T03:54:55.425520Z","level":"INFO","fields":{"message":"Concurrency control for download: Increased concurrency from 28 to 29; reason: success ratio 1.000 is above threshold 0.800 and predicted RTT for 4MB at new concurrency is 30.27s < target 60.0s"},"filename":"/home/runner/work/xet-core/xet-core/xet_client/src/cas_client/adaptive_concurrency/controller.rs","line_number":543}
{"timestamp":"2026-07-28T03:54:55.629960Z","level":"INFO","fields":{"message":"Concurrency control for download: Increased concurrency from 25 to 26; reason: success ratio 1.000 is above threshold 0.800 and predicted RTT for 2MB at new concurrency is 40.03s < target 60.0s"},"filename":"/home/runner/work/xet-core/xet-core/xet_client/src/cas_client/adaptive_concurrency/controller.rs","line_number":543}
{"timestamp":"2026-07-28T03:54:55.851644Z","level":"INFO","fields":{"message":"Concurrency control for download: Increased concurrency from 16 to 17; reason: success ratio 1.000 is above threshold 0.800 and predicted RTT for 5MB at new concurrency is 18.02s < target 60.0s"},"filename":"/home/runner/work/xet-core/xet-core/xet_client/src/cas_client/adaptive_concurrency/controller.rs","line_number":543}
{"timestamp":"2026-07-28T03:54:55.934895Z","level":"INFO","fields":{"message":"Concurrency control for download: Increased concurrency from 29 to 30; reason: success ratio 1.000 is above threshold 0.800 and predicted RTT for 4MB at new concurrency is 31.84s < target 60.0s"},"filename":"/home/runner/work/xet-core/xet-core/xet_client/src/cas_client/adaptive_concurrency/controller.rs","line_number":543}
{"timestamp":"2026-07-28T03:54:55.989024Z","level":"INFO","fields":{"message":"Concurrency control for download: Increased concurrency from 32 to 33; reason: success ratio 1.000 is above threshold 0.800 and predicted RTT for 4MB at new concurrency is 54.32s < target 60.0s"},"filename":"/home/runner/work/xet-core/xet-core/xet_client/src/cas_client/adaptive_concurrency/controller.rs","line_number":543}
{"timestamp":"2026-07-28T03:54:56.313557Z","level":"INFO","fields":{"message":"Concurrency control for download: Increased concurrency from 26 to 27; reason: success ratio 1.000 is above threshold 0.800 and predicted RTT for 2MB at new concurrency is 43.76s < target 60.0s"},"filename":"/home/runner/work/xet-core/xet-core/xet_client/src/cas_client/adaptive_concurrency/controller.rs","line_number":543}
{"timestamp":"2026-07-28T03:54:56.379603Z","level":"INFO","fields":{"message":"Concurrency control for download: Increased concurrency from 17 to 18; reason: success ratio 1.000 is above threshold 0.800 and predicted RTT for 5MB at new concurrency is 20.59s < target 60.0s"},"filename":"/home/runner/work/xet-core/xet-core/xet_client/src/cas_client/adaptive_concurrency/controller.rs","line_number":543}
{"timestamp":"2026-07-28T03:54:56.514213Z","level":"INFO","fields":{"message":"Concurrency control for download: Increased concurrency from 30 to 31; reason: success ratio 1.000 is above threshold 0.800 and predicted RTT for 4MB at new concurrency is 33.48s < target 60.0s"},"filename":"/home/runner/work/xet-core/xet-core/xet_client/src/cas_client/adaptive_concurrency/controller.rs","line_number":543}
{"timestamp":"2026-07-28T03:54:56.612885Z","level":"INFO","fields":{"message":"Concurrency control for download: Increased concurrency from 33 to 34; reason: success ratio 1.000 is above threshold 0.800 and predicted RTT for 4MB at new concurrency is 56.35s < target 60.0s"},"filename":"/home/runner/work/xet-core/xet-core/xet_client/src/cas_client/adaptive_concurrency/controller.rs","line_number":543}
{"timestamp":"2026-07-28T03:54:56.932262Z","level":"INFO","fields":{"message":"Concurrency control for download: Increased concurrency from 18 to 19; reason: success ratio 1.000 is above threshold 0.800 and predicted RTT for 5MB at new concurrency is 22.00s < target 60.0s"},"filename":"/home/runner/work/xet-core/xet-core/xet_client/src/cas_client/adaptive_concurrency/controller.rs","line_number":543}
{"timestamp":"2026-07-28T03:54:56.969146Z","level":"INFO","fields":{"message":"Concurrency control for download: Increased concurrency from 27 to 28; reason: success ratio 1.000 is above threshold 0.800 and predicted RTT for 2MB at new concurrency is 48.12s < target 60.0s"},"filename":"/home/runner/work/xet-core/xet-core/xet_client/src/cas_client/adaptive_concurrency/controller.rs","line_number":543}
{"timestamp":"2026-07-28T03:54:57.165062Z","level":"INFO","fields":{"message":"Concurrency control for download: Increased concurrency from 31 to 32; reason: success ratio 1.000 is above threshold 0.800 and predicted RTT for 4MB at new concurrency is 34.74s < target 60.0s"},"filename":"/home/runner/work/xet-core/xet-core/xet_client/src/cas_client/adaptive_concurrency/controller.rs","line_number":543}
{"timestamp":"2026-07-28T03:54:57.277745Z","level":"INFO","fields":{"message":"Concurrency control for download: Increased concurrency from 34 to 35; reason: success ratio 1.000 is above threshold 0.800 and predicted RTT for 4MB at new concurrency is 58.49s < target 60.0s"},"filename":"/home/runner/work/xet-core/xet-core/xet_client/src/cas_client/adaptive_concurrency/controller.rs","line_number":543}
{"timestamp":"2026-07-28T03:54:57.494567Z","level":"INFO","fields":{"message":"Concurrency control for download: Increased concurrency from 19 to 20; reason: success ratio 1.000 is above threshold 0.800 and predicted RTT for 5MB at new concurrency is 23.66s < target 60.0s"},"filename":"/home/runner/work/xet-core/xet-core/xet_client/src/cas_client/adaptive_concurrency/controller.rs","line_number":543}
{"timestamp":"2026-07-28T03:54:57.703883Z","level":"INFO","fields":{"message":"Concurrency control for download: Increased concurrency from 32 to 33; reason: success ratio 1.000 is above threshold 0.800 and predicted RTT for 4MB at new concurrency is 36.16s < target 60.0s"},"filename":"/home/runner/work/xet-core/xet-core/xet_client/src/cas_client/adaptive_concurrency/controller.rs","line_number":543}
{"timestamp":"2026-07-28T03:54:58.008013Z","level":"INFO","fields":{"message":"Concurrency control for download: Increased concurrency from 20 to 21; reason: success ratio 1.000 is above threshold 0.800 and predicted RTT for 5MB at new concurrency is 25.34s < target 60.0s"},"filename":"/home/runner/work/xet-core/xet-core/xet_client/src/cas_client/adaptive_concurrency/controller.rs","line_number":543}
{"timestamp":"2026-07-28T03:54:58.211693Z","level":"INFO","fields":{"message":"Concurrency control for download: Increased concurrency from 33 to 34; reason: success ratio 1.000 is above threshold 0.800 and predicted RTT for 4MB at new concurrency is 37.66s < target 60.0s"},"filename":"/home/runner/work/xet-core/xet-core/xet_client/src/cas_client/adaptive_concurrency/controller.rs","line_number":543}
{"timestamp":"2026-07-28T03:54:58.609664Z","level":"INFO","fields":{"message":"Concurrency control for download: Increased concurrency from 21 to 22; reason: success ratio 1.000 is above threshold 0.800 and predicted RTT for 5MB at new concurrency is 27.08s < target 60.0s"},"filename":"/home/runner/work/xet-core/xet-core/xet_client/src/cas_client/adaptive_concurrency/controller.rs","line_number":543}
{"timestamp":"2026-07-28T03:54:58.794478Z","level":"INFO","fields":{"message":"Concurrency control for download: Increased concurrency from 34 to 35; reason: success ratio 1.000 is above threshold 0.800 and predicted RTT for 4MB at new concurrency is 38.71s < target 60.0s"},"filename":"/home/runner/work/xet-core/xet-core/xet_client/src/cas_client/adaptive_concurrency/controller.rs","line_number":543}
{"timestamp":"2026-07-28T03:54:59.402601Z","level":"INFO","fields":{"message":"Concurrency control for download: Increased concurrency from 35 to 36; reason: success ratio 1.000 is above threshold 0.800 and predicted RTT for 4MB at new concurrency is 40.11s < target 60.0s"},"filename":"/home/runner/work/xet-core/xet-core/xet_client/src/cas_client/adaptive_concurrency/controller.rs","line_number":543}
{"timestamp":"2026-07-28T03:55:00.050555Z","level":"INFO","fields":{"message":"Concurrency control for download: Increased concurrency from 36 to 37; reason: success ratio 1.000 is above threshold 0.800 and predicted RTT for 4MB at new concurrency is 40.87s < target 60.0s"},"filename":"/home/runner/work/xet-core/xet-core/xet_client/src/cas_client/adaptive_concurrency/controller.rs","line_number":543}
{"timestamp":"2026-07-28T03:55:00.681146Z","level":"INFO","fields":{"message":"Concurrency control for download: Increased concurrency from 37 to 38; reason: success ratio 1.000 is above threshold 0.800 and predicted RTT for 4MB at new concurrency is 41.69s < target 60.0s"},"filename":"/home/runner/work/xet-core/xet-core/xet_client/src/cas_client/adaptive_concurrency/controller.rs","line_number":543}
{"timestamp":"2026-07-28T03:55:01.357862Z","level":"INFO","fields":{"message":"Concurrency control for download: Increased concurrency from 38 to 39; reason: success ratio 1.000 is above threshold 0.800 and predicted RTT for 6MB at new concurrency is 46.35s < target 60.0s"},"filename":"/home/runner/work/xet-core/xet-core/xet_client/src/cas_client/adaptive_concurrency/controller.rs","line_number":543}
{"timestamp":"2026-07-28T03:55:01.875306Z","level":"INFO","fields":{"message":"Concurrency control for download: Current concurrency = 35; predicted bandwidth = 2288723; success_ratio = 1.000; reference_size = 4.1MB; observed bytes sent so far = 53166579; completed transmissions = 14"},"filename":"/home/runner/work/xet-core/xet-core/xet_client/src/cas_client/adaptive_concurrency/controller.rs","line_number":597}
{"timestamp":"2026-07-28T03:55:01.876964Z","level":"INFO","fields":{"message":"Concurrency control for download: Current concurrency = 4; predicted bandwidth = 1568770; success_ratio = 1.000; reference_size = 61.0MB; observed bytes sent so far = 50515611; completed transmissions = 2"},"filename":"/home/runner/work/xet-core/xet-core/xet_client/src/cas_client/adaptive_concurrency/controller.rs","line_number":597}
{"timestamp":"2026-07-28T03:55:01.877818Z","level":"INFO","fields":{"message":"Concurrency control for download: Increased concurrency from 39 to 40; reason: success ratio 1.000 is above threshold 0.800 and predicted RTT for 6MB at new concurrency is 47.58s < target 60.0s"},"filename":"/home/runner/work/xet-core/xet-core/xet_client/src/cas_client/adaptive_concurrency/controller.rs","line_number":543}
{"timestamp":"2026-07-28T03:55:01.877845Z","level":"INFO","fields":{"message":"Concurrency control for download: Current concurrency = 40; predicted bandwidth = 2409246; success_ratio = 1.000; reference_size = 6.1MB; observed bytes sent so far = 73818696; completed transmissions = 24"},"filename":"/home/runner/work/xet-core/xet-core/xet_client/src/cas_client/adaptive_concurrency/controller.rs","line_number":597}
{"timestamp":"2026-07-28T03:55:01.878965Z","level":"INFO","fields":{"message":"Concurrency control for download: Current concurrency = 28; predicted bandwidth = 1230227; success_ratio = 1.000; reference_size = 4.7MB; observed bytes sent so far = 51010645; completed transmissions = 22"},"filename":"/home/runner/work/xet-core/xet-core/xet_client/src/cas_client/adaptive_concurrency/controller.rs","line_number":597}
{"timestamp":"2026-07-28T03:55:01.883141Z","level":"INFO","fields":{"message":"Concurrency control for download: Current concurrency = 22; predicted bandwidth = 2754664; success_ratio = 1.000; reference_size = 7.8MB; observed bytes sent so far = 75004542; completed transmissions = 25"},"filename":"/home/runner/work/xet-core/xet-core/xet_client/src/cas_client/adaptive_concurrency/controller.rs","line_number":597}
{"timestamp":"2026-07-28T03:55:02.089020Z","level":"INFO","fields":{"message":"Concurrency control for download: Current concurrency = 4; predicted bandwidth = 512406; success_ratio = 1.000; reference_size = 61.0MB; observed bytes sent so far = 16663250; completed transmissions = 0"},"filename":"/home/runner/work/xet-core/xet-core/xet_client/src/cas_client/adaptive_concurrency/controller.rs","line_number":597}
{"timestamp":"2026-07-28T03:55:02.155173Z","level":"INFO","fields":{"message":"Concurrency control for download: Current concurrency = 4; predicted bandwidth = 295487; success_ratio = 1.000; reference_size = 61.0MB; observed bytes sent so far = 9633792; completed transmissions = 0"},"filename":"/home/runner/work/xet-core/xet-core/xet_client/src/cas_client/adaptive_concurrency/controller.rs","line_number":597}
{"timestamp":"2026-07-28T03:55:02.552645Z","level":"INFO","fields":{"message":"Concurrency control for download: Increased concurrency from 40 to 41; reason: success ratio 1.000 is above threshold 0.800 and predicted RTT for 6MB at new concurrency is 49.02s < target 60.0s"},"filename":"/home/runner/work/xet-core/xet-core/xet_client/src/cas_client/adaptive_concurrency/controller.rs","line_number":543}
{"timestamp":"2026-07-28T03:55:03.253416Z","level":"INFO","fields":{"message":"Concurrency control for download: Increased concurrency from 41 to 42; reason: success ratio 1.000 is above threshold 0.800 and predicted RTT for 6MB at new concurrency is 50.42s < target 60.0s"},"filename":"/home/runner/work/xet-core/xet-core/xet_client/src/cas_client/adaptive_concurrency/controller.rs","line_number":543}
{"timestamp":"2026-07-28T03:55:06.231392Z","level":"INFO","fields":{"message":"File reconstruction completed successfully","file_hash":"b63e855b8e4b66733438f476d33cce359708286954270f059c68f1aeda197920","block_count":1,"total_terms_processed":45,"total_bytes_scheduled":90326497},"filename":"/home/runner/work/xet-core/xet-core/xet_data/src/file_reconstruction/run_state.rs","line_number":150}
{"timestamp":"2026-07-28T03:55:08.223712Z","level":"INFO","fields":{"message":"File reconstruction completed successfully","file_hash":"82b70afedf6cc476b395f810066653b2010605cbee3212a371ab0cd754e389aa","block_count":1,"total_terms_processed":45,"total_bytes_scheduled":90326566},"filename":"/home/runner/work/xet-core/xet-core/xet_data/src/file_reconstruction/run_state.rs","line_number":150}
{"timestamp":"2026-07-28T03:55:08.407635Z","level":"INFO","fields":{"message":"CAS auth disabled","caller":"/home/runner/work/xet-core/xet-core/xet_client/src/common/http_client.rs:166"},"filename":"/home/runner/work/xet-core/xet-core/xet_runtime/src/error_printer/mod.rs","line_number":198}
{"timestamp":"2026-07-28T03:55:08.415265Z","level":"INFO","fields":{"message":"HTTP client configured","idle_timeout":"60s","max_idle_connections":16,"custom_headers":"Some({\"user-agent\": \"unknown/None; hf_hub/1.21.0; python/3.11.15\"})"},"filename":"/home/runner/work/xet-core/xet-core/xet_client/src/common/http_client.rs","line_number":187}
{"timestamp":"2026-07-28T03:55:08.415300Z","level":"INFO","fields":{"message":"Retry strategy","max_attempts":5,"base_delay":"3s","no_retry_on_429":false},"filename":"/home/runner/work/xet-core/xet-core/xet_client/src/cas_client/retry_wrapper.rs","line_number":249}
{"timestamp":"2026-07-28T03:55:08.674476Z","level":"INFO","fields":{"message":"Received CAS response","request_id":"Root=1-6a674f7e-119d35ac1e93fcf31c6b8cdb","status_code":200},"filename":"/home/runner/work/xet-core/xet-core/xet_client/src/common/http_client.rs","line_number":288}
{"timestamp":"2026-07-28T03:55:08.674515Z","level":"INFO","fields":{"message":"Request Success: xet-token api call succeeded (request id Root=1-6a674f7e-119d35ac1e93fcf31c6b8cdb)."},"filename":"/home/runner/work/xet-core/xet-core/xet_client/src/cas_client/retry_wrapper.rs","line_number":210}
{"timestamp":"2026-07-28T03:55:08.677143Z","level":"INFO","fields":{"message":"TranslatorConfig initialized","endpoint":"https://cas-server.xethub.hf.co","session_id":"Some(\"019fa6dc-b002-7780-a8c7-17f493067631\")","shard_cache":"/app/backend/data/cache/embedding/models/xet/https___cas_serv-tGqkUaZf_CBPHQ6h/shard-cache","shard_session":"/app/backend/data/cache/embedding/models/xet/https___cas_serv-tGqkUaZf_CBPHQ6h/staging/shard-session"},"filename":"/home/runner/work/xet-core/xet-core/xet_data/src/processing/configurations.rs","line_number":115}
{"timestamp":"2026-07-28T03:55:08.685088Z","level":"INFO","fields":{"message":"HTTP client configured","idle_timeout":"60s","max_idle_connections":16,"custom_headers":"Some({\"user-agent\": \"unknown/None; hf_hub/1.21.0; python/3.11.15; hf_xet/1.5.1\"})"},"filename":"/home/runner/work/xet-core/xet-core/xet_client/src/common/http_client.rs","line_number":187}
{"timestamp":"2026-07-28T03:55:08.685121Z","level":"INFO","fields":{"message":"CAS auth disabled","caller":"/home/runner/work/xet-core/xet-core/xet_client/src/common/http_client.rs:166"},"filename":"/home/runner/work/xet-core/xet-core/xet_runtime/src/error_printer/mod.rs","line_number":198}
{"timestamp":"2026-07-28T03:55:08.685126Z","level":"INFO","fields":{"message":"HTTP client configured","idle_timeout":"60s","max_idle_connections":16,"custom_headers":"Some({\"user-agent\": \"unknown/None; hf_hub/1.21.0; python/3.11.15; hf_xet/1.5.1\"})"},"filename":"/home/runner/work/xet-core/xet-core/xet_client/src/common/http_client.rs","line_number":187}
{"timestamp":"2026-07-28T03:55:08.692779Z","level":"INFO","fields":{"message":"No-read-timeout HTTP client configured (for shard uploads)","connect_timeout":"60s"},"filename":"/home/runner/work/xet-core/xet-core/xet_client/src/common/http_client.rs","line_number":136}
{"timestamp":"2026-07-28T03:55:08.692811Z","level":"INFO","fields":{"message":"Initializing Adaptive Concurrency Controller for upload with starting concurrency = 2; min = 1, max = 64, min_bytes_for_adjustment = 20000000, min_completed_transmissions_for_adjustment = 1"},"filename":"/home/runner/work/xet-core/xet-core/xet_client/src/cas_client/adaptive_concurrency/controller.rs","line_number":301}
{"timestamp":"2026-07-28T03:55:08.692817Z","level":"INFO","fields":{"message":"Initializing Adaptive Concurrency Controller for download with starting concurrency = 4; min = 1, max = 64, min_bytes_for_adjustment = 20000000, min_completed_transmissions_for_adjustment = 1"},"filename":"/home/runner/work/xet-core/xet-core/xet_client/src/cas_client/adaptive_concurrency/controller.rs","line_number":301}
{"timestamp":"2026-07-28T03:55:08.692865Z","level":"INFO","fields":{"message":"New file download group, session_id=019fa6dc-1dde-7893-b0f4-d9195d13864d, group_id=22"},"filename":"/home/runner/work/xet-core/xet-core/xet_pkg/src/xet_session/file_download_group.rs","line_number":61}
{"timestamp":"2026-07-28T03:55:08.693047Z","level":"INFO","fields":{"message":"Download file to path","group_id":"22","dest_path":"\"/app/backend/data/cache/embedding/models/models--sentence-transformers--all-MiniLM-L6-v2/blobs/b941bf19f1f1283680f449fa6a7336bb5600bdcd5f84d10ddc5cd72218a0fd21.d007cffe.incomplete\"","hash":"17b2e95d67485210bf83575de4de17cad219aa0c3f5b1b2bc38aa12221d69b3d"},"filename":"/home/runner/work/xet-core/xet-core/xet_pkg/src/xet_session/file_download_group.rs","line_number":287}
{"timestamp":"2026-07-28T03:55:08.693094Z","level":"INFO","fields":{"message":"Reconstructing file to disk","file_hash":"17b2e95d67485210bf83575de4de17cad219aa0c3f5b1b2bc38aa12221d69b3d","byte_range":"None","path":"/app/backend/data/cache/embedding/models/models--sentence-transformers--all-MiniLM-L6-v2/blobs/b941bf19f1f1283680f449fa6a7336bb5600bdcd5f84d10ddc5cd72218a0fd21.d007cffe.incomplete","write_offset":"None"},"filename":"/home/runner/work/xet-core/xet-core/xet_data/src/file_reconstruction/file_reconstructor.rs","line_number":121}
{"timestamp":"2026-07-28T03:55:08.693310Z","level":"INFO","fields":{"message":"Download group finish","group_id":"22"},"filename":"/home/runner/work/xet-core/xet-core/xet_pkg/src/xet_session/file_download_group.rs","line_number":306}
{"timestamp":"2026-07-28T03:55:08.694417Z","level":"INFO","fields":{"message":"Scheduling prefetch block","file_hash":"17b2e95d67485210bf83575de4de17cad219aa0c3f5b1b2bc38aa12221d69b3d","prefetch_range":"(0, 256000000)","requested_block_size":256000000,"actual_block_size":256000000,"queue_depth":1},"filename":"/home/runner/work/xet-core/xet-core/xet_data/src/file_reconstruction/reconstruction_terms/manager.rs","line_number":272}
{"timestamp":"2026-07-28T03:55:08.694430Z","level":"INFO","fields":{"message":"Scheduling prefetch block","file_hash":"17b2e95d67485210bf83575de4de17cad219aa0c3f5b1b2bc38aa12221d69b3d","prefetch_range":"(256000000, 768000000)","requested_block_size":512000000,"actual_block_size":512000000,"queue_depth":2},"filename":"/home/runner/work/xet-core/xet-core/xet_data/src/file_reconstruction/reconstruction_terms/manager.rs","line_number":272}
{"timestamp":"2026-07-28T03:55:08.694456Z","level":"INFO","fields":{"message":"Scheduling prefetch block","file_hash":"17b2e95d67485210bf83575de4de17cad219aa0c3f5b1b2bc38aa12221d69b3d","prefetch_range":"(768000000, 1024000000)","requested_block_size":256000000,"actual_block_size":256000000,"queue_depth":3},"filename":"/home/runner/work/xet-core/xet-core/xet_data/src/file_reconstruction/reconstruction_terms/manager.rs","line_number":272}
{"timestamp":"2026-07-28T03:55:08.694476Z","level":"INFO","fields":{"message":"Starting get_reconstruction API call","call_id":22,"file_id":"17b2e95d67485210bf83575de4de17cad219aa0c3f5b1b2bc38aa12221d69b3d","bytes_range":"Some(Range { start: 768000000, end: 1024000000 })","api_version":"v2"},"filename":"/home/runner/work/xet-core/xet-core/xet_client/src/cas_client/remote_client.rs","line_number":210}
{"timestamp":"2026-07-28T03:55:08.694484Z","level":"INFO","fields":{"message":"Retry strategy","max_attempts":5,"base_delay":"3s","no_retry_on_429":false},"filename":"/home/runner/work/xet-core/xet-core/xet_client/src/cas_client/retry_wrapper.rs","line_number":249}
{"timestamp":"2026-07-28T03:55:08.694492Z","level":"INFO","fields":{"message":"Starting get_reconstruction API call","call_id":23,"file_id":"17b2e95d67485210bf83575de4de17cad219aa0c3f5b1b2bc38aa12221d69b3d","bytes_range":"Some(Range { start: 256000000, end: 768000000 })","api_version":"v2"},"filename":"/home/runner/work/xet-core/xet-core/xet_client/src/cas_client/remote_client.rs","line_number":210}
{"timestamp":"2026-07-28T03:55:08.694498Z","level":"INFO","fields":{"message":"Retry strategy","max_attempts":5,"base_delay":"3s","no_retry_on_429":false},"filename":"/home/runner/work/xet-core/xet-core/xet_client/src/cas_client/retry_wrapper.rs","line_number":249}
{"timestamp":"2026-07-28T03:55:08.694500Z","level":"INFO","fields":{"message":"Retry strategy","max_attempts":5,"base_delay":"3s","no_retry_on_429":false},"filename":"/home/runner/work/xet-core/xet-core/xet_client/src/cas_client/retry_wrapper.rs","line_number":249}
{"timestamp":"2026-07-28T03:55:08.694506Z","level":"INFO","fields":{"message":"Starting get_reconstruction API call","call_id":24,"file_id":"17b2e95d67485210bf83575de4de17cad219aa0c3f5b1b2bc38aa12221d69b3d","bytes_range":"Some(Range { start: 0, end: 256000000 })","api_version":"v2"},"filename":"/home/runner/work/xet-core/xet-core/xet_client/src/cas_client/remote_client.rs","line_number":210}
{"timestamp":"2026-07-28T03:55:08.694526Z","level":"INFO","fields":{"message":"Retry strategy","max_attempts":5,"base_delay":"3s","no_retry_on_429":false},"filename":"/home/runner/work/xet-core/xet-core/xet_client/src/cas_client/retry_wrapper.rs","line_number":249}
{"timestamp":"2026-07-28T03:55:08.838149Z","level":"INFO","fields":{"message":"Received CAS response","request_id":"Root=1-6a674f7e-2f876fbb6908fbf630fb310f","status_code":200},"filename":"/home/runner/work/xet-core/xet-core/xet_client/src/common/http_client.rs","line_number":288}
{"timestamp":"2026-07-28T03:55:08.838184Z","level":"INFO","fields":{"message":"Request Success: xet-token api call succeeded (request id Root=1-6a674f7e-2f876fbb6908fbf630fb310f)."},"filename":"/home/runner/work/xet-core/xet-core/xet_client/src/cas_client/retry_wrapper.rs","line_number":210}
{"timestamp":"2026-07-28T03:55:08.838197Z","level":"INFO","fields":{"message":"Token refreshed","new_expiry":1785156354},"filename":"/home/runner/work/xet-core/xet-core/xet_client/src/cas_client/auth.rs","line_number":208}
{"timestamp":"2026-07-28T03:55:08.838369Z","level":"INFO","fields":{"message":"Retry strategy","max_attempts":5,"base_delay":"3s","no_retry_on_429":false},"filename":"/home/runner/work/xet-core/xet-core/xet_client/src/cas_client/retry_wrapper.rs","line_number":249}
{"timestamp":"2026-07-28T03:55:08.990205Z","level":"INFO","fields":{"message":"Received CAS response","request_id":"Root=1-6a674f7e-7e1024df5c9f5ee722c229df","status_code":200},"filename":"/home/runner/work/xet-core/xet-core/xet_client/src/common/http_client.rs","line_number":288}
{"timestamp":"2026-07-28T03:55:08.990237Z","level":"INFO","fields":{"message":"Request Success: xet-token api call succeeded (request id Root=1-6a674f7e-7e1024df5c9f5ee722c229df)."},"filename":"/home/runner/work/xet-core/xet-core/xet_client/src/cas_client/retry_wrapper.rs","line_number":210}
{"timestamp":"2026-07-28T03:55:08.990250Z","level":"INFO","fields":{"message":"Token refreshed","new_expiry":1785156354},"filename":"/home/runner/work/xet-core/xet-core/xet_client/src/cas_client/auth.rs","line_number":208}
{"timestamp":"2026-07-28T03:55:08.990410Z","level":"INFO","fields":{"message":"Retry strategy","max_attempts":5,"base_delay":"3s","no_retry_on_429":false},"filename":"/home/runner/work/xet-core/xet-core/xet_client/src/cas_client/retry_wrapper.rs","line_number":249}
{"timestamp":"2026-07-28T03:55:09.139238Z","level":"INFO","fields":{"message":"Received CAS response","request_id":"Root=1-6a674f7e-4816522e466eebfa61e4de76","status_code":200},"filename":"/home/runner/work/xet-core/xet-core/xet_client/src/common/http_client.rs","line_number":288}
{"timestamp":"2026-07-28T03:55:09.139282Z","level":"INFO","fields":{"message":"Request Success: xet-token api call succeeded (request id Root=1-6a674f7e-4816522e466eebfa61e4de76)."},"filename":"/home/runner/work/xet-core/xet-core/xet_client/src/cas_client/retry_wrapper.rs","line_number":210}
{"timestamp":"2026-07-28T03:55:09.139301Z","level":"INFO","fields":{"message":"Token refreshed","new_expiry":1785156354},"filename":"/home/runner/work/xet-core/xet-core/xet_client/src/cas_client/auth.rs","line_number":208}
{"timestamp":"2026-07-28T03:55:09.386103Z","level":"INFO","fields":{"message":"Received CAS response","request_id":"01KYHRX23C7KNKYH42CG1EGBTR","status_code":416},"filename":"/home/runner/work/xet-core/xet-core/xet_client/src/common/http_client.rs","line_number":288}
{"timestamp":"2026-07-28T03:55:09.386145Z","level":"INFO","fields":{"message":"Reached end of reconstruction 416 (Range Not Satisfiable): \"cas::get_reconstruction_v2\" api call failed (request id 01KYHRX23C7KNKYH42CG1EGBTR): HTTP status client error (416 Range Not Satisfiable) for url (https://cas-server.xethub.hf.co/v2/reconstructions/17b2e95d67485210bf83575de4de17cad219aa0c3f5b1b2bc38aa12221d69b3d)"},"filename":"/home/runner/work/xet-core/xet-core/xet_client/src/cas_client/retry_wrapper.rs","line_number":162}
{"timestamp":"2026-07-28T03:55:09.554029Z","level":"INFO","fields":{"message":"Received CAS response","request_id":"01KYHRX28Y125ZXGVR7YGT60HK","status_code":416},"filename":"/home/runner/work/xet-core/xet-core/xet_client/src/common/http_client.rs","line_number":288}
{"timestamp":"2026-07-28T03:55:09.554108Z","level":"INFO","fields":{"message":"Reached end of reconstruction 416 (Range Not Satisfiable): \"cas::get_reconstruction_v2\" api call failed (request id 01KYHRX28Y125ZXGVR7YGT60HK): HTTP status client error (416 Range Not Satisfiable) for url (https://cas-server.xethub.hf.co/v2/reconstructions/17b2e95d67485210bf83575de4de17cad219aa0c3f5b1b2bc38aa12221d69b3d)"},"filename":"/home/runner/work/xet-core/xet-core/xet_client/src/cas_client/retry_wrapper.rs","line_number":162}
{"timestamp":"2026-07-28T03:55:09.589205Z","level":"INFO","fields":{"message":"Received CAS response","request_id":"01KYHRX28YKY73N31R30Y7Y15N","status_code":200},"filename":"/home/runner/work/xet-core/xet-core/xet_client/src/common/http_client.rs","line_number":288}
{"timestamp":"2026-07-28T03:55:09.589269Z","level":"INFO","fields":{"message":"Request Success: cas::get_reconstruction_v2 api call succeeded (request id 01KYHRX28YKY73N31R30Y7Y15N)."},"filename":"/home/runner/work/xet-core/xet-core/xet_client/src/cas_client/retry_wrapper.rs","line_number":210}
{"timestamp":"2026-07-28T03:55:09.589305Z","level":"INFO","fields":{"message":"Completed get_reconstruction API call","call_id":24,"file_id":"17b2e95d67485210bf83575de4de17cad219aa0c3f5b1b2bc38aa12221d69b3d","bytes_range":"Some(Range { start: 0, end: 256000000 })","api_version":"v2"},"filename":"/home/runner/work/xet-core/xet-core/xet_client/src/cas_client/remote_client.rs","line_number":234}
{"timestamp":"2026-07-28T03:55:09.589380Z","level":"INFO","fields":{"message":"Received block of file terms from prefetch queue","file_hash":"17b2e95d67485210bf83575de4de17cad219aa0c3f5b1b2bc38aa12221d69b3d","domain":"us.aws.cdn.hf.co","block_start":0,"block_end":23046789,"block_size":1},"filename":"/home/runner/work/xet-core/xet-core/xet_data/src/file_reconstruction/reconstruction_terms/manager.rs","line_number":151}
{"timestamp":"2026-07-28T03:55:09.589546Z","level":"INFO","fields":{"message":"Updated completion rate estimate based on previous block completion time (seconds).","file_hash":"17b2e95d67485210bf83575de4de17cad219aa0c3f5b1b2bc38aa12221d69b3d","block_start":0,"block_end":23046789,"block_size":23046789,"completion_time":0.000157768},"filename":"/home/runner/work/xet-core/xet-core/xet_data/src/file_reconstruction/reconstruction_terms/manager.rs","line_number":104}
{"timestamp":"2026-07-28T03:55:09.589583Z","level":"INFO","fields":{"message":"Completed prefetch queue; end of file reached.","file_hash":"17b2e95d67485210bf83575de4de17cad219aa0c3f5b1b2bc38aa12221d69b3d","prefetched_byte_position":1024000000},"filename":"/home/runner/work/xet-core/xet-core/xet_data/src/file_reconstruction/reconstruction_terms/manager.rs","line_number":178}
{"timestamp":"2026-07-28T03:55:09.589591Z","level":"INFO","fields":{"message":"All term blocks received and scheduled for writing","file_hash":"17b2e95d67485210bf83575de4de17cad219aa0c3f5b1b2bc38aa12221d69b3d","block_count":1,"total_terms_processed":1,"total_bytes_scheduled":23046789},"filename":"/home/runner/work/xet-core/xet-core/xet_data/src/file_reconstruction/run_state.rs","line_number":150}
{"timestamp":"2026-07-28T03:55:09.589622Z","level":"INFO","fields":{"message":"Retry strategy","max_attempts":5,"base_delay":"3s","no_retry_on_429":false},"filename":"/home/runner/work/xet-core/xet-core/xet_client/src/cas_client/retry_wrapper.rs","line_number":249}
{"timestamp":"2026-07-28T03:55:09.772877Z","level":"INFO","fields":{"message":"Received CAS response","request_id":"01KYHRX2GMG63S9RGDTK4ZP8E2","status_code":206},"filename":"/home/runner/work/xet-core/xet-core/xet_client/src/common/http_client.rs","line_number":288}
{"timestamp":"2026-07-28T03:55:09.772909Z","level":"INFO","fields":{"message":"Request Success: s3::get_range api call succeeded (request id 01KYHRX2GMG63S9RGDTK4ZP8E2)."},"filename":"/home/runner/work/xet-core/xet-core/xet_client/src/cas_client/retry_wrapper.rs","line_number":210}
{"timestamp":"2026-07-28T03:55:11.915920Z","level":"INFO","fields":{"message":"Concurrency control for download: Current concurrency = 4; predicted bandwidth = 1135231; success_ratio = 1.000; reference_size = 61.0MB; observed bytes sent so far = 67407515; completed transmissions = 2"},"filename":"/home/runner/work/xet-core/xet-core/xet_client/src/cas_client/adaptive_concurrency/controller.rs","line_number":597}
{"timestamp":"2026-07-28T03:55:11.936547Z","level":"INFO","fields":{"message":"File reconstruction completed successfully","file_hash":"35b363afb9df4b2003fa3154c65b08833ba4632fc938a11d5f0dcadd966dfe4a","block_count":1,"total_terms_processed":1,"total_bytes_scheduled":23026053},"filename":"/home/runner/work/xet-core/xet-core/xet_data/src/file_reconstruction/run_state.rs","line_number":150}
{"timestamp":"2026-07-28T03:55:11.968139Z","level":"INFO","fields":{"message":"Concurrency control for download: Current concurrency = 28; predicted bandwidth = 1249340; success_ratio = 1.000; reference_size = 4.7MB; observed bytes sent so far = 70081621; completed transmissions = 22"},"filename":"/home/runner/work/xet-core/xet-core/xet_client/src/cas_client/adaptive_concurrency/controller.rs","line_number":597}
{"timestamp":"2026-07-28T03:55:11.972880Z","level":"INFO","fields":{"message":"Concurrency control for download: Current concurrency = 35; predicted bandwidth = 1841174; success_ratio = 1.000; reference_size = 4.1MB; observed bytes sent so far = 79053299; completed transmissions = 14"},"filename":"/home/runner/work/xet-core/xet-core/xet_client/src/cas_client/adaptive_concurrency/controller.rs","line_number":597}
{"timestamp":"2026-07-28T03:55:12.145255Z","level":"INFO","fields":{"message":"Concurrency control for download: Current concurrency = 4; predicted bandwidth = 515854; success_ratio = 1.000; reference_size = 61.0MB; observed bytes sent so far = 31982290; completed transmissions = 0"},"filename":"/home/runner/work/xet-core/xet-core/xet_client/src/cas_client/adaptive_concurrency/controller.rs","line_number":597}
{"timestamp":"2026-07-28T03:55:12.159905Z","level":"INFO","fields":{"message":"CAS auth disabled","caller":"/home/runner/work/xet-core/xet-core/xet_client/src/common/http_client.rs:166"},"filename":"/home/runner/work/xet-core/xet-core/xet_runtime/src/error_printer/mod.rs","line_number":198}
{"timestamp":"2026-07-28T03:55:12.168749Z","level":"INFO","fields":{"message":"HTTP client configured","idle_timeout":"60s","max_idle_connections":16,"custom_headers":"Some({\"user-agent\": \"unknown/None; hf_hub/1.21.0; python/3.11.15\"})"},"filename":"/home/runner/work/xet-core/xet-core/xet_client/src/common/http_client.rs","line_number":187}
{"timestamp":"2026-07-28T03:55:12.168790Z","level":"INFO","fields":{"message":"Retry strategy","max_attempts":5,"base_delay":"3s","no_retry_on_429":false},"filename":"/home/runner/work/xet-core/xet-core/xet_client/src/cas_client/retry_wrapper.rs","line_number":249}
{"timestamp":"2026-07-28T03:55:12.246952Z","level":"INFO","fields":{"message":"CAS auth disabled","caller":"/home/runner/work/xet-core/xet-core/xet_client/src/common/http_client.rs:166"},"filename":"/home/runner/work/xet-core/xet-core/xet_runtime/src/error_printer/mod.rs","line_number":198}
{"timestamp":"2026-07-28T03:55:12.246998Z","level":"INFO","fields":{"message":"HTTP client configured","idle_timeout":"60s","max_idle_connections":16,"custom_headers":"Some({\"user-agent\": \"unknown/None; hf_hub/1.21.0; python/3.11.15\"})"},"filename":"/home/runner/work/xet-core/xet-core/xet_client/src/common/http_client.rs","line_number":187}
{"timestamp":"2026-07-28T03:55:12.247014Z","level":"INFO","fields":{"message":"Retry strategy","max_attempts":5,"base_delay":"3s","no_retry_on_429":false},"filename":"/home/runner/work/xet-core/xet-core/xet_client/src/cas_client/retry_wrapper.rs","line_number":249}
{"timestamp":"2026-07-28T03:55:12.753066Z","level":"INFO","fields":{"message":"CAS auth disabled","caller":"/home/runner/work/xet-core/xet-core/xet_client/src/common/http_client.rs:166"},"filename":"/home/runner/work/xet-core/xet-core/xet_runtime/src/error_printer/mod.rs","line_number":198}
{"timestamp":"2026-07-28T03:55:12.753120Z","level":"INFO","fields":{"message":"HTTP client configured","idle_timeout":"60s","max_idle_connections":16,"custom_headers":"Some({\"user-agent\": \"unknown/None; hf_hub/1.21.0; python/3.11.15\"})"},"filename":"/home/runner/work/xet-core/xet-core/xet_client/src/common/http_client.rs","line_number":187}
{"timestamp":"2026-07-28T03:55:12.753130Z","level":"INFO","fields":{"message":"Retry strategy","max_attempts":5,"base_delay":"3s","no_retry_on_429":false},"filename":"/home/runner/work/xet-core/xet-core/xet_client/src/cas_client/retry_wrapper.rs","line_number":249}
{"timestamp":"2026-07-28T03:55:12.816472Z","level":"INFO","fields":{"message":"Received CAS response","request_id":"Root=1-6a674f82-3a2ee346361ed7ed2e707dd0","status_code":200},"filename":"/home/runner/work/xet-core/xet-core/xet_client/src/common/http_client.rs","line_number":288}
{"timestamp":"2026-07-28T03:55:12.816525Z","level":"INFO","fields":{"message":"Request Success: xet-token api call succeeded (request id Root=1-6a674f82-3a2ee346361ed7ed2e707dd0)."},"filename":"/home/runner/work/xet-core/xet-core/xet_client/src/cas_client/retry_wrapper.rs","line_number":210}
{"timestamp":"2026-07-28T03:55:12.820432Z","level":"INFO","fields":{"message":"TranslatorConfig initialized","endpoint":"https://cas-server.xethub.hf.co","session_id":"Some(\"019fa6dc-c030-7d23-bc75-359b6a39362e\")","shard_cache":"/app/backend/data/cache/embedding/models/xet/https___cas_serv-tGqkUaZf_CBPHQ6h/shard-cache","shard_session":"/app/backend/data/cache/embedding/models/xet/https___cas_serv-tGqkUaZf_CBPHQ6h/staging/shard-session"},"filename":"/home/runner/work/xet-core/xet-core/xet_data/src/processing/configurations.rs","line_number":115}
{"timestamp":"2026-07-28T03:55:12.830118Z","level":"INFO","fields":{"message":"HTTP client configured","idle_timeout":"60s","max_idle_connections":16,"custom_headers":"Some({\"user-agent\": \"unknown/None; hf_hub/1.21.0; python/3.11.15; hf_xet/1.5.1\"})"},"filename":"/home/runner/work/xet-core/xet-core/xet_client/src/common/http_client.rs","line_number":187}
{"timestamp":"2026-07-28T03:55:12.830163Z","level":"INFO","fields":{"message":"CAS auth disabled","caller":"/home/runner/work/xet-core/xet-core/xet_client/src/common/http_client.rs:166"},"filename":"/home/runner/work/xet-core/xet-core/xet_runtime/src/error_printer/mod.rs","line_number":198}
{"timestamp":"2026-07-28T03:55:12.830170Z","level":"INFO","fields":{"message":"HTTP client configured","idle_timeout":"60s","max_idle_connections":16,"custom_headers":"Some({\"user-agent\": \"unknown/None; hf_hub/1.21.0; python/3.11.15; hf_xet/1.5.1\"})"},"filename":"/home/runner/work/xet-core/xet-core/xet_client/src/common/http_client.rs","line_number":187}
{"timestamp":"2026-07-28T03:55:12.836690Z","level":"INFO","fields":{"message":"No-read-timeout HTTP client configured (for shard uploads)","connect_timeout":"60s"},"filename":"/home/runner/work/xet-core/xet-core/xet_client/src/common/http_client.rs","line_number":136}
{"timestamp":"2026-07-28T03:55:12.836725Z","level":"INFO","fields":{"message":"Initializing Adaptive Concurrency Controller for upload with starting concurrency = 2; min = 1, max = 64, min_bytes_for_adjustment = 20000000, min_completed_transmissions_for_adjustment = 1"},"filename":"/home/runner/work/xet-core/xet-core/xet_client/src/cas_client/adaptive_concurrency/controller.rs","line_number":301}
{"timestamp":"2026-07-28T03:55:12.836733Z","level":"INFO","fields":{"message":"Initializing Adaptive Concurrency Controller for download with starting concurrency = 4; min = 1, max = 64, min_bytes_for_adjustment = 20000000, min_completed_transmissions_for_adjustment = 1"},"filename":"/home/runner/work/xet-core/xet-core/xet_client/src/cas_client/adaptive_concurrency/controller.rs","line_number":301}
{"timestamp":"2026-07-28T03:55:12.836804Z","level":"INFO","fields":{"message":"New file download group, session_id=019fa6dc-1dde-7893-b0f4-d9195d13864d, group_id=26"},"filename":"/home/runner/work/xet-core/xet-core/xet_pkg/src/xet_session/file_download_group.rs","line_number":61}
{"timestamp":"2026-07-28T03:55:12.837034Z","level":"INFO","fields":{"message":"Download file to path","group_id":"26","dest_path":"\"/app/backend/data/cache/embedding/models/models--sentence-transformers--all-MiniLM-L6-v2/blobs/c92ea4af3c6bc7b4a0f3b3d61b147c850f4dbdd7c9e7beee0c0c70dc12da289b.6545387c.incomplete\"","hash":"938fa026d38b01b5048a0ee1597e3a5f76838e08814688064b98d4fd08080d69"},"filename":"/home/runner/work/xet-core/xet-core/xet_pkg/src/xet_session/file_download_group.rs","line_number":287}
{"timestamp":"2026-07-28T03:55:12.837156Z","level":"INFO","fields":{"message":"Reconstructing file to disk","file_hash":"938fa026d38b01b5048a0ee1597e3a5f76838e08814688064b98d4fd08080d69","byte_range":"None","path":"/app/backend/data/cache/embedding/models/models--sentence-transformers--all-MiniLM-L6-v2/blobs/c92ea4af3c6bc7b4a0f3b3d61b147c850f4dbdd7c9e7beee0c0c70dc12da289b.6545387c.incomplete","write_offset":"None"},"filename":"/home/runner/work/xet-core/xet-core/xet_data/src/file_reconstruction/file_reconstructor.rs","line_number":121}
{"timestamp":"2026-07-28T03:55:12.837332Z","level":"INFO","fields":{"message":"Download group finish","group_id":"26"},"filename":"/home/runner/work/xet-core/xet-core/xet_pkg/src/xet_session/file_download_group.rs","line_number":306}
{"timestamp":"2026-07-28T03:55:12.838597Z","level":"INFO","fields":{"message":"Scheduling prefetch block","file_hash":"938fa026d38b01b5048a0ee1597e3a5f76838e08814688064b98d4fd08080d69","prefetch_range":"(0, 256000000)","requested_block_size":256000000,"actual_block_size":256000000,"queue_depth":1},"filename":"/home/runner/work/xet-core/xet-core/xet_data/src/file_reconstruction/reconstruction_terms/manager.rs","line_number":272}
{"timestamp":"2026-07-28T03:55:12.838608Z","level":"INFO","fields":{"message":"Scheduling prefetch block","file_hash":"938fa026d38b01b5048a0ee1597e3a5f76838e08814688064b98d4fd08080d69","prefetch_range":"(256000000, 768000000)","requested_block_size":512000000,"actual_block_size":512000000,"queue_depth":2},"filename":"/home/runner/work/xet-core/xet-core/xet_data/src/file_reconstruction/reconstruction_terms/manager.rs","line_number":272}
{"timestamp":"2026-07-28T03:55:12.838630Z","level":"INFO","fields":{"message":"Scheduling prefetch block","file_hash":"938fa026d38b01b5048a0ee1597e3a5f76838e08814688064b98d4fd08080d69","prefetch_range":"(768000000, 1024000000)","requested_block_size":256000000,"actual_block_size":256000000,"queue_depth":3},"filename":"/home/runner/work/xet-core/xet-core/xet_data/src/file_reconstruction/reconstruction_terms/manager.rs","line_number":272}
{"timestamp":"2026-07-28T03:55:12.838649Z","level":"INFO","fields":{"message":"Starting get_reconstruction API call","call_id":25,"file_id":"938fa026d38b01b5048a0ee1597e3a5f76838e08814688064b98d4fd08080d69","bytes_range":"Some(Range { start: 768000000, end: 1024000000 })","api_version":"v2"},"filename":"/home/runner/work/xet-core/xet-core/xet_client/src/cas_client/remote_client.rs","line_number":210}
{"timestamp":"2026-07-28T03:55:12.838655Z","level":"INFO","fields":{"message":"Retry strategy","max_attempts":5,"base_delay":"3s","no_retry_on_429":false},"filename":"/home/runner/work/xet-core/xet-core/xet_client/src/cas_client/retry_wrapper.rs","line_number":249}
{"timestamp":"2026-07-28T03:55:12.838665Z","level":"INFO","fields":{"message":"Starting get_reconstruction API call","call_id":26,"file_id":"938fa026d38b01b5048a0ee1597e3a5f76838e08814688064b98d4fd08080d69","bytes_range":"Some(Range { start: 0, end: 256000000 })","api_version":"v2"},"filename":"/home/runner/work/xet-core/xet-core/xet_client/src/cas_client/remote_client.rs","line_number":210}
{"timestamp":"2026-07-28T03:55:12.838672Z","level":"INFO","fields":{"message":"Retry strategy","max_attempts":5,"base_delay":"3s","no_retry_on_429":false},"filename":"/home/runner/work/xet-core/xet-core/xet_client/src/cas_client/retry_wrapper.rs","line_number":249}
{"timestamp":"2026-07-28T03:55:12.838671Z","level":"INFO","fields":{"message":"Retry strategy","max_attempts":5,"base_delay":"3s","no_retry_on_429":false},"filename":"/home/runner/work/xet-core/xet-core/xet_client/src/cas_client/retry_wrapper.rs","line_number":249}
{"timestamp":"2026-07-28T03:55:12.838685Z","level":"INFO","fields":{"message":"Starting get_reconstruction API call","call_id":27,"file_id":"938fa026d38b01b5048a0ee1597e3a5f76838e08814688064b98d4fd08080d69","bytes_range":"Some(Range { start: 256000000, end: 768000000 })","api_version":"v2"},"filename":"/home/runner/work/xet-core/xet-core/xet_client/src/cas_client/remote_client.rs","line_number":210}
{"timestamp":"2026-07-28T03:55:12.838688Z","level":"INFO","fields":{"message":"Retry strategy","max_attempts":5,"base_delay":"3s","no_retry_on_429":false},"filename":"/home/runner/work/xet-core/xet-core/xet_client/src/cas_client/retry_wrapper.rs","line_number":249}
{"timestamp":"2026-07-28T03:55:12.962518Z","level":"INFO","fields":{"message":"Received CAS response","request_id":"Root=1-6a674f82-164ba1ab5d1028a507618ab2","status_code":200},"filename":"/home/runner/work/xet-core/xet-core/xet_client/src/common/http_client.rs","line_number":288}
{"timestamp":"2026-07-28T03:55:12.962556Z","level":"INFO","fields":{"message":"Request Success: xet-token api call succeeded (request id Root=1-6a674f82-164ba1ab5d1028a507618ab2)."},"filename":"/home/runner/work/xet-core/xet-core/xet_client/src/cas_client/retry_wrapper.rs","line_number":210}
{"timestamp":"2026-07-28T03:55:12.965509Z","level":"INFO","fields":{"message":"TranslatorConfig initialized","endpoint":"https://cas-server.xethub.hf.co","session_id":"Some(\"019fa6dc-c0c2-7292-9971-3d8c2e82ae5c\")","shard_cache":"/app/backend/data/cache/embedding/models/xet/https___cas_serv-tGqkUaZf_CBPHQ6h/shard-cache","shard_session":"/app/backend/data/cache/embedding/models/xet/https___cas_serv-tGqkUaZf_CBPHQ6h/staging/shard-session"},"filename":"/home/runner/work/xet-core/xet-core/xet_data/src/processing/configurations.rs","line_number":115}
{"timestamp":"2026-07-28T03:55:12.965549Z","level":"INFO","fields":{"message":"HTTP client configured","idle_timeout":"60s","max_idle_connections":16,"custom_headers":"Some({\"user-agent\": \"unknown/None; hf_hub/1.21.0; python/3.11.15; hf_xet/1.5.1\"})"},"filename":"/home/runner/work/xet-core/xet-core/xet_client/src/common/http_client.rs","line_number":187}
{"timestamp":"2026-07-28T03:55:12.965559Z","level":"INFO","fields":{"message":"CAS auth disabled","caller":"/home/runner/work/xet-core/xet-core/xet_client/src/common/http_client.rs:166"},"filename":"/home/runner/work/xet-core/xet-core/xet_runtime/src/error_printer/mod.rs","line_number":198}
{"timestamp":"2026-07-28T03:55:12.965563Z","level":"INFO","fields":{"message":"HTTP client configured","idle_timeout":"60s","max_idle_connections":16,"custom_headers":"Some({\"user-agent\": \"unknown/None; hf_hub/1.21.0; python/3.11.15; hf_xet/1.5.1\"})"},"filename":"/home/runner/work/xet-core/xet-core/xet_client/src/common/http_client.rs","line_number":187}
{"timestamp":"2026-07-28T03:55:12.972569Z","level":"INFO","fields":{"message":"No-read-timeout HTTP client configured (for shard uploads)","connect_timeout":"60s"},"filename":"/home/runner/work/xet-core/xet-core/xet_client/src/common/http_client.rs","line_number":136}
{"timestamp":"2026-07-28T03:55:12.972594Z","level":"INFO","fields":{"message":"Initializing Adaptive Concurrency Controller for upload with starting concurrency = 2; min = 1, max = 64, min_bytes_for_adjustment = 20000000, min_completed_transmissions_for_adjustment = 1"},"filename":"/home/runner/work/xet-core/xet-core/xet_client/src/cas_client/adaptive_concurrency/controller.rs","line_number":301}
{"timestamp":"2026-07-28T03:55:12.972599Z","level":"INFO","fields":{"message":"Initializing Adaptive Concurrency Controller for download with starting concurrency = 4; min = 1, max = 64, min_bytes_for_adjustment = 20000000, min_completed_transmissions_for_adjustment = 1"},"filename":"/home/runner/work/xet-core/xet-core/xet_client/src/cas_client/adaptive_concurrency/controller.rs","line_number":301}
{"timestamp":"2026-07-28T03:55:12.972781Z","level":"INFO","fields":{"message":"New file download group, session_id=019fa6dc-1dde-7893-b0f4-d9195d13864d, group_id=27"},"filename":"/home/runner/work/xet-core/xet-core/xet_pkg/src/xet_session/file_download_group.rs","line_number":61}
{"timestamp":"2026-07-28T03:55:12.972937Z","level":"INFO","fields":{"message":"Download file to path","group_id":"27","dest_path":"\"/app/backend/data/cache/embedding/models/models--sentence-transformers--all-MiniLM-L6-v2/blobs/c3a85f238711653950f6a79ece63eb0ea93d76f6a6284be04019c53733baf256.cb159168.incomplete\"","hash":"340c711f718dcb27266d7d6584492af3d2384e6f5ce3cbdc8d11761cefb033d5"},"filename":"/home/runner/work/xet-core/xet-core/xet_pkg/src/xet_session/file_download_group.rs","line_number":287}
{"timestamp":"2026-07-28T03:55:12.973028Z","level":"INFO","fields":{"message":"Reconstructing file to disk","file_hash":"340c711f718dcb27266d7d6584492af3d2384e6f5ce3cbdc8d11761cefb033d5","byte_range":"None","path":"/app/backend/data/cache/embedding/models/models--sentence-transformers--all-MiniLM-L6-v2/blobs/c3a85f238711653950f6a79ece63eb0ea93d76f6a6284be04019c53733baf256.cb159168.incomplete","write_offset":"None"},"filename":"/home/runner/work/xet-core/xet-core/xet_data/src/file_reconstruction/file_reconstructor.rs","line_number":121}
{"timestamp":"2026-07-28T03:55:12.973228Z","level":"INFO","fields":{"message":"Download group finish","group_id":"27"},"filename":"/home/runner/work/xet-core/xet-core/xet_pkg/src/xet_session/file_download_group.rs","line_number":306}
{"timestamp":"2026-07-28T03:55:12.974317Z","level":"INFO","fields":{"message":"Scheduling prefetch block","file_hash":"340c711f718dcb27266d7d6584492af3d2384e6f5ce3cbdc8d11761cefb033d5","prefetch_range":"(0, 256000000)","requested_block_size":256000000,"actual_block_size":256000000,"queue_depth":1},"filename":"/home/runner/work/xet-core/xet-core/xet_data/src/file_reconstruction/reconstruction_terms/manager.rs","line_number":272}
{"timestamp":"2026-07-28T03:55:12.974326Z","level":"INFO","fields":{"message":"Scheduling prefetch block","file_hash":"340c711f718dcb27266d7d6584492af3d2384e6f5ce3cbdc8d11761cefb033d5","prefetch_range":"(256000000, 768000000)","requested_block_size":512000000,"actual_block_size":512000000,"queue_depth":2},"filename":"/home/runner/work/xet-core/xet-core/xet_data/src/file_reconstruction/reconstruction_terms/manager.rs","line_number":272}
{"timestamp":"2026-07-28T03:55:12.974346Z","level":"INFO","fields":{"message":"Scheduling prefetch block","file_hash":"340c711f718dcb27266d7d6584492af3d2384e6f5ce3cbdc8d11761cefb033d5","prefetch_range":"(768000000, 1024000000)","requested_block_size":256000000,"actual_block_size":256000000,"queue_depth":3},"filename":"/home/runner/work/xet-core/xet-core/xet_data/src/file_reconstruction/reconstruction_terms/manager.rs","line_number":272}
{"timestamp":"2026-07-28T03:55:12.974357Z","level":"INFO","fields":{"message":"Starting get_reconstruction API call","call_id":28,"file_id":"340c711f718dcb27266d7d6584492af3d2384e6f5ce3cbdc8d11761cefb033d5","bytes_range":"Some(Range { start: 768000000, end: 1024000000 })","api_version":"v2"},"filename":"/home/runner/work/xet-core/xet-core/xet_client/src/cas_client/remote_client.rs","line_number":210}
{"timestamp":"2026-07-28T03:55:12.974362Z","level":"INFO","fields":{"message":"Retry strategy","max_attempts":5,"base_delay":"3s","no_retry_on_429":false},"filename":"/home/runner/work/xet-core/xet-core/xet_client/src/cas_client/retry_wrapper.rs","line_number":249}
{"timestamp":"2026-07-28T03:55:12.974370Z","level":"INFO","fields":{"message":"Retry strategy","max_attempts":5,"base_delay":"3s","no_retry_on_429":false},"filename":"/home/runner/work/xet-core/xet-core/xet_client/src/cas_client/retry_wrapper.rs","line_number":249}
{"timestamp":"2026-07-28T03:55:12.974389Z","level":"INFO","fields":{"message":"Starting get_reconstruction API call","call_id":29,"file_id":"340c711f718dcb27266d7d6584492af3d2384e6f5ce3cbdc8d11761cefb033d5","bytes_range":"Some(Range { start: 0, end: 256000000 })","api_version":"v2"},"filename":"/home/runner/work/xet-core/xet-core/xet_client/src/cas_client/remote_client.rs","line_number":210}
{"timestamp":"2026-07-28T03:55:12.974396Z","level":"INFO","fields":{"message":"Retry strategy","max_attempts":5,"base_delay":"3s","no_retry_on_429":false},"filename":"/home/runner/work/xet-core/xet-core/xet_client/src/cas_client/retry_wrapper.rs","line_number":249}
{"timestamp":"2026-07-28T03:55:12.974416Z","level":"INFO","fields":{"message":"Starting get_reconstruction API call","call_id":30,"file_id":"340c711f718dcb27266d7d6584492af3d2384e6f5ce3cbdc8d11761cefb033d5","bytes_range":"Some(Range { start: 256000000, end: 768000000 })","api_version":"v2"},"filename":"/home/runner/work/xet-core/xet-core/xet_client/src/cas_client/remote_client.rs","line_number":210}
{"timestamp":"2026-07-28T03:55:12.974423Z","level":"INFO","fields":{"message":"Retry strategy","max_attempts":5,"base_delay":"3s","no_retry_on_429":false},"filename":"/home/runner/work/xet-core/xet-core/xet_client/src/cas_client/retry_wrapper.rs","line_number":249}
{"timestamp":"2026-07-28T03:55:12.991837Z","level":"INFO","fields":{"message":"Received CAS response","request_id":"Root=1-6a674f82-06a2efff33285313617418de","status_code":200},"filename":"/home/runner/work/xet-core/xet-core/xet_client/src/common/http_client.rs","line_number":288}
{"timestamp":"2026-07-28T03:55:12.991875Z","level":"INFO","fields":{"message":"Request Success: xet-token api call succeeded (request id Root=1-6a674f82-06a2efff33285313617418de)."},"filename":"/home/runner/work/xet-core/xet-core/xet_client/src/cas_client/retry_wrapper.rs","line_number":210}
{"timestamp":"2026-07-28T03:55:12.991891Z","level":"INFO","fields":{"message":"Token refreshed","new_expiry":1785156358},"filename":"/home/runner/work/xet-core/xet-core/xet_client/src/cas_client/auth.rs","line_number":208}
{"timestamp":"2026-07-28T03:55:12.992063Z","level":"INFO","fields":{"message":"Retry strategy","max_attempts":5,"base_delay":"3s","no_retry_on_429":false},"filename":"/home/runner/work/xet-core/xet-core/xet_client/src/cas_client/retry_wrapper.rs","line_number":249}
{"timestamp":"2026-07-28T03:55:13.124192Z","level":"INFO","fields":{"message":"Received CAS response","request_id":"Root=1-6a674f82-0ac1cfb055103b316bd14ec8","status_code":200},"filename":"/home/runner/work/xet-core/xet-core/xet_client/src/common/http_client.rs","line_number":288}
{"timestamp":"2026-07-28T03:55:13.124227Z","level":"INFO","fields":{"message":"Request Success: xet-token api call succeeded (request id Root=1-6a674f82-0ac1cfb055103b316bd14ec8)."},"filename":"/home/runner/work/xet-core/xet-core/xet_client/src/cas_client/retry_wrapper.rs","line_number":210}
{"timestamp":"2026-07-28T03:55:13.124240Z","level":"INFO","fields":{"message":"Token refreshed","new_expiry":1785156358},"filename":"/home/runner/work/xet-core/xet-core/xet_client/src/cas_client/auth.rs","line_number":208}
{"timestamp":"2026-07-28T03:55:13.124480Z","level":"INFO","fields":{"message":"Retry strategy","max_attempts":5,"base_delay":"3s","no_retry_on_429":false},"filename":"/home/runner/work/xet-core/xet-core/xet_client/src/cas_client/retry_wrapper.rs","line_number":249}
{"timestamp":"2026-07-28T03:55:13.140600Z","level":"INFO","fields":{"message":"Received CAS response","request_id":"Root=1-6a674f82-62a502976238be383ff4724a","status_code":200},"filename":"/home/runner/work/xet-core/xet-core/xet_client/src/common/http_client.rs","line_number":288}
{"timestamp":"2026-07-28T03:55:13.140641Z","level":"INFO","fields":{"message":"Request Success: xet-token api call succeeded (request id Root=1-6a674f82-62a502976238be383ff4724a)."},"filename":"/home/runner/work/xet-core/xet-core/xet_client/src/cas_client/retry_wrapper.rs","line_number":210}
{"timestamp":"2026-07-28T03:55:13.140656Z","level":"INFO","fields":{"message":"Token refreshed","new_expiry":1785156358},"filename":"/home/runner/work/xet-core/xet-core/xet_client/src/cas_client/auth.rs","line_number":208}
{"timestamp":"2026-07-28T03:55:13.140754Z","level":"INFO","fields":{"message":"Retry strategy","max_attempts":5,"base_delay":"3s","no_retry_on_429":false},"filename":"/home/runner/work/xet-core/xet-core/xet_client/src/cas_client/retry_wrapper.rs","line_number":249}
{"timestamp":"2026-07-28T03:55:13.267531Z","level":"INFO","fields":{"message":"Received CAS response","request_id":"Root=1-6a674f82-720d5dae2319f8ba64239bc1","status_code":200},"filename":"/home/runner/work/xet-core/xet-core/xet_client/src/common/http_client.rs","line_number":288}
{"timestamp":"2026-07-28T03:55:13.267596Z","level":"INFO","fields":{"message":"Request Success: xet-token api call succeeded (request id Root=1-6a674f82-720d5dae2319f8ba64239bc1)."},"filename":"/home/runner/work/xet-core/xet-core/xet_client/src/cas_client/retry_wrapper.rs","line_number":210}
{"timestamp":"2026-07-28T03:55:13.267627Z","level":"INFO","fields":{"message":"Token refreshed","new_expiry":1785156358},"filename":"/home/runner/work/xet-core/xet-core/xet_client/src/cas_client/auth.rs","line_number":208}
{"timestamp":"2026-07-28T03:55:13.267904Z","level":"INFO","fields":{"message":"Retry strategy","max_attempts":5,"base_delay":"3s","no_retry_on_429":false},"filename":"/home/runner/work/xet-core/xet-core/xet_client/src/cas_client/retry_wrapper.rs","line_number":249}
{"timestamp":"2026-07-28T03:55:13.271254Z","level":"INFO","fields":{"message":"Received CAS response","request_id":"Root=1-6a674f82-5a8303611298ef8a474160ac","status_code":200},"filename":"/home/runner/work/xet-core/xet-core/xet_client/src/common/http_client.rs","line_number":288}
{"timestamp":"2026-07-28T03:55:13.271254Z","level":"INFO","fields":{"message":"Received CAS response","request_id":"Root=1-6a674f82-497dfa3477293f8924660576","status_code":200},"filename":"/home/runner/work/xet-core/xet-core/xet_client/src/common/http_client.rs","line_number":288}
{"timestamp":"2026-07-28T03:55:13.271321Z","level":"INFO","fields":{"message":"Request Success: xet-token api call succeeded (request id Root=1-6a674f82-5a8303611298ef8a474160ac)."},"filename":"/home/runner/work/xet-core/xet-core/xet_client/src/cas_client/retry_wrapper.rs","line_number":210}
{"timestamp":"2026-07-28T03:55:13.271338Z","level":"INFO","fields":{"message":"Request Success: xet-token api call succeeded (request id Root=1-6a674f82-497dfa3477293f8924660576)."},"filename":"/home/runner/work/xet-core/xet-core/xet_client/src/cas_client/retry_wrapper.rs","line_number":210}
{"timestamp":"2026-07-28T03:55:13.271356Z","level":"INFO","fields":{"message":"Token refreshed","new_expiry":1785156358},"filename":"/home/runner/work/xet-core/xet-core/xet_client/src/cas_client/auth.rs","line_number":208}
{"timestamp":"2026-07-28T03:55:13.275034Z","level":"INFO","fields":{"message":"TranslatorConfig initialized","endpoint":"https://cas-server.xethub.hf.co","session_id":"Some(\"019fa6dc-c1f7-7473-9edd-d76dab975547\")","shard_cache":"/app/backend/data/cache/embedding/models/xet/https___cas_serv-tGqkUaZf_CBPHQ6h/shard-cache","shard_session":"/app/backend/data/cache/embedding/models/xet/https___cas_serv-tGqkUaZf_CBPHQ6h/staging/shard-session"},"filename":"/home/runner/work/xet-core/xet-core/xet_data/src/processing/configurations.rs","line_number":115}
{"timestamp":"2026-07-28T03:55:13.275071Z","level":"INFO","fields":{"message":"HTTP client configured","idle_timeout":"60s","max_idle_connections":16,"custom_headers":"Some({\"user-agent\": \"unknown/None; hf_hub/1.21.0; python/3.11.15; hf_xet/1.5.1\"})"},"filename":"/home/runner/work/xet-core/xet-core/xet_client/src/common/http_client.rs","line_number":187}
{"timestamp":"2026-07-28T03:55:13.275079Z","level":"INFO","fields":{"message":"CAS auth disabled","caller":"/home/runner/work/xet-core/xet-core/xet_client/src/common/http_client.rs:166"},"filename":"/home/runner/work/xet-core/xet-core/xet_runtime/src/error_printer/mod.rs","line_number":198}
{"timestamp":"2026-07-28T03:55:13.275083Z","level":"INFO","fields":{"message":"HTTP client configured","idle_timeout":"60s","max_idle_connections":16,"custom_headers":"Some({\"user-agent\": \"unknown/None; hf_hub/1.21.0; python/3.11.15; hf_xet/1.5.1\"})"},"filename":"/home/runner/work/xet-core/xet-core/xet_client/src/common/http_client.rs","line_number":187}
{"timestamp":"2026-07-28T03:55:13.281202Z","level":"INFO","fields":{"message":"No-read-timeout HTTP client configured (for shard uploads)","connect_timeout":"60s"},"filename":"/home/runner/work/xet-core/xet-core/xet_client/src/common/http_client.rs","line_number":136}
{"timestamp":"2026-07-28T03:55:13.281229Z","level":"INFO","fields":{"message":"Initializing Adaptive Concurrency Controller for upload with starting concurrency = 2; min = 1, max = 64, min_bytes_for_adjustment = 20000000, min_completed_transmissions_for_adjustment = 1"},"filename":"/home/runner/work/xet-core/xet-core/xet_client/src/cas_client/adaptive_concurrency/controller.rs","line_number":301}
{"timestamp":"2026-07-28T03:55:13.281233Z","level":"INFO","fields":{"message":"Initializing Adaptive Concurrency Controller for download with starting concurrency = 4; min = 1, max = 64, min_bytes_for_adjustment = 20000000, min_completed_transmissions_for_adjustment = 1"},"filename":"/home/runner/work/xet-core/xet-core/xet_client/src/cas_client/adaptive_concurrency/controller.rs","line_number":301}
{"timestamp":"2026-07-28T03:55:13.281292Z","level":"INFO","fields":{"message":"New file download group, session_id=019fa6dc-1dde-7893-b0f4-d9195d13864d, group_id=25"},"filename":"/home/runner/work/xet-core/xet-core/xet_pkg/src/xet_session/file_download_group.rs","line_number":61}
{"timestamp":"2026-07-28T03:55:13.281423Z","level":"INFO","fields":{"message":"Download file to path","group_id":"25","dest_path":"\"/app/backend/data/cache/embedding/models/models--sentence-transformers--all-MiniLM-L6-v2/blobs/8b86cab4722e2aefab310cf96d4d5a9eb3b187f7d9670a082afc55c7fa0d392a.97688ff7.incomplete\"","hash":"a7e4db70dd8ee1937cd9cce4014cc71260971a0ac88d43590de99de465389ee2"},"filename":"/home/runner/work/xet-core/xet-core/xet_pkg/src/xet_session/file_download_group.rs","line_number":287}
{"timestamp":"2026-07-28T03:55:13.281519Z","level":"INFO","fields":{"message":"Reconstructing file to disk","file_hash":"a7e4db70dd8ee1937cd9cce4014cc71260971a0ac88d43590de99de465389ee2","byte_range":"None","path":"/app/backend/data/cache/embedding/models/models--sentence-transformers--all-MiniLM-L6-v2/blobs/8b86cab4722e2aefab310cf96d4d5a9eb3b187f7d9670a082afc55c7fa0d392a.97688ff7.incomplete","write_offset":"None"},"filename":"/home/runner/work/xet-core/xet-core/xet_data/src/file_reconstruction/file_reconstructor.rs","line_number":121}
{"timestamp":"2026-07-28T03:55:13.281759Z","level":"INFO","fields":{"message":"Download group finish","group_id":"25"},"filename":"/home/runner/work/xet-core/xet-core/xet_pkg/src/xet_session/file_download_group.rs","line_number":306}
{"timestamp":"2026-07-28T03:55:13.282884Z","level":"INFO","fields":{"message":"Scheduling prefetch block","file_hash":"a7e4db70dd8ee1937cd9cce4014cc71260971a0ac88d43590de99de465389ee2","prefetch_range":"(0, 256000000)","requested_block_size":256000000,"actual_block_size":256000000,"queue_depth":1},"filename":"/home/runner/work/xet-core/xet-core/xet_data/src/file_reconstruction/reconstruction_terms/manager.rs","line_number":272}
{"timestamp":"2026-07-28T03:55:13.282896Z","level":"INFO","fields":{"message":"Scheduling prefetch block","file_hash":"a7e4db70dd8ee1937cd9cce4014cc71260971a0ac88d43590de99de465389ee2","prefetch_range":"(256000000, 768000000)","requested_block_size":512000000,"actual_block_size":512000000,"queue_depth":2},"filename":"/home/runner/work/xet-core/xet-core/xet_data/src/file_reconstruction/reconstruction_terms/manager.rs","line_number":272}
{"timestamp":"2026-07-28T03:55:13.282920Z","level":"INFO","fields":{"message":"Scheduling prefetch block","file_hash":"a7e4db70dd8ee1937cd9cce4014cc71260971a0ac88d43590de99de465389ee2","prefetch_range":"(768000000, 1024000000)","requested_block_size":256000000,"actual_block_size":256000000,"queue_depth":3},"filename":"/home/runner/work/xet-core/xet-core/xet_data/src/file_reconstruction/reconstruction_terms/manager.rs","line_number":272}
{"timestamp":"2026-07-28T03:55:13.282935Z","level":"INFO","fields":{"message":"Starting get_reconstruction API call","call_id":31,"file_id":"a7e4db70dd8ee1937cd9cce4014cc71260971a0ac88d43590de99de465389ee2","bytes_range":"Some(Range { start: 768000000, end: 1024000000 })","api_version":"v2"},"filename":"/home/runner/work/xet-core/xet-core/xet_client/src/cas_client/remote_client.rs","line_number":210}
{"timestamp":"2026-07-28T03:55:13.282939Z","level":"INFO","fields":{"message":"Retry strategy","max_attempts":5,"base_delay":"3s","no_retry_on_429":false},"filename":"/home/runner/work/xet-core/xet-core/xet_client/src/cas_client/retry_wrapper.rs","line_number":249}
{"timestamp":"2026-07-28T03:55:13.282950Z","level":"INFO","fields":{"message":"Retry strategy","max_attempts":5,"base_delay":"3s","no_retry_on_429":false},"filename":"/home/runner/work/xet-core/xet-core/xet_client/src/cas_client/retry_wrapper.rs","line_number":249}
{"timestamp":"2026-07-28T03:55:13.282954Z","level":"INFO","fields":{"message":"Starting get_reconstruction API call","call_id":32,"file_id":"a7e4db70dd8ee1937cd9cce4014cc71260971a0ac88d43590de99de465389ee2","bytes_range":"Some(Range { start: 0, end: 256000000 })","api_version":"v2"},"filename":"/home/runner/work/xet-core/xet-core/xet_client/src/cas_client/remote_client.rs","line_number":210}
{"timestamp":"2026-07-28T03:55:13.282960Z","level":"INFO","fields":{"message":"Retry strategy","max_attempts":5,"base_delay":"3s","no_retry_on_429":false},"filename":"/home/runner/work/xet-core/xet-core/xet_client/src/cas_client/retry_wrapper.rs","line_number":249}
{"timestamp":"2026-07-28T03:55:13.282983Z","level":"INFO","fields":{"message":"Starting get_reconstruction API call","call_id":33,"file_id":"a7e4db70dd8ee1937cd9cce4014cc71260971a0ac88d43590de99de465389ee2","bytes_range":"Some(Range { start: 256000000, end: 768000000 })","api_version":"v2"},"filename":"/home/runner/work/xet-core/xet-core/xet_client/src/cas_client/remote_client.rs","line_number":210}
{"timestamp":"2026-07-28T03:55:13.282988Z","level":"INFO","fields":{"message":"Retry strategy","max_attempts":5,"base_delay":"3s","no_retry_on_429":false},"filename":"/home/runner/work/xet-core/xet-core/xet_client/src/cas_client/retry_wrapper.rs","line_number":249}
{"timestamp":"2026-07-28T03:55:13.407076Z","level":"INFO","fields":{"message":"Received CAS response","request_id":"Root=1-6a674f83-2e9c7b697fba5d1049789cdc","status_code":200},"filename":"/home/runner/work/xet-core/xet-core/xet_client/src/common/http_client.rs","line_number":288}
{"timestamp":"2026-07-28T03:55:13.407111Z","level":"INFO","fields":{"message":"Request Success: xet-token api call succeeded (request id Root=1-6a674f83-2e9c7b697fba5d1049789cdc)."},"filename":"/home/runner/work/xet-core/xet-core/xet_client/src/cas_client/retry_wrapper.rs","line_number":210}
{"timestamp":"2026-07-28T03:55:13.407128Z","level":"INFO","fields":{"message":"Token refreshed","new_expiry":1785156359},"filename":"/home/runner/work/xet-core/xet-core/xet_client/src/cas_client/auth.rs","line_number":208}
{"timestamp":"2026-07-28T03:55:13.420135Z","level":"INFO","fields":{"message":"Received CAS response","request_id":"Root=1-6a674f83-570e91d36e685eb70fe77590","status_code":200},"filename":"/home/runner/work/xet-core/xet-core/xet_client/src/common/http_client.rs","line_number":288}
{"timestamp":"2026-07-28T03:55:13.420171Z","level":"INFO","fields":{"message":"Request Success: xet-token api call succeeded (request id Root=1-6a674f83-570e91d36e685eb70fe77590)."},"filename":"/home/runner/work/xet-core/xet-core/xet_client/src/cas_client/retry_wrapper.rs","line_number":210}
{"timestamp":"2026-07-28T03:55:13.420186Z","level":"INFO","fields":{"message":"Token refreshed","new_expiry":1785156359},"filename":"/home/runner/work/xet-core/xet-core/xet_client/src/cas_client/auth.rs","line_number":208}
{"timestamp":"2026-07-28T03:55:13.420271Z","level":"INFO","fields":{"message":"Retry strategy","max_attempts":5,"base_delay":"3s","no_retry_on_429":false},"filename":"/home/runner/work/xet-core/xet-core/xet_client/src/cas_client/retry_wrapper.rs","line_number":249}
{"timestamp":"2026-07-28T03:55:13.678174Z","level":"INFO","fields":{"message":"Received CAS response","request_id":"01KYHRX6A5EFV75JRNVNXK6T4X","status_code":416},"filename":"/home/runner/work/xet-core/xet-core/xet_client/src/common/http_client.rs","line_number":288}
{"timestamp":"2026-07-28T03:55:13.678230Z","level":"INFO","fields":{"message":"Reached end of reconstruction 416 (Range Not Satisfiable): \"cas::get_reconstruction_v2\" api call failed (request id 01KYHRX6A5EFV75JRNVNXK6T4X): HTTP status client error (416 Range Not Satisfiable) for url (https://cas-server.xethub.hf.co/v2/reconstructions/340c711f718dcb27266d7d6584492af3d2384e6f5ce3cbdc8d11761cefb033d5)"},"filename":"/home/runner/work/xet-core/xet-core/xet_client/src/cas_client/retry_wrapper.rs","line_number":162}
{"timestamp":"2026-07-28T03:55:13.689036Z","level":"INFO","fields":{"message":"Received CAS response","request_id":"Root=1-6a674f83-4089bf9d439db11a5ec53bee","status_code":200},"filename":"/home/runner/work/xet-core/xet-core/xet_client/src/common/http_client.rs","line_number":288}
{"timestamp":"2026-07-28T03:55:13.689070Z","level":"INFO","fields":{"message":"Request Success: xet-token api call succeeded (request id Root=1-6a674f83-4089bf9d439db11a5ec53bee)."},"filename":"/home/runner/work/xet-core/xet-core/xet_client/src/cas_client/retry_wrapper.rs","line_number":210}
{"timestamp":"2026-07-28T03:55:13.689086Z","level":"INFO","fields":{"message":"Token refreshed","new_expiry":1785156359},"filename":"/home/runner/work/xet-core/xet-core/xet_client/src/cas_client/auth.rs","line_number":208}
{"timestamp":"2026-07-28T03:55:13.689291Z","level":"INFO","fields":{"message":"Retry strategy","max_attempts":5,"base_delay":"3s","no_retry_on_429":false},"filename":"/home/runner/work/xet-core/xet-core/xet_client/src/cas_client/retry_wrapper.rs","line_number":249}
{"timestamp":"2026-07-28T03:55:13.702397Z","level":"INFO","fields":{"message":"Received CAS response","request_id":"01KYHRX6A51EQHJHVX399MFSQC","status_code":200},"filename":"/home/runner/work/xet-core/xet-core/xet_client/src/common/http_client.rs","line_number":288}
{"timestamp":"2026-07-28T03:55:13.702430Z","level":"INFO","fields":{"message":"Request Success: cas::get_reconstruction_v2 api call succeeded (request id 01KYHRX6A51EQHJHVX399MFSQC)."},"filename":"/home/runner/work/xet-core/xet-core/xet_client/src/cas_client/retry_wrapper.rs","line_number":210}
{"timestamp":"2026-07-28T03:55:13.702474Z","level":"INFO","fields":{"message":"Completed get_reconstruction API call","call_id":26,"file_id":"938fa026d38b01b5048a0ee1597e3a5f76838e08814688064b98d4fd08080d69","bytes_range":"Some(Range { start: 0, end: 256000000 })","api_version":"v2"},"filename":"/home/runner/work/xet-core/xet-core/xet_client/src/cas_client/remote_client.rs","line_number":234}
{"timestamp":"2026-07-28T03:55:13.702499Z","level":"INFO","fields":{"message":"Received block of file terms from prefetch queue","file_hash":"938fa026d38b01b5048a0ee1597e3a5f76838e08814688064b98d4fd08080d69","domain":"us.aws.cdn.hf.co","block_start":0,"block_end":22933664,"block_size":1},"filename":"/home/runner/work/xet-core/xet-core/xet_data/src/file_reconstruction/reconstruction_terms/manager.rs","line_number":151}
{"timestamp":"2026-07-28T03:55:13.702527Z","level":"INFO","fields":{"message":"Updated completion rate estimate based on previous block completion time (seconds).","file_hash":"938fa026d38b01b5048a0ee1597e3a5f76838e08814688064b98d4fd08080d69","block_start":0,"block_end":22933664,"block_size":22933664,"completion_time":0.000027111},"filename":"/home/runner/work/xet-core/xet-core/xet_data/src/file_reconstruction/reconstruction_terms/manager.rs","line_number":104}
{"timestamp":"2026-07-28T03:55:13.702544Z","level":"INFO","fields":{"message":"Retry strategy","max_attempts":5,"base_delay":"3s","no_retry_on_429":false},"filename":"/home/runner/work/xet-core/xet-core/xet_client/src/cas_client/retry_wrapper.rs","line_number":249}
{"timestamp":"2026-07-28T03:55:13.785140Z","level":"INFO","fields":{"message":"Received CAS response","request_id":"01KYHRX6DKYAJBQ8NHND4AXYT4","status_code":416},"filename":"/home/runner/work/xet-core/xet-core/xet_client/src/common/http_client.rs","line_number":288}
{"timestamp":"2026-07-28T03:55:13.785197Z","level":"INFO","fields":{"message":"Reached end of reconstruction 416 (Range Not Satisfiable): \"cas::get_reconstruction_v2\" api call failed (request id 01KYHRX6DKYAJBQ8NHND4AXYT4): HTTP status client error (416 Range Not Satisfiable) for url (https://cas-server.xethub.hf.co/v2/reconstructions/340c711f718dcb27266d7d6584492af3d2384e6f5ce3cbdc8d11761cefb033d5)"},"filename":"/home/runner/work/xet-core/xet-core/xet_client/src/cas_client/retry_wrapper.rs","line_number":162}
{"timestamp":"2026-07-28T03:55:13.788069Z","level":"INFO","fields":{"message":"Received CAS response","request_id":"01KYHRX6DKKPE9GNMYNH0JEJ1A","status_code":416},"filename":"/home/runner/work/xet-core/xet-core/xet_client/src/common/http_client.rs","line_number":288}
{"timestamp":"2026-07-28T03:55:13.788119Z","level":"INFO","fields":{"message":"Reached end of reconstruction 416 (Range Not Satisfiable): \"cas::get_reconstruction_v2\" api call failed (request id 01KYHRX6DKKPE9GNMYNH0JEJ1A): HTTP status client error (416 Range Not Satisfiable) for url (https://cas-server.xethub.hf.co/v2/reconstructions/938fa026d38b01b5048a0ee1597e3a5f76838e08814688064b98d4fd08080d69)"},"filename":"/home/runner/work/xet-core/xet-core/xet_client/src/cas_client/retry_wrapper.rs","line_number":162}
{"timestamp":"2026-07-28T03:55:13.788172Z","level":"INFO","fields":{"message":"Completed prefetch queue; end of file reached.","file_hash":"938fa026d38b01b5048a0ee1597e3a5f76838e08814688064b98d4fd08080d69","prefetched_byte_position":1024000000},"filename":"/home/runner/work/xet-core/xet-core/xet_data/src/file_reconstruction/reconstruction_terms/manager.rs","line_number":178}
{"timestamp":"2026-07-28T03:55:13.788179Z","level":"INFO","fields":{"message":"All term blocks received and scheduled for writing","file_hash":"938fa026d38b01b5048a0ee1597e3a5f76838e08814688064b98d4fd08080d69","block_count":1,"total_terms_processed":1,"total_bytes_scheduled":22933664},"filename":"/home/runner/work/xet-core/xet-core/xet_data/src/file_reconstruction/run_state.rs","line_number":150}
{"timestamp":"2026-07-28T03:55:13.790191Z","level":"INFO","fields":{"message":"Received CAS response","request_id":"01KYHRX6DPFYN0SK2W8R12C2NY","status_code":416},"filename":"/home/runner/work/xet-core/xet-core/xet_client/src/common/http_client.rs","line_number":288}
{"timestamp":"2026-07-28T03:55:13.790199Z","level":"INFO","fields":{"message":"Reached end of reconstruction 416 (Range Not Satisfiable): \"cas::get_reconstruction_v2\" api call failed (request id 01KYHRX6DPFYN0SK2W8R12C2NY): HTTP status client error (416 Range Not Satisfiable) for url (https://cas-server.xethub.hf.co/v2/reconstructions/938fa026d38b01b5048a0ee1597e3a5f76838e08814688064b98d4fd08080d69)"},"filename":"/home/runner/work/xet-core/xet-core/xet_client/src/cas_client/retry_wrapper.rs","line_number":162}
{"timestamp":"2026-07-28T03:55:13.814456Z","level":"INFO","fields":{"message":"Received CAS response","request_id":"01KYHRX6EFD1JCDNCVT4BGV0AY","status_code":416},"filename":"/home/runner/work/xet-core/xet-core/xet_client/src/common/http_client.rs","line_number":288}
{"timestamp":"2026-07-28T03:55:13.814480Z","level":"INFO","fields":{"message":"Reached end of reconstruction 416 (Range Not Satisfiable): \"cas::get_reconstruction_v2\" api call failed (request id 01KYHRX6EFD1JCDNCVT4BGV0AY): HTTP status client error (416 Range Not Satisfiable) for url (https://cas-server.xethub.hf.co/v2/reconstructions/a7e4db70dd8ee1937cd9cce4014cc71260971a0ac88d43590de99de465389ee2)"},"filename":"/home/runner/work/xet-core/xet-core/xet_client/src/cas_client/retry_wrapper.rs","line_number":162}
{"timestamp":"2026-07-28T03:55:13.815139Z","level":"INFO","fields":{"message":"Received CAS response","request_id":"01KYHRX6DKDF9SAHZ2C51CK58H","status_code":200},"filename":"/home/runner/work/xet-core/xet-core/xet_client/src/common/http_client.rs","line_number":288}
{"timestamp":"2026-07-28T03:55:13.815148Z","level":"INFO","fields":{"message":"Request Success: cas::get_reconstruction_v2 api call succeeded (request id 01KYHRX6DKDF9SAHZ2C51CK58H)."},"filename":"/home/runner/work/xet-core/xet-core/xet_client/src/cas_client/retry_wrapper.rs","line_number":210}
{"timestamp":"2026-07-28T03:55:13.815186Z","level":"INFO","fields":{"message":"Completed get_reconstruction API call","call_id":29,"file_id":"340c711f718dcb27266d7d6584492af3d2384e6f5ce3cbdc8d11761cefb033d5","bytes_range":"Some(Range { start: 0, end: 256000000 })","api_version":"v2"},"filename":"/home/runner/work/xet-core/xet-core/xet_client/src/cas_client/remote_client.rs","line_number":234}
{"timestamp":"2026-07-28T03:55:13.815245Z","level":"INFO","fields":{"message":"Received block of file terms from prefetch queue","file_hash":"340c711f718dcb27266d7d6584492af3d2384e6f5ce3cbdc8d11761cefb033d5","domain":"us.aws.cdn.hf.co","block_start":0,"block_end":90888945,"block_size":6},"filename":"/home/runner/work/xet-core/xet-core/xet_data/src/file_reconstruction/reconstruction_terms/manager.rs","line_number":151}
{"timestamp":"2026-07-28T03:55:13.815308Z","level":"INFO","fields":{"message":"Updated completion rate estimate based on previous block completion time (seconds).","file_hash":"340c711f718dcb27266d7d6584492af3d2384e6f5ce3cbdc8d11761cefb033d5","block_start":0,"block_end":90888945,"block_size":90888945,"completion_time":0.000061026},"filename":"/home/runner/work/xet-core/xet-core/xet_data/src/file_reconstruction/reconstruction_terms/manager.rs","line_number":104}
{"timestamp":"2026-07-28T03:55:13.815312Z","level":"INFO","fields":{"message":"Retry strategy","max_attempts":5,"base_delay":"3s","no_retry_on_429":false},"filename":"/home/runner/work/xet-core/xet-core/xet_client/src/cas_client/retry_wrapper.rs","line_number":249}
{"timestamp":"2026-07-28T03:55:13.815321Z","level":"INFO","fields":{"message":"Completed prefetch queue; end of file reached.","file_hash":"340c711f718dcb27266d7d6584492af3d2384e6f5ce3cbdc8d11761cefb033d5","prefetched_byte_position":1024000000},"filename":"/home/runner/work/xet-core/xet-core/xet_data/src/file_reconstruction/reconstruction_terms/manager.rs","line_number":178}
{"timestamp":"2026-07-28T03:55:13.815327Z","level":"INFO","fields":{"message":"All term blocks received and scheduled for writing","file_hash":"340c711f718dcb27266d7d6584492af3d2384e6f5ce3cbdc8d11761cefb033d5","block_count":1,"total_terms_processed":6,"total_bytes_scheduled":90888945},"filename":"/home/runner/work/xet-core/xet-core/xet_data/src/file_reconstruction/run_state.rs","line_number":150}
{"timestamp":"2026-07-28T03:55:13.815342Z","level":"INFO","fields":{"message":"Retry strategy","max_attempts":5,"base_delay":"3s","no_retry_on_429":false},"filename":"/home/runner/work/xet-core/xet-core/xet_client/src/cas_client/retry_wrapper.rs","line_number":249}
{"timestamp":"2026-07-28T03:55:13.815347Z","level":"INFO","fields":{"message":"Retry strategy","max_attempts":5,"base_delay":"3s","no_retry_on_429":false},"filename":"/home/runner/work/xet-core/xet-core/xet_client/src/cas_client/retry_wrapper.rs","line_number":249}
{"timestamp":"2026-07-28T03:55:13.815379Z","level":"INFO","fields":{"message":"Retry strategy","max_attempts":5,"base_delay":"3s","no_retry_on_429":false},"filename":"/home/runner/work/xet-core/xet-core/xet_client/src/cas_client/retry_wrapper.rs","line_number":249}
{"timestamp":"2026-07-28T03:55:13.826786Z","level":"INFO","fields":{"message":"Received CAS response","request_id":"Root=1-6a674f83-7eef5c617b5b472f4bf9bfd1","status_code":200},"filename":"/home/runner/work/xet-core/xet-core/xet_client/src/common/http_client.rs","line_number":288}
{"timestamp":"2026-07-28T03:55:13.826825Z","level":"INFO","fields":{"message":"Request Success: xet-token api call succeeded (request id Root=1-6a674f83-7eef5c617b5b472f4bf9bfd1)."},"filename":"/home/runner/work/xet-core/xet-core/xet_client/src/cas_client/retry_wrapper.rs","line_number":210}
{"timestamp":"2026-07-28T03:55:13.826843Z","level":"INFO","fields":{"message":"Token refreshed","new_expiry":1785156359},"filename":"/home/runner/work/xet-core/xet-core/xet_client/src/cas_client/auth.rs","line_number":208}
{"timestamp":"2026-07-28T03:55:13.833183Z","level":"INFO","fields":{"message":"Received CAS response","request_id":"01KYHRX6FQ6GQF9XG69AC7GP6W","status_code":206},"filename":"/home/runner/work/xet-core/xet-core/xet_client/src/common/http_client.rs","line_number":288}
{"timestamp":"2026-07-28T03:55:13.833223Z","level":"INFO","fields":{"message":"Request Success: s3::get_range api call succeeded (request id 01KYHRX6FQ6GQF9XG69AC7GP6W)."},"filename":"/home/runner/work/xet-core/xet-core/xet_client/src/cas_client/retry_wrapper.rs","line_number":210}
{"timestamp":"2026-07-28T03:55:13.939572Z","level":"INFO","fields":{"message":"Received CAS response","request_id":"01KYHRX6JA6BN0WHBY8SPMCJCA","status_code":416},"filename":"/home/runner/work/xet-core/xet-core/xet_client/src/common/http_client.rs","line_number":288}
{"timestamp":"2026-07-28T03:55:13.939656Z","level":"INFO","fields":{"message":"Reached end of reconstruction 416 (Range Not Satisfiable): \"cas::get_reconstruction_v2\" api call failed (request id 01KYHRX6JA6BN0WHBY8SPMCJCA): HTTP status client error (416 Range Not Satisfiable) for url (https://cas-server.xethub.hf.co/v2/reconstructions/a7e4db70dd8ee1937cd9cce4014cc71260971a0ac88d43590de99de465389ee2)"},"filename":"/home/runner/work/xet-core/xet-core/xet_client/src/cas_client/retry_wrapper.rs","line_number":162}
{"timestamp":"2026-07-28T03:55:13.966717Z","level":"INFO","fields":{"message":"Received CAS response","request_id":"01KYHRX6KZPJ0WH7BPM7601CEM","status_code":206},"filename":"/home/runner/work/xet-core/xet-core/xet_client/src/common/http_client.rs","line_number":288}
{"timestamp":"2026-07-28T03:55:13.966774Z","level":"INFO","fields":{"message":"Request Success: s3::get_range api call succeeded (request id 01KYHRX6KZPJ0WH7BPM7601CEM)."},"filename":"/home/runner/work/xet-core/xet-core/xet_client/src/cas_client/retry_wrapper.rs","line_number":210}
{"timestamp":"2026-07-28T03:55:13.969514Z","level":"INFO","fields":{"message":"Received CAS response","request_id":"01KYHRX6M07PWJAW5H10P4R1GH","status_code":206},"filename":"/home/runner/work/xet-core/xet-core/xet_client/src/common/http_client.rs","line_number":288}
{"timestamp":"2026-07-28T03:55:13.969532Z","level":"INFO","fields":{"message":"Request Success: s3::get_range api call succeeded (request id 01KYHRX6M07PWJAW5H10P4R1GH)."},"filename":"/home/runner/work/xet-core/xet-core/xet_client/src/cas_client/retry_wrapper.rs","line_number":210}
{"timestamp":"2026-07-28T03:55:13.971935Z","level":"INFO","fields":{"message":"Received CAS response","request_id":"01KYHRX6KXWN326Y0FQPMZS110","status_code":206},"filename":"/home/runner/work/xet-core/xet-core/xet_client/src/common/http_client.rs","line_number":288}
{"timestamp":"2026-07-28T03:55:13.971956Z","level":"INFO","fields":{"message":"Request Success: s3::get_range api call succeeded (request id 01KYHRX6KXWN326Y0FQPMZS110)."},"filename":"/home/runner/work/xet-core/xet-core/xet_client/src/cas_client/retry_wrapper.rs","line_number":210}
{"timestamp":"2026-07-28T03:55:13.976706Z","level":"INFO","fields":{"message":"Received CAS response","request_id":"01KYHRX6M0BK8G88WD4N0QT7MQ","status_code":206},"filename":"/home/runner/work/xet-core/xet-core/xet_client/src/common/http_client.rs","line_number":288}
{"timestamp":"2026-07-28T03:55:13.976740Z","level":"INFO","fields":{"message":"Request Success: s3::get_range api call succeeded (request id 01KYHRX6M0BK8G88WD4N0QT7MQ)."},"filename":"/home/runner/work/xet-core/xet-core/xet_client/src/cas_client/retry_wrapper.rs","line_number":210}
{"timestamp":"2026-07-28T03:55:14.047390Z","level":"INFO","fields":{"message":"Received CAS response","request_id":"01KYHRX6GTATYGWX32CG3138K6","status_code":200},"filename":"/home/runner/work/xet-core/xet-core/xet_client/src/common/http_client.rs","line_number":288}
{"timestamp":"2026-07-28T03:55:14.047420Z","level":"INFO","fields":{"message":"Request Success: cas::get_reconstruction_v2 api call succeeded (request id 01KYHRX6GTATYGWX32CG3138K6)."},"filename":"/home/runner/work/xet-core/xet-core/xet_client/src/cas_client/retry_wrapper.rs","line_number":210}
{"timestamp":"2026-07-28T03:55:14.047519Z","level":"INFO","fields":{"message":"Completed get_reconstruction API call","call_id":32,"file_id":"a7e4db70dd8ee1937cd9cce4014cc71260971a0ac88d43590de99de465389ee2","bytes_range":"Some(Range { start: 0, end: 256000000 })","api_version":"v2"},"filename":"/home/runner/work/xet-core/xet-core/xet_client/src/cas_client/remote_client.rs","line_number":234}
{"timestamp":"2026-07-28T03:55:14.047603Z","level":"INFO","fields":{"message":"Received block of file terms from prefetch queue","file_hash":"a7e4db70dd8ee1937cd9cce4014cc71260971a0ac88d43590de99de465389ee2","domain":"us.aws.cdn.hf.co","block_start":0,"block_end":90265744,"block_size":47},"filename":"/home/runner/work/xet-core/xet-core/xet_data/src/file_reconstruction/reconstruction_terms/manager.rs","line_number":151}
{"timestamp":"2026-07-28T03:55:14.047745Z","level":"INFO","fields":{"message":"Retry strategy","max_attempts":5,"base_delay":"3s","no_retry_on_429":false},"filename":"/home/runner/work/xet-core/xet-core/xet_client/src/cas_client/retry_wrapper.rs","line_number":249}
{"timestamp":"2026-07-28T03:55:14.047749Z","level":"INFO","fields":{"message":"Updated completion rate estimate based on previous block completion time (seconds).","file_hash":"a7e4db70dd8ee1937cd9cce4014cc71260971a0ac88d43590de99de465389ee2","block_start":0,"block_end":90265744,"block_size":90265744,"completion_time":0.000145434},"filename":"/home/runner/work/xet-core/xet-core/xet_data/src/file_reconstruction/reconstruction_terms/manager.rs","line_number":104}
{"timestamp":"2026-07-28T03:55:14.047757Z","level":"INFO","fields":{"message":"Completed prefetch queue; end of file reached.","file_hash":"a7e4db70dd8ee1937cd9cce4014cc71260971a0ac88d43590de99de465389ee2","prefetched_byte_position":1024000000},"filename":"/home/runner/work/xet-core/xet-core/xet_data/src/file_reconstruction/reconstruction_terms/manager.rs","line_number":178}
{"timestamp":"2026-07-28T03:55:14.047759Z","level":"INFO","fields":{"message":"All term blocks received and scheduled for writing","file_hash":"a7e4db70dd8ee1937cd9cce4014cc71260971a0ac88d43590de99de465389ee2","block_count":1,"total_terms_processed":47,"total_bytes_scheduled":90265744},"filename":"/home/runner/work/xet-core/xet-core/xet_data/src/file_reconstruction/run_state.rs","line_number":150}
{"timestamp":"2026-07-28T03:55:14.047765Z","level":"INFO","fields":{"message":"Retry strategy","max_attempts":5,"base_delay":"3s","no_retry_on_429":false},"filename":"/home/runner/work/xet-core/xet-core/xet_client/src/cas_client/retry_wrapper.rs","line_number":249}
{"timestamp":"2026-07-28T03:55:14.047770Z","level":"INFO","fields":{"message":"Retry strategy","max_attempts":5,"base_delay":"3s","no_retry_on_429":false},"filename":"/home/runner/work/xet-core/xet-core/xet_client/src/cas_client/retry_wrapper.rs","line_number":249}
{"timestamp":"2026-07-28T03:55:14.047811Z","level":"INFO","fields":{"message":"Retry strategy","max_attempts":5,"base_delay":"3s","no_retry_on_429":false},"filename":"/home/runner/work/xet-core/xet-core/xet_client/src/cas_client/retry_wrapper.rs","line_number":249}
{"timestamp":"2026-07-28T03:55:14.121973Z","level":"INFO","fields":{"message":"File reconstruction completed successfully","file_hash":"f6041cb139310735d267939642554a0199a828a08edc37b0ddaf3b035eea5df4","block_count":1,"total_terms_processed":28,"total_bytes_scheduled":90405214},"filename":"/home/runner/work/xet-core/xet-core/xet_data/src/file_reconstruction/run_state.rs","line_number":150}
{"timestamp":"2026-07-28T03:55:14.300687Z","level":"INFO","fields":{"message":"Received CAS response","request_id":"01KYHRX6XPQD5182YSES7ZH519","status_code":206},"filename":"/home/runner/work/xet-core/xet-core/xet_client/src/common/http_client.rs","line_number":288}
{"timestamp":"2026-07-28T03:55:14.300718Z","level":"INFO","fields":{"message":"Request Success: s3::get_range api call succeeded (request id 01KYHRX6XPQD5182YSES7ZH519)."},"filename":"/home/runner/work/xet-core/xet-core/xet_client/src/cas_client/retry_wrapper.rs","line_number":210}
{"timestamp":"2026-07-28T03:55:14.323403Z","level":"INFO","fields":{"message":"Received CAS response","request_id":"01KYHRX6Y4N9ZH6RG4QF264YRC","status_code":206},"filename":"/home/runner/work/xet-core/xet-core/xet_client/src/common/http_client.rs","line_number":288}
{"timestamp":"2026-07-28T03:55:14.323440Z","level":"INFO","fields":{"message":"Request Success: s3::get_range api call succeeded (request id 01KYHRX6Y4N9ZH6RG4QF264YRC)."},"filename":"/home/runner/work/xet-core/xet-core/xet_client/src/cas_client/retry_wrapper.rs","line_number":210}
{"timestamp":"2026-07-28T03:55:14.346155Z","level":"INFO","fields":{"message":"CAS auth disabled","caller":"/home/runner/work/xet-core/xet-core/xet_client/src/common/http_client.rs:166"},"filename":"/home/runner/work/xet-core/xet-core/xet_runtime/src/error_printer/mod.rs","line_number":198}
{"timestamp":"2026-07-28T03:55:14.353879Z","level":"INFO","fields":{"message":"HTTP client configured","idle_timeout":"60s","max_idle_connections":16,"custom_headers":"Some({\"user-agent\": \"unknown/None; hf_hub/1.21.0; python/3.11.15\"})"},"filename":"/home/runner/work/xet-core/xet-core/xet_client/src/common/http_client.rs","line_number":187}
{"timestamp":"2026-07-28T03:55:14.353941Z","level":"INFO","fields":{"message":"Retry strategy","max_attempts":5,"base_delay":"3s","no_retry_on_429":false},"filename":"/home/runner/work/xet-core/xet-core/xet_client/src/cas_client/retry_wrapper.rs","line_number":249}
{"timestamp":"2026-07-28T03:55:14.367133Z","level":"INFO","fields":{"message":"Received CAS response","request_id":"01KYHRX6XGS0JK5W4NM5FPKY3N","status_code":206},"filename":"/home/runner/work/xet-core/xet-core/xet_client/src/common/http_client.rs","line_number":288}
{"timestamp":"2026-07-28T03:55:14.367173Z","level":"INFO","fields":{"message":"Request Success: s3::get_range api call succeeded (request id 01KYHRX6XGS0JK5W4NM5FPKY3N)."},"filename":"/home/runner/work/xet-core/xet-core/xet_client/src/cas_client/retry_wrapper.rs","line_number":210}
{"timestamp":"2026-07-28T03:55:14.695151Z","level":"INFO","fields":{"message":"Received CAS response","request_id":"Root=1-6a674f84-7fb6e87b1daea17115d90abb","status_code":200},"filename":"/home/runner/work/xet-core/xet-core/xet_client/src/common/http_client.rs","line_number":288}
{"timestamp":"2026-07-28T03:55:14.695203Z","level":"INFO","fields":{"message":"Request Success: xet-token api call succeeded (request id Root=1-6a674f84-7fb6e87b1daea17115d90abb)."},"filename":"/home/runner/work/xet-core/xet-core/xet_client/src/cas_client/retry_wrapper.rs","line_number":210}
{"timestamp":"2026-07-28T03:55:14.697988Z","level":"INFO","fields":{"message":"TranslatorConfig initialized","endpoint":"https://cas-server.xethub.hf.co","session_id":"Some(\"019fa6dc-c787-70e3-9a74-d8774fabec74\")","shard_cache":"/app/backend/data/cache/embedding/models/xet/https___cas_serv-tGqkUaZf_CBPHQ6h/shard-cache","shard_session":"/app/backend/data/cache/embedding/models/xet/https___cas_serv-tGqkUaZf_CBPHQ6h/staging/shard-session"},"filename":"/home/runner/work/xet-core/xet-core/xet_data/src/processing/configurations.rs","line_number":115}
{"timestamp":"2026-07-28T03:55:14.704871Z","level":"INFO","fields":{"message":"HTTP client configured","idle_timeout":"60s","max_idle_connections":16,"custom_headers":"Some({\"user-agent\": \"unknown/None; hf_hub/1.21.0; python/3.11.15; hf_xet/1.5.1\"})"},"filename":"/home/runner/work/xet-core/xet-core/xet_client/src/common/http_client.rs","line_number":187}
{"timestamp":"2026-07-28T03:55:14.704901Z","level":"INFO","fields":{"message":"CAS auth disabled","caller":"/home/runner/work/xet-core/xet-core/xet_client/src/common/http_client.rs:166"},"filename":"/home/runner/work/xet-core/xet-core/xet_runtime/src/error_printer/mod.rs","line_number":198}
{"timestamp":"2026-07-28T03:55:14.704907Z","level":"INFO","fields":{"message":"HTTP client configured","idle_timeout":"60s","max_idle_connections":16,"custom_headers":"Some({\"user-agent\": \"unknown/None; hf_hub/1.21.0; python/3.11.15; hf_xet/1.5.1\"})"},"filename":"/home/runner/work/xet-core/xet-core/xet_client/src/common/http_client.rs","line_number":187}
{"timestamp":"2026-07-28T03:55:14.710804Z","level":"INFO","fields":{"message":"No-read-timeout HTTP client configured (for shard uploads)","connect_timeout":"60s"},"filename":"/home/runner/work/xet-core/xet-core/xet_client/src/common/http_client.rs","line_number":136}
{"timestamp":"2026-07-28T03:55:14.710828Z","level":"INFO","fields":{"message":"Initializing Adaptive Concurrency Controller for upload with starting concurrency = 2; min = 1, max = 64, min_bytes_for_adjustment = 20000000, min_completed_transmissions_for_adjustment = 1"},"filename":"/home/runner/work/xet-core/xet-core/xet_client/src/cas_client/adaptive_concurrency/controller.rs","line_number":301}
{"timestamp":"2026-07-28T03:55:14.710833Z","level":"INFO","fields":{"message":"Initializing Adaptive Concurrency Controller for download with starting concurrency = 4; min = 1, max = 64, min_bytes_for_adjustment = 20000000, min_completed_transmissions_for_adjustment = 1"},"filename":"/home/runner/work/xet-core/xet-core/xet_client/src/cas_client/adaptive_concurrency/controller.rs","line_number":301}
{"timestamp":"2026-07-28T03:55:14.710880Z","level":"INFO","fields":{"message":"New file download group, session_id=019fa6dc-1dde-7893-b0f4-d9195d13864d, group_id=34"},"filename":"/home/runner/work/xet-core/xet-core/xet_pkg/src/xet_session/file_download_group.rs","line_number":61}
{"timestamp":"2026-07-28T03:55:14.711043Z","level":"INFO","fields":{"message":"Download file to path","group_id":"34","dest_path":"\"/app/backend/data/cache/embedding/models/models--sentence-transformers--all-MiniLM-L6-v2/blobs/2d98d96d278348988f2744e6445b8bc16d921c3f6e17c667362f3cb353007aea.fb6533d6.incomplete\"","hash":"aaa2be7dcf4d404276b27028488280e13965c96819346a4e5ad67095d7990aa5"},"filename":"/home/runner/work/xet-core/xet-core/xet_pkg/src/xet_session/file_download_group.rs","line_number":287}
{"timestamp":"2026-07-28T03:55:14.711180Z","level":"INFO","fields":{"message":"Reconstructing file to disk","file_hash":"aaa2be7dcf4d404276b27028488280e13965c96819346a4e5ad67095d7990aa5","byte_range":"None","path":"/app/backend/data/cache/embedding/models/models--sentence-transformers--all-MiniLM-L6-v2/blobs/2d98d96d278348988f2744e6445b8bc16d921c3f6e17c667362f3cb353007aea.fb6533d6.incomplete","write_offset":"None"},"filename":"/home/runner/work/xet-core/xet-core/xet_data/src/file_reconstruction/file_reconstructor.rs","line_number":121}
{"timestamp":"2026-07-28T03:55:14.711329Z","level":"INFO","fields":{"message":"Download group finish","group_id":"34"},"filename":"/home/runner/work/xet-core/xet-core/xet_pkg/src/xet_session/file_download_group.rs","line_number":306}
{"timestamp":"2026-07-28T03:55:14.712545Z","level":"INFO","fields":{"message":"Scheduling prefetch block","file_hash":"aaa2be7dcf4d404276b27028488280e13965c96819346a4e5ad67095d7990aa5","prefetch_range":"(0, 256000000)","requested_block_size":256000000,"actual_block_size":256000000,"queue_depth":1},"filename":"/home/runner/work/xet-core/xet-core/xet_data/src/file_reconstruction/reconstruction_terms/manager.rs","line_number":272}
{"timestamp":"2026-07-28T03:55:14.712554Z","level":"INFO","fields":{"message":"Scheduling prefetch block","file_hash":"aaa2be7dcf4d404276b27028488280e13965c96819346a4e5ad67095d7990aa5","prefetch_range":"(256000000, 768000000)","requested_block_size":512000000,"actual_block_size":512000000,"queue_depth":2},"filename":"/home/runner/work/xet-core/xet-core/xet_data/src/file_reconstruction/reconstruction_terms/manager.rs","line_number":272}
{"timestamp":"2026-07-28T03:55:14.712573Z","level":"INFO","fields":{"message":"Scheduling prefetch block","file_hash":"aaa2be7dcf4d404276b27028488280e13965c96819346a4e5ad67095d7990aa5","prefetch_range":"(768000000, 1024000000)","requested_block_size":256000000,"actual_block_size":256000000,"queue_depth":3},"filename":"/home/runner/work/xet-core/xet-core/xet_data/src/file_reconstruction/reconstruction_terms/manager.rs","line_number":272}
{"timestamp":"2026-07-28T03:55:14.712588Z","level":"INFO","fields":{"message":"Starting get_reconstruction API call","call_id":34,"file_id":"aaa2be7dcf4d404276b27028488280e13965c96819346a4e5ad67095d7990aa5","bytes_range":"Some(Range { start: 768000000, end: 1024000000 })","api_version":"v2"},"filename":"/home/runner/work/xet-core/xet-core/xet_client/src/cas_client/remote_client.rs","line_number":210}
{"timestamp":"2026-07-28T03:55:14.712594Z","level":"INFO","fields":{"message":"Retry strategy","max_attempts":5,"base_delay":"3s","no_retry_on_429":false},"filename":"/home/runner/work/xet-core/xet-core/xet_client/src/cas_client/retry_wrapper.rs","line_number":249}
{"timestamp":"2026-07-28T03:55:14.712606Z","level":"INFO","fields":{"message":"Retry strategy","max_attempts":5,"base_delay":"3s","no_retry_on_429":false},"filename":"/home/runner/work/xet-core/xet-core/xet_client/src/cas_client/retry_wrapper.rs","line_number":249}
{"timestamp":"2026-07-28T03:55:14.712605Z","level":"INFO","fields":{"message":"Starting get_reconstruction API call","call_id":35,"file_id":"aaa2be7dcf4d404276b27028488280e13965c96819346a4e5ad67095d7990aa5","bytes_range":"Some(Range { start: 0, end: 256000000 })","api_version":"v2"},"filename":"/home/runner/work/xet-core/xet-core/xet_client/src/cas_client/remote_client.rs","line_number":210}
{"timestamp":"2026-07-28T03:55:14.712611Z","level":"INFO","fields":{"message":"Retry strategy","max_attempts":5,"base_delay":"3s","no_retry_on_429":false},"filename":"/home/runner/work/xet-core/xet-core/xet_client/src/cas_client/retry_wrapper.rs","line_number":249}
{"timestamp":"2026-07-28T03:55:14.712619Z","level":"INFO","fields":{"message":"Starting get_reconstruction API call","call_id":36,"file_id":"aaa2be7dcf4d404276b27028488280e13965c96819346a4e5ad67095d7990aa5","bytes_range":"Some(Range { start: 256000000, end: 768000000 })","api_version":"v2"},"filename":"/home/runner/work/xet-core/xet-core/xet_client/src/cas_client/remote_client.rs","line_number":210}
{"timestamp":"2026-07-28T03:55:14.712621Z","level":"INFO","fields":{"message":"Retry strategy","max_attempts":5,"base_delay":"3s","no_retry_on_429":false},"filename":"/home/runner/work/xet-core/xet-core/xet_client/src/cas_client/retry_wrapper.rs","line_number":249}
{"timestamp":"2026-07-28T03:55:14.862708Z","level":"INFO","fields":{"message":"Received CAS response","request_id":"01KYHRX6Y2MQ56X6743CSGGQJ5","status_code":206},"filename":"/home/runner/work/xet-core/xet-core/xet_client/src/common/http_client.rs","line_number":288}
{"timestamp":"2026-07-28T03:55:14.862765Z","level":"INFO","fields":{"message":"Request Success: s3::get_range api call succeeded (request id 01KYHRX6Y2MQ56X6743CSGGQJ5)."},"filename":"/home/runner/work/xet-core/xet-core/xet_client/src/cas_client/retry_wrapper.rs","line_number":210}
{"timestamp":"2026-07-28T03:55:14.939259Z","level":"INFO","fields":{"message":"Received CAS response","request_id":"Root=1-6a674f84-1ff82e385f332bdb7e5ca0b2","status_code":200},"filename":"/home/runner/work/xet-core/xet-core/xet_client/src/common/http_client.rs","line_number":288}
{"timestamp":"2026-07-28T03:55:14.939297Z","level":"INFO","fields":{"message":"Request Success: xet-token api call succeeded (request id Root=1-6a674f84-1ff82e385f332bdb7e5ca0b2)."},"filename":"/home/runner/work/xet-core/xet-core/xet_client/src/cas_client/retry_wrapper.rs","line_number":210}
{"timestamp":"2026-07-28T03:55:14.939314Z","level":"INFO","fields":{"message":"Token refreshed","new_expiry":1785156360},"filename":"/home/runner/work/xet-core/xet-core/xet_client/src/cas_client/auth.rs","line_number":208}
{"timestamp":"2026-07-28T03:55:14.939573Z","level":"INFO","fields":{"message":"Retry strategy","max_attempts":5,"base_delay":"3s","no_retry_on_429":false},"filename":"/home/runner/work/xet-core/xet-core/xet_client/src/cas_client/retry_wrapper.rs","line_number":249}
{"timestamp":"2026-07-28T03:55:15.122344Z","level":"INFO","fields":{"message":"Received CAS response","request_id":"Root=1-6a674f84-3fa0a21c49583f9a23498ee4","status_code":200},"filename":"/home/runner/work/xet-core/xet-core/xet_client/src/common/http_client.rs","line_number":288}
{"timestamp":"2026-07-28T03:55:15.122374Z","level":"INFO","fields":{"message":"Request Success: xet-token api call succeeded (request id Root=1-6a674f84-3fa0a21c49583f9a23498ee4)."},"filename":"/home/runner/work/xet-core/xet-core/xet_client/src/cas_client/retry_wrapper.rs","line_number":210}
{"timestamp":"2026-07-28T03:55:15.122387Z","level":"INFO","fields":{"message":"Token refreshed","new_expiry":1785156360},"filename":"/home/runner/work/xet-core/xet-core/xet_client/src/cas_client/auth.rs","line_number":208}
{"timestamp":"2026-07-28T03:55:15.122556Z","level":"INFO","fields":{"message":"Retry strategy","max_attempts":5,"base_delay":"3s","no_retry_on_429":false},"filename":"/home/runner/work/xet-core/xet-core/xet_client/src/cas_client/retry_wrapper.rs","line_number":249}
{"timestamp":"2026-07-28T03:55:15.294002Z","level":"INFO","fields":{"message":"Received CAS response","request_id":"Root=1-6a674f84-3e5796bb32e9548122f8a55e","status_code":200},"filename":"/home/runner/work/xet-core/xet-core/xet_client/src/common/http_client.rs","line_number":288}
{"timestamp":"2026-07-28T03:55:15.294042Z","level":"INFO","fields":{"message":"Request Success: xet-token api call succeeded (request id Root=1-6a674f84-3e5796bb32e9548122f8a55e)."},"filename":"/home/runner/work/xet-core/xet-core/xet_client/src/cas_client/retry_wrapper.rs","line_number":210}
{"timestamp":"2026-07-28T03:55:15.294058Z","level":"INFO","fields":{"message":"Token refreshed","new_expiry":1785156360},"filename":"/home/runner/work/xet-core/xet-core/xet_client/src/cas_client/auth.rs","line_number":208}
{"timestamp":"2026-07-28T03:55:15.723959Z","level":"INFO","fields":{"message":"Retry strategy","max_attempts":5,"base_delay":"3s","no_retry_on_429":false},"filename":"/home/runner/work/xet-core/xet-core/xet_client/src/cas_client/retry_wrapper.rs","line_number":249}
{"timestamp":"2026-07-28T03:55:15.725766Z","level":"INFO","fields":{"message":"Retry strategy","max_attempts":5,"base_delay":"3s","no_retry_on_429":false},"filename":"/home/runner/work/xet-core/xet-core/xet_client/src/cas_client/retry_wrapper.rs","line_number":249}
{"timestamp":"2026-07-28T03:55:15.767024Z","level":"INFO","fields":{"message":"Received CAS response","request_id":"01KYHRX89QA618T7CJSWWRTPFJ","status_code":200},"filename":"/home/runner/work/xet-core/xet-core/xet_client/src/common/http_client.rs","line_number":288}
{"timestamp":"2026-07-28T03:55:15.767055Z","level":"INFO","fields":{"message":"Request Success: cas::get_reconstruction_v2 api call succeeded (request id 01KYHRX89QA618T7CJSWWRTPFJ)."},"filename":"/home/runner/work/xet-core/xet-core/xet_client/src/cas_client/retry_wrapper.rs","line_number":210}
{"timestamp":"2026-07-28T03:55:15.767090Z","level":"INFO","fields":{"message":"Completed get_reconstruction API call","call_id":35,"file_id":"aaa2be7dcf4d404276b27028488280e13965c96819346a4e5ad67095d7990aa5","bytes_range":"Some(Range { start: 0, end: 256000000 })","api_version":"v2"},"filename":"/home/runner/work/xet-core/xet-core/xet_client/src/cas_client/remote_client.rs","line_number":234}
{"timestamp":"2026-07-28T03:55:15.767111Z","level":"INFO","fields":{"message":"Received block of file terms from prefetch queue","file_hash":"aaa2be7dcf4d404276b27028488280e13965c96819346a4e5ad67095d7990aa5","domain":"us.aws.cdn.hf.co","block_start":0,"block_end":90887379,"block_size":4},"filename":"/home/runner/work/xet-core/xet-core/xet_data/src/file_reconstruction/reconstruction_terms/manager.rs","line_number":151}
{"timestamp":"2026-07-28T03:55:15.767140Z","level":"INFO","fields":{"message":"Updated completion rate estimate based on previous block completion time (seconds).","file_hash":"aaa2be7dcf4d404276b27028488280e13965c96819346a4e5ad67095d7990aa5","block_start":0,"block_end":90887379,"block_size":90887379,"completion_time":0.000029366},"filename":"/home/runner/work/xet-core/xet-core/xet_data/src/file_reconstruction/reconstruction_terms/manager.rs","line_number":104}
{"timestamp":"2026-07-28T03:55:15.767151Z","level":"INFO","fields":{"message":"Retry strategy","max_attempts":5,"base_delay":"3s","no_retry_on_429":false},"filename":"/home/runner/work/xet-core/xet-core/xet_client/src/cas_client/retry_wrapper.rs","line_number":249}
{"timestamp":"2026-07-28T03:55:15.767175Z","level":"INFO","fields":{"message":"Retry strategy","max_attempts":5,"base_delay":"3s","no_retry_on_429":false},"filename":"/home/runner/work/xet-core/xet-core/xet_client/src/cas_client/retry_wrapper.rs","line_number":249}
{"timestamp":"2026-07-28T03:55:15.767190Z","level":"INFO","fields":{"message":"Retry strategy","max_attempts":5,"base_delay":"3s","no_retry_on_429":false},"filename":"/home/runner/work/xet-core/xet-core/xet_client/src/cas_client/retry_wrapper.rs","line_number":249}
{"timestamp":"2026-07-28T03:55:15.803852Z","level":"INFO","fields":{"message":"Received CAS response","request_id":"01KYHRX8CG2D9PGCXNG43AE5J3","status_code":206},"filename":"/home/runner/work/xet-core/xet-core/xet_client/src/common/http_client.rs","line_number":288}
{"timestamp":"2026-07-28T03:55:15.803892Z","level":"INFO","fields":{"message":"Request Success: s3::get_range api call succeeded (request id 01KYHRX8CG2D9PGCXNG43AE5J3)."},"filename":"/home/runner/work/xet-core/xet-core/xet_client/src/cas_client/retry_wrapper.rs","line_number":210}
{"timestamp":"2026-07-28T03:55:15.804144Z","level":"INFO","fields":{"message":"Received CAS response","request_id":"01KYHRX8CG4JWM5940ZST8J64K","status_code":206},"filename":"/home/runner/work/xet-core/xet-core/xet_client/src/common/http_client.rs","line_number":288}
{"timestamp":"2026-07-28T03:55:15.804151Z","level":"INFO","fields":{"message":"Request Success: s3::get_range api call succeeded (request id 01KYHRX8CG4JWM5940ZST8J64K)."},"filename":"/home/runner/work/xet-core/xet-core/xet_client/src/cas_client/retry_wrapper.rs","line_number":210}
{"timestamp":"2026-07-28T03:55:15.901961Z","level":"INFO","fields":{"message":"Received CAS response","request_id":"01KYHRX8F2P2EFWWXCP6FXCGSZ","status_code":416},"filename":"/home/runner/work/xet-core/xet-core/xet_client/src/common/http_client.rs","line_number":288}
{"timestamp":"2026-07-28T03:55:15.902014Z","level":"INFO","fields":{"message":"Reached end of reconstruction 416 (Range Not Satisfiable): \"cas::get_reconstruction_v2\" api call failed (request id 01KYHRX8F2P2EFWWXCP6FXCGSZ): HTTP status client error (416 Range Not Satisfiable) for url (https://cas-server.xethub.hf.co/v2/reconstructions/aaa2be7dcf4d404276b27028488280e13965c96819346a4e5ad67095d7990aa5)"},"filename":"/home/runner/work/xet-core/xet-core/xet_client/src/cas_client/retry_wrapper.rs","line_number":162}
{"timestamp":"2026-07-28T03:55:15.902029Z","level":"INFO","fields":{"message":"Completed prefetch queue; end of file reached.","file_hash":"aaa2be7dcf4d404276b27028488280e13965c96819346a4e5ad67095d7990aa5","prefetched_byte_position":1024000000},"filename":"/home/runner/work/xet-core/xet-core/xet_data/src/file_reconstruction/reconstruction_terms/manager.rs","line_number":178}
{"timestamp":"2026-07-28T03:55:15.902034Z","level":"INFO","fields":{"message":"All term blocks received and scheduled for writing","file_hash":"aaa2be7dcf4d404276b27028488280e13965c96819346a4e5ad67095d7990aa5","block_count":1,"total_terms_processed":4,"total_bytes_scheduled":90887379},"filename":"/home/runner/work/xet-core/xet-core/xet_data/src/file_reconstruction/run_state.rs","line_number":150}
{"timestamp":"2026-07-28T03:55:15.983247Z","level":"INFO","fields":{"message":"Received CAS response","request_id":"01KYHRX8JPSKSC0EP52V42DDNN","status_code":206},"filename":"/home/runner/work/xet-core/xet-core/xet_client/src/common/http_client.rs","line_number":288}
{"timestamp":"2026-07-28T03:55:15.983287Z","level":"INFO","fields":{"message":"Request Success: s3::get_range api call succeeded (request id 01KYHRX8JPSKSC0EP52V42DDNN)."},"filename":"/home/runner/work/xet-core/xet-core/xet_client/src/cas_client/retry_wrapper.rs","line_number":210}
{"timestamp":"2026-07-28T03:55:15.990957Z","level":"INFO","fields":{"message":"Received CAS response","request_id":"01KYHRX8JRGZEX8KFWAPZZHXTK","status_code":206},"filename":"/home/runner/work/xet-core/xet-core/xet_client/src/common/http_client.rs","line_number":288}
{"timestamp":"2026-07-28T03:55:15.990993Z","level":"INFO","fields":{"message":"Request Success: s3::get_range api call succeeded (request id 01KYHRX8JRGZEX8KFWAPZZHXTK)."},"filename":"/home/runner/work/xet-core/xet-core/xet_client/src/cas_client/retry_wrapper.rs","line_number":210}
{"timestamp":"2026-07-28T03:55:16.099898Z","level":"INFO","fields":{"message":"Received CAS response","request_id":"01KYHRX85GTNE6EX98P36QGE8H","status_code":416},"filename":"/home/runner/work/xet-core/xet-core/xet_client/src/common/http_client.rs","line_number":288}
{"timestamp":"2026-07-28T03:55:16.099951Z","level":"INFO","fields":{"message":"Reached end of reconstruction 416 (Range Not Satisfiable): \"cas::get_reconstruction_v2\" api call failed (request id 01KYHRX85GTNE6EX98P36QGE8H): HTTP status client error (416 Range Not Satisfiable) for url (https://cas-server.xethub.hf.co/v2/reconstructions/aaa2be7dcf4d404276b27028488280e13965c96819346a4e5ad67095d7990aa5)"},"filename":"/home/runner/work/xet-core/xet-core/xet_client/src/cas_client/retry_wrapper.rs","line_number":162}
{"timestamp":"2026-07-28T03:55:16.147826Z","level":"INFO","fields":{"message":"Retry strategy","max_attempts":5,"base_delay":"3s","no_retry_on_429":false},"filename":"/home/runner/work/xet-core/xet-core/xet_client/src/cas_client/retry_wrapper.rs","line_number":249}
{"timestamp":"2026-07-28T03:55:16.347328Z","level":"INFO","fields":{"message":"Received CAS response","request_id":"01KYHRX8SKEJYQ2PNRP0Y6MGXX","status_code":206},"filename":"/home/runner/work/xet-core/xet-core/xet_client/src/common/http_client.rs","line_number":288}
{"timestamp":"2026-07-28T03:55:16.347363Z","level":"INFO","fields":{"message":"Request Success: s3::get_range api call succeeded (request id 01KYHRX8SKEJYQ2PNRP0Y6MGXX)."},"filename":"/home/runner/work/xet-core/xet-core/xet_client/src/cas_client/retry_wrapper.rs","line_number":210}
{"timestamp":"2026-07-28T03:55:16.783540Z","level":"INFO","fields":{"message":"Retry strategy","max_attempts":5,"base_delay":"3s","no_retry_on_429":false},"filename":"/home/runner/work/xet-core/xet-core/xet_client/src/cas_client/retry_wrapper.rs","line_number":249}
{"timestamp":"2026-07-28T03:55:16.855106Z","level":"INFO","fields":{"message":"Received CAS response","request_id":"01KYHRX9DEZE6W3T4282M3JA3P","status_code":206},"filename":"/home/runner/work/xet-core/xet-core/xet_client/src/common/http_client.rs","line_number":288}
{"timestamp":"2026-07-28T03:55:16.855157Z","level":"INFO","fields":{"message":"Request Success: s3::get_range api call succeeded (request id 01KYHRX9DEZE6W3T4282M3JA3P)."},"filename":"/home/runner/work/xet-core/xet-core/xet_client/src/cas_client/retry_wrapper.rs","line_number":210}
{"timestamp":"2026-07-28T03:55:16.942095Z","level":"INFO","fields":{"message":"Received CAS response","request_id":"01KYHRX9G6E08FN0Z1W2VFM9BA","status_code":206},"filename":"/home/runner/work/xet-core/xet-core/xet_client/src/common/http_client.rs","line_number":288}
{"timestamp":"2026-07-28T03:55:16.942130Z","level":"INFO","fields":{"message":"Request Success: s3::get_range api call succeeded (request id 01KYHRX9G6E08FN0Z1W2VFM9BA)."},"filename":"/home/runner/work/xet-core/xet-core/xet_client/src/cas_client/retry_wrapper.rs","line_number":210}
{"timestamp":"2026-07-28T03:55:17.519505Z","level":"INFO","fields":{"message":"Retry strategy","max_attempts":5,"base_delay":"3s","no_retry_on_429":false},"filename":"/home/runner/work/xet-core/xet-core/xet_client/src/cas_client/retry_wrapper.rs","line_number":249}
{"timestamp":"2026-07-28T03:55:17.588570Z","level":"INFO","fields":{"message":"Received CAS response","request_id":"01KYHRXA4J3J7CEKB5Z8BMCD2M","status_code":206},"filename":"/home/runner/work/xet-core/xet-core/xet_client/src/common/http_client.rs","line_number":288}
{"timestamp":"2026-07-28T03:55:17.588605Z","level":"INFO","fields":{"message":"Request Success: s3::get_range api call succeeded (request id 01KYHRXA4J3J7CEKB5Z8BMCD2M)."},"filename":"/home/runner/work/xet-core/xet-core/xet_client/src/cas_client/retry_wrapper.rs","line_number":210}
{"timestamp":"2026-07-28T03:55:18.200503Z","level":"INFO","fields":{"message":"Retry strategy","max_attempts":5,"base_delay":"3s","no_retry_on_429":false},"filename":"/home/runner/work/xet-core/xet-core/xet_client/src/cas_client/retry_wrapper.rs","line_number":249}
{"timestamp":"2026-07-28T03:55:18.273839Z","level":"INFO","fields":{"message":"Received CAS response","request_id":"01KYHRXASY1S524N2AEQ3GZB12","status_code":206},"filename":"/home/runner/work/xet-core/xet-core/xet_client/src/common/http_client.rs","line_number":288}
{"timestamp":"2026-07-28T03:55:18.273874Z","level":"INFO","fields":{"message":"Request Success: s3::get_range api call succeeded (request id 01KYHRXASY1S524N2AEQ3GZB12)."},"filename":"/home/runner/work/xet-core/xet-core/xet_client/src/cas_client/retry_wrapper.rs","line_number":210}
{"timestamp":"2026-07-28T03:55:18.745296Z","level":"INFO","fields":{"message":"Concurrency control for download: Current concurrency = 4; predicted bandwidth = 1494326; success_ratio = 1.000; reference_size = 61.0MB; observed bytes sent so far = 13477346; completed transmissions = 0"},"filename":"/home/runner/work/xet-core/xet-core/xet_client/src/cas_client/adaptive_concurrency/controller.rs","line_number":597}
{"timestamp":"2026-07-28T03:55:18.886105Z","level":"INFO","fields":{"message":"File reconstruction completed successfully","file_hash":"512c239c65ad424aecb6defcf3c2625d2b9d90a1897cf6279d91fbb3225df0fa","block_count":1,"total_terms_processed":42,"total_bytes_scheduled":90360328},"filename":"/home/runner/work/xet-core/xet-core/xet_data/src/file_reconstruction/run_state.rs","line_number":150}
{"timestamp":"2026-07-28T03:55:19.538121Z","level":"INFO","fields":{"message":"CAS auth disabled","caller":"/home/runner/work/xet-core/xet-core/xet_client/src/common/http_client.rs:166"},"filename":"/home/runner/work/xet-core/xet-core/xet_runtime/src/error_printer/mod.rs","line_number":198}
{"timestamp":"2026-07-28T03:55:19.548180Z","level":"INFO","fields":{"message":"HTTP client configured","idle_timeout":"60s","max_idle_connections":16,"custom_headers":"Some({\"user-agent\": \"unknown/None; hf_hub/1.21.0; python/3.11.15\"})"},"filename":"/home/runner/work/xet-core/xet-core/xet_client/src/common/http_client.rs","line_number":187}
{"timestamp":"2026-07-28T03:55:19.548217Z","level":"INFO","fields":{"message":"Retry strategy","max_attempts":5,"base_delay":"3s","no_retry_on_429":false},"filename":"/home/runner/work/xet-core/xet-core/xet_client/src/cas_client/retry_wrapper.rs","line_number":249}
{"timestamp":"2026-07-28T03:55:19.780407Z","level":"INFO","fields":{"message":"Received CAS response","request_id":"Root=1-6a674f89-73efb7553fc7649664ae1df5","status_code":200},"filename":"/home/runner/work/xet-core/xet-core/xet_client/src/common/http_client.rs","line_number":288}
{"timestamp":"2026-07-28T03:55:19.780446Z","level":"INFO","fields":{"message":"Request Success: xet-token api call succeeded (request id Root=1-6a674f89-73efb7553fc7649664ae1df5)."},"filename":"/home/runner/work/xet-core/xet-core/xet_client/src/cas_client/retry_wrapper.rs","line_number":210}
{"timestamp":"2026-07-28T03:55:19.783359Z","level":"INFO","fields":{"message":"TranslatorConfig initialized","endpoint":"https://cas-server.xethub.hf.co","session_id":"Some(\"019fa6dc-db64-73c0-af47-97ae8f57a7ea\")","shard_cache":"/app/backend/data/cache/embedding/models/xet/https___cas_serv-tGqkUaZf_CBPHQ6h/shard-cache","shard_session":"/app/backend/data/cache/embedding/models/xet/https___cas_serv-tGqkUaZf_CBPHQ6h/staging/shard-session"},"filename":"/home/runner/work/xet-core/xet-core/xet_data/src/processing/configurations.rs","line_number":115}
{"timestamp":"2026-07-28T03:55:19.785822Z","level":"INFO","fields":{"message":"Retry strategy","max_attempts":5,"base_delay":"3s","no_retry_on_429":false},"filename":"/home/runner/work/xet-core/xet-core/xet_client/src/cas_client/retry_wrapper.rs","line_number":249}
{"timestamp":"2026-07-28T03:55:19.792593Z","level":"INFO","fields":{"message":"HTTP client configured","idle_timeout":"60s","max_idle_connections":16,"custom_headers":"Some({\"user-agent\": \"unknown/None; hf_hub/1.21.0; python/3.11.15; hf_xet/1.5.1\"})"},"filename":"/home/runner/work/xet-core/xet-core/xet_client/src/common/http_client.rs","line_number":187}
{"timestamp":"2026-07-28T03:55:19.792630Z","level":"INFO","fields":{"message":"CAS auth disabled","caller":"/home/runner/work/xet-core/xet-core/xet_client/src/common/http_client.rs:166"},"filename":"/home/runner/work/xet-core/xet-core/xet_runtime/src/error_printer/mod.rs","line_number":198}
{"timestamp":"2026-07-28T03:55:19.792636Z","level":"INFO","fields":{"message":"HTTP client configured","idle_timeout":"60s","max_idle_connections":16,"custom_headers":"Some({\"user-agent\": \"unknown/None; hf_hub/1.21.0; python/3.11.15; hf_xet/1.5.1\"})"},"filename":"/home/runner/work/xet-core/xet-core/xet_client/src/common/http_client.rs","line_number":187}
{"timestamp":"2026-07-28T03:55:19.805525Z","level":"INFO","fields":{"message":"No-read-timeout HTTP client configured (for shard uploads)","connect_timeout":"60s"},"filename":"/home/runner/work/xet-core/xet-core/xet_client/src/common/http_client.rs","line_number":136}
{"timestamp":"2026-07-28T03:55:19.805559Z","level":"INFO","fields":{"message":"Initializing Adaptive Concurrency Controller for upload with starting concurrency = 2; min = 1, max = 64, min_bytes_for_adjustment = 20000000, min_completed_transmissions_for_adjustment = 1"},"filename":"/home/runner/work/xet-core/xet-core/xet_client/src/cas_client/adaptive_concurrency/controller.rs","line_number":301}
{"timestamp":"2026-07-28T03:55:19.805565Z","level":"INFO","fields":{"message":"Initializing Adaptive Concurrency Controller for download with starting concurrency = 4; min = 1, max = 64, min_bytes_for_adjustment = 20000000, min_completed_transmissions_for_adjustment = 1"},"filename":"/home/runner/work/xet-core/xet-core/xet_client/src/cas_client/adaptive_concurrency/controller.rs","line_number":301}
{"timestamp":"2026-07-28T03:55:19.805596Z","level":"INFO","fields":{"message":"New file download group, session_id=019fa6dc-1dde-7893-b0f4-d9195d13864d, group_id=37"},"filename":"/home/runner/work/xet-core/xet-core/xet_pkg/src/xet_session/file_download_group.rs","line_number":61}
{"timestamp":"2026-07-28T03:55:19.805765Z","level":"INFO","fields":{"message":"Download file to path","group_id":"37","dest_path":"\"/app/backend/data/cache/embedding/models/models--sentence-transformers--all-MiniLM-L6-v2/blobs/24c06a7429b843d46e40c6b167122053921bf94dce2e5550ea5c07fabc597646.378f2c17.incomplete\"","hash":"50328f4d0be4a9f30ef32a2580fcf3bbf509032a9b2a1beafa3cb6bd6efb1b1a"},"filename":"/home/runner/work/xet-core/xet-core/xet_pkg/src/xet_session/file_download_group.rs","line_number":287}
{"timestamp":"2026-07-28T03:55:19.805873Z","level":"INFO","fields":{"message":"Reconstructing file to disk","file_hash":"50328f4d0be4a9f30ef32a2580fcf3bbf509032a9b2a1beafa3cb6bd6efb1b1a","byte_range":"None","path":"/app/backend/data/cache/embedding/models/models--sentence-transformers--all-MiniLM-L6-v2/blobs/24c06a7429b843d46e40c6b167122053921bf94dce2e5550ea5c07fabc597646.378f2c17.incomplete","write_offset":"None"},"filename":"/home/runner/work/xet-core/xet-core/xet_data/src/file_reconstruction/file_reconstructor.rs","line_number":121}
{"timestamp":"2026-07-28T03:55:19.806043Z","level":"INFO","fields":{"message":"Download group finish","group_id":"37"},"filename":"/home/runner/work/xet-core/xet-core/xet_pkg/src/xet_session/file_download_group.rs","line_number":306}
{"timestamp":"2026-07-28T03:55:19.807760Z","level":"INFO","fields":{"message":"Scheduling prefetch block","file_hash":"50328f4d0be4a9f30ef32a2580fcf3bbf509032a9b2a1beafa3cb6bd6efb1b1a","prefetch_range":"(0, 256000000)","requested_block_size":256000000,"actual_block_size":256000000,"queue_depth":1},"filename":"/home/runner/work/xet-core/xet-core/xet_data/src/file_reconstruction/reconstruction_terms/manager.rs","line_number":272}
{"timestamp":"2026-07-28T03:55:19.807773Z","level":"INFO","fields":{"message":"Scheduling prefetch block","file_hash":"50328f4d0be4a9f30ef32a2580fcf3bbf509032a9b2a1beafa3cb6bd6efb1b1a","prefetch_range":"(256000000, 768000000)","requested_block_size":512000000,"actual_block_size":512000000,"queue_depth":2},"filename":"/home/runner/work/xet-core/xet-core/xet_data/src/file_reconstruction/reconstruction_terms/manager.rs","line_number":272}
{"timestamp":"2026-07-28T03:55:19.807783Z","level":"INFO","fields":{"message":"Scheduling prefetch block","file_hash":"50328f4d0be4a9f30ef32a2580fcf3bbf509032a9b2a1beafa3cb6bd6efb1b1a","prefetch_range":"(768000000, 1024000000)","requested_block_size":256000000,"actual_block_size":256000000,"queue_depth":3},"filename":"/home/runner/work/xet-core/xet-core/xet_data/src/file_reconstruction/reconstruction_terms/manager.rs","line_number":272}
{"timestamp":"2026-07-28T03:55:19.807801Z","level":"INFO","fields":{"message":"Starting get_reconstruction API call","call_id":37,"file_id":"50328f4d0be4a9f30ef32a2580fcf3bbf509032a9b2a1beafa3cb6bd6efb1b1a","bytes_range":"Some(Range { start: 768000000, end: 1024000000 })","api_version":"v2"},"filename":"/home/runner/work/xet-core/xet-core/xet_client/src/cas_client/remote_client.rs","line_number":210}
{"timestamp":"2026-07-28T03:55:19.807808Z","level":"INFO","fields":{"message":"Retry strategy","max_attempts":5,"base_delay":"3s","no_retry_on_429":false},"filename":"/home/runner/work/xet-core/xet-core/xet_client/src/cas_client/retry_wrapper.rs","line_number":249}
{"timestamp":"2026-07-28T03:55:19.807820Z","level":"INFO","fields":{"message":"Retry strategy","max_attempts":5,"base_delay":"3s","no_retry_on_429":false},"filename":"/home/runner/work/xet-core/xet-core/xet_client/src/cas_client/retry_wrapper.rs","line_number":249}
{"timestamp":"2026-07-28T03:55:19.807916Z","level":"INFO","fields":{"message":"Starting get_reconstruction API call","call_id":38,"file_id":"50328f4d0be4a9f30ef32a2580fcf3bbf509032a9b2a1beafa3cb6bd6efb1b1a","bytes_range":"Some(Range { start: 0, end: 256000000 })","api_version":"v2"},"filename":"/home/runner/work/xet-core/xet-core/xet_client/src/cas_client/remote_client.rs","line_number":210}
{"timestamp":"2026-07-28T03:55:19.807922Z","level":"INFO","fields":{"message":"Retry strategy","max_attempts":5,"base_delay":"3s","no_retry_on_429":false},"filename":"/home/runner/work/xet-core/xet-core/xet_client/src/cas_client/retry_wrapper.rs","line_number":249}
{"timestamp":"2026-07-28T03:55:19.807933Z","level":"INFO","fields":{"message":"Starting get_reconstruction API call","call_id":39,"file_id":"50328f4d0be4a9f30ef32a2580fcf3bbf509032a9b2a1beafa3cb6bd6efb1b1a","bytes_range":"Some(Range { start: 256000000, end: 768000000 })","api_version":"v2"},"filename":"/home/runner/work/xet-core/xet-core/xet_client/src/cas_client/remote_client.rs","line_number":210}
{"timestamp":"2026-07-28T03:55:19.807937Z","level":"INFO","fields":{"message":"Retry strategy","max_attempts":5,"base_delay":"3s","no_retry_on_429":false},"filename":"/home/runner/work/xet-core/xet-core/xet_client/src/cas_client/retry_wrapper.rs","line_number":249}
{"timestamp":"2026-07-28T03:55:19.844262Z","level":"INFO","fields":{"message":"Received CAS response","request_id":"01KYHRXCBBT76AX93A33KBKBAK","status_code":206},"filename":"/home/runner/work/xet-core/xet-core/xet_client/src/common/http_client.rs","line_number":288}
{"timestamp":"2026-07-28T03:55:19.844293Z","level":"INFO","fields":{"message":"Request Success: s3::get_range api call succeeded (request id 01KYHRXCBBT76AX93A33KBKBAK)."},"filename":"/home/runner/work/xet-core/xet-core/xet_client/src/cas_client/retry_wrapper.rs","line_number":210}
{"timestamp":"2026-07-28T03:55:19.954215Z","level":"INFO","fields":{"message":"Received CAS response","request_id":"Root=1-6a674f89-223fb2e4511df706532fdc7c","status_code":200},"filename":"/home/runner/work/xet-core/xet-core/xet_client/src/common/http_client.rs","line_number":288}
{"timestamp":"2026-07-28T03:55:19.954244Z","level":"INFO","fields":{"message":"Request Success: xet-token api call succeeded (request id Root=1-6a674f89-223fb2e4511df706532fdc7c)."},"filename":"/home/runner/work/xet-core/xet-core/xet_client/src/cas_client/retry_wrapper.rs","line_number":210}
{"timestamp":"2026-07-28T03:55:19.954259Z","level":"INFO","fields":{"message":"Token refreshed","new_expiry":1785156365},"filename":"/home/runner/work/xet-core/xet-core/xet_client/src/cas_client/auth.rs","line_number":208}
{"timestamp":"2026-07-28T03:55:19.954430Z","level":"INFO","fields":{"message":"Retry strategy","max_attempts":5,"base_delay":"3s","no_retry_on_429":false},"filename":"/home/runner/work/xet-core/xet-core/xet_client/src/cas_client/retry_wrapper.rs","line_number":249}
{"timestamp":"2026-07-28T03:55:20.109922Z","level":"INFO","fields":{"message":"Received CAS response","request_id":"Root=1-6a674f89-7697a8b372fb23c1428469fc","status_code":200},"filename":"/home/runner/work/xet-core/xet-core/xet_client/src/common/http_client.rs","line_number":288}
{"timestamp":"2026-07-28T03:55:20.109951Z","level":"INFO","fields":{"message":"Request Success: xet-token api call succeeded (request id Root=1-6a674f89-7697a8b372fb23c1428469fc)."},"filename":"/home/runner/work/xet-core/xet-core/xet_client/src/cas_client/retry_wrapper.rs","line_number":210}
{"timestamp":"2026-07-28T03:55:20.109963Z","level":"INFO","fields":{"message":"Token refreshed","new_expiry":1785156365},"filename":"/home/runner/work/xet-core/xet-core/xet_client/src/cas_client/auth.rs","line_number":208}
{"timestamp":"2026-07-28T03:55:20.110137Z","level":"INFO","fields":{"message":"Retry strategy","max_attempts":5,"base_delay":"3s","no_retry_on_429":false},"filename":"/home/runner/work/xet-core/xet-core/xet_client/src/cas_client/retry_wrapper.rs","line_number":249}
{"timestamp":"2026-07-28T03:55:20.369961Z","level":"INFO","fields":{"message":"Received CAS response","request_id":"Root=1-6a674f89-21e6a2bc37860d9c1c5608f0","status_code":200},"filename":"/home/runner/work/xet-core/xet-core/xet_client/src/common/http_client.rs","line_number":288}
{"timestamp":"2026-07-28T03:55:20.369992Z","level":"INFO","fields":{"message":"Request Success: xet-token api call succeeded (request id Root=1-6a674f89-21e6a2bc37860d9c1c5608f0)."},"filename":"/home/runner/work/xet-core/xet-core/xet_client/src/cas_client/retry_wrapper.rs","line_number":210}
{"timestamp":"2026-07-28T03:55:20.370007Z","level":"INFO","fields":{"message":"Token refreshed","new_expiry":1785156365},"filename":"/home/runner/work/xet-core/xet-core/xet_client/src/cas_client/auth.rs","line_number":208}
{"timestamp":"2026-07-28T03:55:20.639353Z","level":"INFO","fields":{"message":"Retry strategy","max_attempts":5,"base_delay":"3s","no_retry_on_429":false},"filename":"/home/runner/work/xet-core/xet-core/xet_client/src/cas_client/retry_wrapper.rs","line_number":249}
{"timestamp":"2026-07-28T03:55:20.738882Z","level":"INFO","fields":{"message":"Received CAS response","request_id":"01KYHRXD7BZDJ5Y073H3NBD1H1","status_code":206},"filename":"/home/runner/work/xet-core/xet-core/xet_client/src/common/http_client.rs","line_number":288}
{"timestamp":"2026-07-28T03:55:20.738923Z","level":"INFO","fields":{"message":"Request Success: s3::get_range api call succeeded (request id 01KYHRXD7BZDJ5Y073H3NBD1H1)."},"filename":"/home/runner/work/xet-core/xet-core/xet_client/src/cas_client/retry_wrapper.rs","line_number":210}
{"timestamp":"2026-07-28T03:55:20.776462Z","level":"INFO","fields":{"message":"File reconstruction completed successfully","file_hash":"97c0cbab0dbbb7921fe6ea37b56d165265205edd81ae3cf7a85155649efc7cb8","block_count":1,"total_terms_processed":1,"total_bytes_scheduled":45212349},"filename":"/home/runner/work/xet-core/xet-core/xet_data/src/file_reconstruction/run_state.rs","line_number":150}
{"timestamp":"2026-07-28T03:55:20.939508Z","level":"INFO","fields":{"message":"Received CAS response","request_id":"01KYHRXDCDSTXSTM2736Y32AKQ","status_code":416},"filename":"/home/runner/work/xet-core/xet-core/xet_client/src/common/http_client.rs","line_number":288}
{"timestamp":"2026-07-28T03:55:20.939566Z","level":"INFO","fields":{"message":"Reached end of reconstruction 416 (Range Not Satisfiable): \"cas::get_reconstruction_v2\" api call failed (request id 01KYHRXDCDSTXSTM2736Y32AKQ): HTTP status client error (416 Range Not Satisfiable) for url (https://cas-server.xethub.hf.co/v2/reconstructions/50328f4d0be4a9f30ef32a2580fcf3bbf509032a9b2a1beafa3cb6bd6efb1b1a)"},"filename":"/home/runner/work/xet-core/xet-core/xet_client/src/cas_client/retry_wrapper.rs","line_number":162}
{"timestamp":"2026-07-28T03:55:20.997503Z","level":"INFO","fields":{"message":"Received CAS response","request_id":"01KYHRXDEW1CRBV7C51QR07HGA","status_code":416},"filename":"/home/runner/work/xet-core/xet-core/xet_client/src/common/http_client.rs","line_number":288}
{"timestamp":"2026-07-28T03:55:20.997559Z","level":"INFO","fields":{"message":"Reached end of reconstruction 416 (Range Not Satisfiable): \"cas::get_reconstruction_v2\" api call failed (request id 01KYHRXDEW1CRBV7C51QR07HGA): HTTP status client error (416 Range Not Satisfiable) for url (https://cas-server.xethub.hf.co/v2/reconstructions/50328f4d0be4a9f30ef32a2580fcf3bbf509032a9b2a1beafa3cb6bd6efb1b1a)"},"filename":"/home/runner/work/xet-core/xet-core/xet_client/src/cas_client/retry_wrapper.rs","line_number":162}
{"timestamp":"2026-07-28T03:55:21.130025Z","level":"INFO","fields":{"message":"Received CAS response","request_id":"01KYHRXDHJJQASARC4S96DW6GE","status_code":200},"filename":"/home/runner/work/xet-core/xet-core/xet_client/src/common/http_client.rs","line_number":288}
{"timestamp":"2026-07-28T03:55:21.130066Z","level":"INFO","fields":{"message":"Request Success: cas::get_reconstruction_v2 api call succeeded (request id 01KYHRXDHJJQASARC4S96DW6GE)."},"filename":"/home/runner/work/xet-core/xet-core/xet_client/src/cas_client/retry_wrapper.rs","line_number":210}
{"timestamp":"2026-07-28T03:55:21.130086Z","level":"INFO","fields":{"message":"Completed get_reconstruction API call","call_id":38,"file_id":"50328f4d0be4a9f30ef32a2580fcf3bbf509032a9b2a1beafa3cb6bd6efb1b1a","bytes_range":"Some(Range { start: 0, end: 256000000 })","api_version":"v2"},"filename":"/home/runner/work/xet-core/xet-core/xet_client/src/cas_client/remote_client.rs","line_number":234}
{"timestamp":"2026-07-28T03:55:21.130129Z","level":"INFO","fields":{"message":"Received block of file terms from prefetch queue","file_hash":"50328f4d0be4a9f30ef32a2580fcf3bbf509032a9b2a1beafa3cb6bd6efb1b1a","domain":"us.aws.cdn.hf.co","block_start":0,"block_end":91005696,"block_size":2},"filename":"/home/runner/work/xet-core/xet-core/xet_data/src/file_reconstruction/reconstruction_terms/manager.rs","line_number":151}
{"timestamp":"2026-07-28T03:55:21.130177Z","level":"INFO","fields":{"message":"Updated completion rate estimate based on previous block completion time (seconds).","file_hash":"50328f4d0be4a9f30ef32a2580fcf3bbf509032a9b2a1beafa3cb6bd6efb1b1a","block_start":0,"block_end":91005696,"block_size":91005696,"completion_time":0.000047721},"filename":"/home/runner/work/xet-core/xet-core/xet_data/src/file_reconstruction/reconstruction_terms/manager.rs","line_number":104}
{"timestamp":"2026-07-28T03:55:21.130186Z","level":"INFO","fields":{"message":"Completed prefetch queue; end of file reached.","file_hash":"50328f4d0be4a9f30ef32a2580fcf3bbf509032a9b2a1beafa3cb6bd6efb1b1a","prefetched_byte_position":1024000000},"filename":"/home/runner/work/xet-core/xet-core/xet_data/src/file_reconstruction/reconstruction_terms/manager.rs","line_number":178}
{"timestamp":"2026-07-28T03:55:21.130190Z","level":"INFO","fields":{"message":"All term blocks received and scheduled for writing","file_hash":"50328f4d0be4a9f30ef32a2580fcf3bbf509032a9b2a1beafa3cb6bd6efb1b1a","block_count":1,"total_terms_processed":2,"total_bytes_scheduled":91005696},"filename":"/home/runner/work/xet-core/xet-core/xet_data/src/file_reconstruction/run_state.rs","line_number":150}
{"timestamp":"2026-07-28T03:55:21.130208Z","level":"INFO","fields":{"message":"Retry strategy","max_attempts":5,"base_delay":"3s","no_retry_on_429":false},"filename":"/home/runner/work/xet-core/xet-core/xet_client/src/cas_client/retry_wrapper.rs","line_number":249}
{"timestamp":"2026-07-28T03:55:21.130236Z","level":"INFO","fields":{"message":"Retry strategy","max_attempts":5,"base_delay":"3s","no_retry_on_429":false},"filename":"/home/runner/work/xet-core/xet-core/xet_client/src/cas_client/retry_wrapper.rs","line_number":249}
{"timestamp":"2026-07-28T03:55:21.371024Z","level":"INFO","fields":{"message":"Received CAS response","request_id":"01KYHRXDS22R4ZA62CFS8DDVSR","status_code":206},"filename":"/home/runner/work/xet-core/xet-core/xet_client/src/common/http_client.rs","line_number":288}
{"timestamp":"2026-07-28T03:55:21.371060Z","level":"INFO","fields":{"message":"Request Success: s3::get_range api call succeeded (request id 01KYHRXDS22R4ZA62CFS8DDVSR)."},"filename":"/home/runner/work/xet-core/xet-core/xet_client/src/cas_client/retry_wrapper.rs","line_number":210}
{"timestamp":"2026-07-28T03:55:21.758897Z","level":"INFO","fields":{"message":"Received CAS response","request_id":"01KYHRXE6YVF12GJPSD9QWAC17","status_code":206},"filename":"/home/runner/work/xet-core/xet-core/xet_client/src/common/http_client.rs","line_number":288}
{"timestamp":"2026-07-28T03:55:21.758941Z","level":"INFO","fields":{"message":"Request Success: s3::get_range api call succeeded (request id 01KYHRXE6YVF12GJPSD9QWAC17)."},"filename":"/home/runner/work/xet-core/xet-core/xet_client/src/cas_client/retry_wrapper.rs","line_number":210}
{"timestamp":"2026-07-28T03:55:21.994759Z","level":"INFO","fields":{"message":"Concurrency control for download: Current concurrency = 4; predicted bandwidth = 1085120; success_ratio = 1.000; reference_size = 61.0MB; observed bytes sent so far = 81464987; completed transmissions = 2"},"filename":"/home/runner/work/xet-core/xet-core/xet_client/src/cas_client/adaptive_concurrency/controller.rs","line_number":597}
{"timestamp":"2026-07-28T03:55:23.053538Z","level":"INFO","fields":{"message":"Concurrency control for download: Current concurrency = 4; predicted bandwidth = 1249339; success_ratio = 1.000; reference_size = 61.0MB; observed bytes sent so far = 11736082; completed transmissions = 0"},"filename":"/home/runner/work/xet-core/xet-core/xet_client/src/cas_client/adaptive_concurrency/controller.rs","line_number":597}
{"timestamp":"2026-07-28T03:55:23.130958Z","level":"INFO","fields":{"message":"Concurrency control for download: Current concurrency = 4; predicted bandwidth = 1385772; success_ratio = 1.000; reference_size = 61.0MB; observed bytes sent so far = 11864587; completed transmissions = 2"},"filename":"/home/runner/work/xet-core/xet-core/xet_client/src/cas_client/adaptive_concurrency/controller.rs","line_number":597}
{"timestamp":"2026-07-28T03:55:23.314502Z","level":"INFO","fields":{"message":"Concurrency control for download: Current concurrency = 4; predicted bandwidth = 3097712; success_ratio = 1.000; reference_size = 1.7MB; observed bytes sent so far = 16986935; completed transmissions = 8"},"filename":"/home/runner/work/xet-core/xet-core/xet_client/src/cas_client/adaptive_concurrency/controller.rs","line_number":597}
{"timestamp":"2026-07-28T03:55:24.280524Z","level":"INFO","fields":{"message":"Concurrency control for download: Increased concurrency from 4 to 5; reason: success ratio 1.000 is above threshold 0.800 and predicted RTT for 1MB at new concurrency is 3.09s < target 60.0s"},"filename":"/home/runner/work/xet-core/xet-core/xet_client/src/cas_client/adaptive_concurrency/controller.rs","line_number":543}
{"timestamp":"2026-07-28T03:55:24.280574Z","level":"INFO","fields":{"message":"Retry strategy","max_attempts":5,"base_delay":"3s","no_retry_on_429":false},"filename":"/home/runner/work/xet-core/xet-core/xet_client/src/cas_client/retry_wrapper.rs","line_number":249}
{"timestamp":"2026-07-28T03:55:24.347637Z","level":"INFO","fields":{"message":"Received CAS response","request_id":"01KYHRXGR1GEVP63DKDFTJN7KC","status_code":206},"filename":"/home/runner/work/xet-core/xet-core/xet_client/src/common/http_client.rs","line_number":288}
{"timestamp":"2026-07-28T03:55:24.347668Z","level":"INFO","fields":{"message":"Request Success: s3::get_range api call succeeded (request id 01KYHRXGR1GEVP63DKDFTJN7KC)."},"filename":"/home/runner/work/xet-core/xet-core/xet_client/src/cas_client/retry_wrapper.rs","line_number":210}
{"timestamp":"2026-07-28T03:55:24.622697Z","level":"INFO","fields":{"message":"File reconstruction completed successfully","file_hash":"789fdf16a3e59f4fbfb6002967ecee539a198dadb5be74ca549aa7dc9b1b55fb","block_count":1,"total_terms_processed":4,"total_bytes_scheduled":90868376},"filename":"/home/runner/work/xet-core/xet-core/xet_data/src/file_reconstruction/run_state.rs","line_number":150}
{"timestamp":"2026-07-28T03:55:24.812469Z","level":"INFO","fields":{"message":"Concurrency control for download: Increased concurrency from 5 to 6; reason: success ratio 1.000 is above threshold 0.800 and predicted RTT for 1MB at new concurrency is 3.68s < target 60.0s"},"filename":"/home/runner/work/xet-core/xet-core/xet_client/src/cas_client/adaptive_concurrency/controller.rs","line_number":543}
{"timestamp":"2026-07-28T03:55:24.812523Z","level":"INFO","fields":{"message":"Retry strategy","max_attempts":5,"base_delay":"3s","no_retry_on_429":false},"filename":"/home/runner/work/xet-core/xet-core/xet_client/src/cas_client/retry_wrapper.rs","line_number":249}
{"timestamp":"2026-07-28T03:55:24.812545Z","level":"INFO","fields":{"message":"Retry strategy","max_attempts":5,"base_delay":"3s","no_retry_on_429":false},"filename":"/home/runner/work/xet-core/xet-core/xet_client/src/cas_client/retry_wrapper.rs","line_number":249}
{"timestamp":"2026-07-28T03:55:24.821446Z","level":"INFO","fields":{"message":"Concurrency control for download: Current concurrency = 4; predicted bandwidth = 1702706; success_ratio = 1.000; reference_size = 61.0MB; observed bytes sent so far = 19270653; completed transmissions = 1"},"filename":"/home/runner/work/xet-core/xet-core/xet_client/src/cas_client/adaptive_concurrency/controller.rs","line_number":597}
{"timestamp":"2026-07-28T03:55:24.892391Z","level":"INFO","fields":{"message":"Received CAS response","request_id":"01KYHRXH8G2A03GCXSKVGVSW49","status_code":206},"filename":"/home/runner/work/xet-core/xet-core/xet_client/src/common/http_client.rs","line_number":288}
{"timestamp":"2026-07-28T03:55:24.892429Z","level":"INFO","fields":{"message":"Request Success: s3::get_range api call succeeded (request id 01KYHRXH8G2A03GCXSKVGVSW49)."},"filename":"/home/runner/work/xet-core/xet-core/xet_client/src/cas_client/retry_wrapper.rs","line_number":210}
{"timestamp":"2026-07-28T03:55:25.226506Z","level":"INFO","fields":{"message":"Received CAS response","request_id":"01KYHRXH8DK851RE01N88BPKVN","status_code":206},"filename":"/home/runner/work/xet-core/xet-core/xet_client/src/common/http_client.rs","line_number":288}
{"timestamp":"2026-07-28T03:55:25.226541Z","level":"INFO","fields":{"message":"Request Success: s3::get_range api call succeeded (request id 01KYHRXH8DK851RE01N88BPKVN)."},"filename":"/home/runner/work/xet-core/xet-core/xet_client/src/cas_client/retry_wrapper.rs","line_number":210}
{"timestamp":"2026-07-28T03:55:25.481980Z","level":"INFO","fields":{"message":"Concurrency control for download: Increased concurrency from 6 to 7; reason: success ratio 1.000 is above threshold 0.800 and predicted RTT for 1MB at new concurrency is 4.07s < target 60.0s"},"filename":"/home/runner/work/xet-core/xet-core/xet_client/src/cas_client/adaptive_concurrency/controller.rs","line_number":543}
{"timestamp":"2026-07-28T03:55:25.482053Z","level":"INFO","fields":{"message":"Retry strategy","max_attempts":5,"base_delay":"3s","no_retry_on_429":false},"filename":"/home/runner/work/xet-core/xet-core/xet_client/src/cas_client/retry_wrapper.rs","line_number":249}
{"timestamp":"2026-07-28T03:55:25.675696Z","level":"INFO","fields":{"message":"File reconstruction completed successfully","file_hash":"17b2e95d67485210bf83575de4de17cad219aa0c3f5b1b2bc38aa12221d69b3d","block_count":1,"total_terms_processed":1,"total_bytes_scheduled":23046789},"filename":"/home/runner/work/xet-core/xet-core/xet_data/src/file_reconstruction/run_state.rs","line_number":150}
{"timestamp":"2026-07-28T03:55:25.677761Z","level":"INFO","fields":{"message":"Received CAS response","request_id":"01KYHRXJ1FJ42SEX28BR5A3RA8","status_code":206},"filename":"/home/runner/work/xet-core/xet-core/xet_client/src/common/http_client.rs","line_number":288}
{"timestamp":"2026-07-28T03:55:25.677800Z","level":"INFO","fields":{"message":"Request Success: s3::get_range api call succeeded (request id 01KYHRXJ1FJ42SEX28BR5A3RA8)."},"filename":"/home/runner/work/xet-core/xet-core/xet_client/src/cas_client/retry_wrapper.rs","line_number":210}
{"timestamp":"2026-07-28T03:55:26.015391Z","level":"INFO","fields":{"message":"Concurrency control for download: Increased concurrency from 7 to 8; reason: success ratio 1.000 is above threshold 0.800 and predicted RTT for 1MB at new concurrency is 4.45s < target 60.0s"},"filename":"/home/runner/work/xet-core/xet-core/xet_client/src/cas_client/adaptive_concurrency/controller.rs","line_number":543}
{"timestamp":"2026-07-28T03:55:26.015456Z","level":"INFO","fields":{"message":"Retry strategy","max_attempts":5,"base_delay":"3s","no_retry_on_429":false},"filename":"/home/runner/work/xet-core/xet-core/xet_client/src/cas_client/retry_wrapper.rs","line_number":249}
{"timestamp":"2026-07-28T03:55:26.178505Z","level":"INFO","fields":{"message":"Retry strategy","max_attempts":5,"base_delay":"3s","no_retry_on_429":false},"filename":"/home/runner/work/xet-core/xet-core/xet_client/src/cas_client/retry_wrapper.rs","line_number":249}
{"timestamp":"2026-07-28T03:55:26.201539Z","level":"INFO","fields":{"message":"Retry strategy","max_attempts":5,"base_delay":"3s","no_retry_on_429":false},"filename":"/home/runner/work/xet-core/xet-core/xet_client/src/cas_client/retry_wrapper.rs","line_number":249}
{"timestamp":"2026-07-28T03:55:26.232087Z","level":"INFO","fields":{"message":"Received CAS response","request_id":"01KYHRXJK1DMNXZA2VVF0ZS4W7","status_code":206},"filename":"/home/runner/work/xet-core/xet-core/xet_client/src/common/http_client.rs","line_number":288}
{"timestamp":"2026-07-28T03:55:26.232124Z","level":"INFO","fields":{"message":"Request Success: s3::get_range api call succeeded (request id 01KYHRXJK1DMNXZA2VVF0ZS4W7)."},"filename":"/home/runner/work/xet-core/xet-core/xet_client/src/cas_client/retry_wrapper.rs","line_number":210}
{"timestamp":"2026-07-28T03:55:26.245470Z","level":"INFO","fields":{"message":"Received CAS response","request_id":"01KYHRXJKDBZDF4RBY1PH8PJRS","status_code":206},"filename":"/home/runner/work/xet-core/xet-core/xet_client/src/common/http_client.rs","line_number":288}
{"timestamp":"2026-07-28T03:55:26.245503Z","level":"INFO","fields":{"message":"Request Success: s3::get_range api call succeeded (request id 01KYHRXJKDBZDF4RBY1PH8PJRS)."},"filename":"/home/runner/work/xet-core/xet-core/xet_client/src/cas_client/retry_wrapper.rs","line_number":210}
{"timestamp":"2026-07-28T03:55:26.307592Z","level":"INFO","fields":{"message":"Received CAS response","request_id":"01KYHRXJNA4DRAV4N836A7KRHR","status_code":206},"filename":"/home/runner/work/xet-core/xet-core/xet_client/src/common/http_client.rs","line_number":288}
{"timestamp":"2026-07-28T03:55:26.307631Z","level":"INFO","fields":{"message":"Request Success: s3::get_range api call succeeded (request id 01KYHRXJNA4DRAV4N836A7KRHR)."},"filename":"/home/runner/work/xet-core/xet-core/xet_client/src/cas_client/retry_wrapper.rs","line_number":210}
{"timestamp":"2026-07-28T03:55:26.523489Z","level":"INFO","fields":{"message":"Concurrency control for download: Increased concurrency from 8 to 9; reason: success ratio 1.000 is above threshold 0.800 and predicted RTT for 1MB at new concurrency is 3.97s < target 60.0s"},"filename":"/home/runner/work/xet-core/xet-core/xet_client/src/cas_client/adaptive_concurrency/controller.rs","line_number":543}
{"timestamp":"2026-07-28T03:55:26.523551Z","level":"INFO","fields":{"message":"Retry strategy","max_attempts":5,"base_delay":"3s","no_retry_on_429":false},"filename":"/home/runner/work/xet-core/xet-core/xet_client/src/cas_client/retry_wrapper.rs","line_number":249}
{"timestamp":"2026-07-28T03:55:26.606022Z","level":"INFO","fields":{"message":"Received CAS response","request_id":"01KYHRXJY24S3AACFCG8JY24K5","status_code":206},"filename":"/home/runner/work/xet-core/xet-core/xet_client/src/common/http_client.rs","line_number":288}
{"timestamp":"2026-07-28T03:55:26.606056Z","level":"INFO","fields":{"message":"Request Success: s3::get_range api call succeeded (request id 01KYHRXJY24S3AACFCG8JY24K5)."},"filename":"/home/runner/work/xet-core/xet-core/xet_client/src/cas_client/retry_wrapper.rs","line_number":210}
{"timestamp":"2026-07-28T03:55:26.948587Z","level":"INFO","fields":{"message":"Retry strategy","max_attempts":5,"base_delay":"3s","no_retry_on_429":false},"filename":"/home/runner/work/xet-core/xet-core/xet_client/src/cas_client/retry_wrapper.rs","line_number":249}
{"timestamp":"2026-07-28T03:55:27.022881Z","level":"INFO","fields":{"message":"Received CAS response","request_id":"01KYHRXKBDGGKQZ7185R9DRXBV","status_code":206},"filename":"/home/runner/work/xet-core/xet-core/xet_client/src/common/http_client.rs","line_number":288}
{"timestamp":"2026-07-28T03:55:27.022912Z","level":"INFO","fields":{"message":"Request Success: s3::get_range api call succeeded (request id 01KYHRXKBDGGKQZ7185R9DRXBV)."},"filename":"/home/runner/work/xet-core/xet-core/xet_client/src/cas_client/retry_wrapper.rs","line_number":210}
{"timestamp":"2026-07-28T03:55:27.086212Z","level":"INFO","fields":{"message":"Concurrency control for download: Increased concurrency from 9 to 10; reason: success ratio 1.000 is above threshold 0.800 and predicted RTT for 1MB at new concurrency is 3.25s < target 60.0s"},"filename":"/home/runner/work/xet-core/xet-core/xet_client/src/cas_client/adaptive_concurrency/controller.rs","line_number":543}
{"timestamp":"2026-07-28T03:55:27.086276Z","level":"INFO","fields":{"message":"Retry strategy","max_attempts":5,"base_delay":"3s","no_retry_on_429":false},"filename":"/home/runner/work/xet-core/xet-core/xet_client/src/cas_client/retry_wrapper.rs","line_number":249}
{"timestamp":"2026-07-28T03:55:27.217539Z","level":"INFO","fields":{"message":"Retry strategy","max_attempts":5,"base_delay":"3s","no_retry_on_429":false},"filename":"/home/runner/work/xet-core/xet-core/xet_client/src/cas_client/retry_wrapper.rs","line_number":249}
{"timestamp":"2026-07-28T03:55:27.218162Z","level":"INFO","fields":{"message":"Retry strategy","max_attempts":5,"base_delay":"3s","no_retry_on_429":false},"filename":"/home/runner/work/xet-core/xet-core/xet_client/src/cas_client/retry_wrapper.rs","line_number":249}
{"timestamp":"2026-07-28T03:55:27.223282Z","level":"INFO","fields":{"message":"Retry strategy","max_attempts":5,"base_delay":"3s","no_retry_on_429":false},"filename":"/home/runner/work/xet-core/xet-core/xet_client/src/cas_client/retry_wrapper.rs","line_number":249}
{"timestamp":"2026-07-28T03:55:27.278151Z","level":"INFO","fields":{"message":"Retry strategy","max_attempts":5,"base_delay":"3s","no_retry_on_429":false},"filename":"/home/runner/work/xet-core/xet-core/xet_client/src/cas_client/retry_wrapper.rs","line_number":249}
{"timestamp":"2026-07-28T03:55:27.293738Z","level":"INFO","fields":{"message":"Received CAS response","request_id":"01KYHRXKKVQJ44BTT1QXK8JTK2","status_code":206},"filename":"/home/runner/work/xet-core/xet-core/xet_client/src/common/http_client.rs","line_number":288}
{"timestamp":"2026-07-28T03:55:27.293771Z","level":"INFO","fields":{"message":"Request Success: s3::get_range api call succeeded (request id 01KYHRXKKVQJ44BTT1QXK8JTK2)."},"filename":"/home/runner/work/xet-core/xet-core/xet_client/src/cas_client/retry_wrapper.rs","line_number":210}
{"timestamp":"2026-07-28T03:55:27.295740Z","level":"INFO","fields":{"message":"Received CAS response","request_id":"01KYHRXKKW1WYG8SD4QEFB0SAK","status_code":206},"filename":"/home/runner/work/xet-core/xet-core/xet_client/src/common/http_client.rs","line_number":288}
{"timestamp":"2026-07-28T03:55:27.295766Z","level":"INFO","fields":{"message":"Request Success: s3::get_range api call succeeded (request id 01KYHRXKKW1WYG8SD4QEFB0SAK)."},"filename":"/home/runner/work/xet-core/xet-core/xet_client/src/cas_client/retry_wrapper.rs","line_number":210}
{"timestamp":"2026-07-28T03:55:27.296196Z","level":"INFO","fields":{"message":"Received CAS response","request_id":"01KYHRXKKSZ1P8QG5SS1H5J1WQ","status_code":206},"filename":"/home/runner/work/xet-core/xet-core/xet_client/src/common/http_client.rs","line_number":288}
{"timestamp":"2026-07-28T03:55:27.296201Z","level":"INFO","fields":{"message":"Request Success: s3::get_range api call succeeded (request id 01KYHRXKKSZ1P8QG5SS1H5J1WQ)."},"filename":"/home/runner/work/xet-core/xet-core/xet_client/src/cas_client/retry_wrapper.rs","line_number":210}
{"timestamp":"2026-07-28T03:55:27.298103Z","level":"INFO","fields":{"message":"Received CAS response","request_id":"01KYHRXKKW7A1ZYC0NJ4K95XAX","status_code":206},"filename":"/home/runner/work/xet-core/xet-core/xet_client/src/common/http_client.rs","line_number":288}
{"timestamp":"2026-07-28T03:55:27.298129Z","level":"INFO","fields":{"message":"Request Success: s3::get_range api call succeeded (request id 01KYHRXKKW7A1ZYC0NJ4K95XAX)."},"filename":"/home/runner/work/xet-core/xet-core/xet_client/src/cas_client/retry_wrapper.rs","line_number":210}
{"timestamp":"2026-07-28T03:55:27.349894Z","level":"INFO","fields":{"message":"Received CAS response","request_id":"01KYHRXKNK8QJH7TQT435AC7SF","status_code":206},"filename":"/home/runner/work/xet-core/xet-core/xet_client/src/common/http_client.rs","line_number":288}
{"timestamp":"2026-07-28T03:55:27.349930Z","level":"INFO","fields":{"message":"Request Success: s3::get_range api call succeeded (request id 01KYHRXKNK8QJH7TQT435AC7SF)."},"filename":"/home/runner/work/xet-core/xet-core/xet_client/src/cas_client/retry_wrapper.rs","line_number":210}
{"timestamp":"2026-07-28T03:55:27.611080Z","level":"INFO","fields":{"message":"Concurrency control for download: Increased concurrency from 10 to 11; reason: success ratio 1.000 is above threshold 0.800 and predicted RTT for 2MB at new concurrency is 4.18s < target 60.0s"},"filename":"/home/runner/work/xet-core/xet-core/xet_client/src/cas_client/adaptive_concurrency/controller.rs","line_number":543}
{"timestamp":"2026-07-28T03:55:27.611150Z","level":"INFO","fields":{"message":"Retry strategy","max_attempts":5,"base_delay":"3s","no_retry_on_429":false},"filename":"/home/runner/work/xet-core/xet-core/xet_client/src/cas_client/retry_wrapper.rs","line_number":249}
{"timestamp":"2026-07-28T03:55:27.681761Z","level":"INFO","fields":{"message":"Received CAS response","request_id":"01KYHRXKZZ76GCTMYKE87NT3DE","status_code":206},"filename":"/home/runner/work/xet-core/xet-core/xet_client/src/common/http_client.rs","line_number":288}
{"timestamp":"2026-07-28T03:55:27.681797Z","level":"INFO","fields":{"message":"Request Success: s3::get_range api call succeeded (request id 01KYHRXKZZ76GCTMYKE87NT3DE)."},"filename":"/home/runner/work/xet-core/xet-core/xet_client/src/cas_client/retry_wrapper.rs","line_number":210}
{"timestamp":"2026-07-28T03:55:28.114685Z","level":"INFO","fields":{"message":"Concurrency control for download: Increased concurrency from 11 to 12; reason: success ratio 1.000 is above threshold 0.800 and predicted RTT for 2MB at new concurrency is 4.54s < target 60.0s"},"filename":"/home/runner/work/xet-core/xet-core/xet_client/src/cas_client/adaptive_concurrency/controller.rs","line_number":543}
{"timestamp":"2026-07-28T03:55:28.641413Z","level":"INFO","fields":{"message":"Concurrency control for download: Increased concurrency from 12 to 13; reason: success ratio 1.000 is above threshold 0.800 and predicted RTT for 2MB at new concurrency is 4.22s < target 60.0s"},"filename":"/home/runner/work/xet-core/xet-core/xet_client/src/cas_client/adaptive_concurrency/controller.rs","line_number":543}
{"timestamp":"2026-07-28T03:55:29.184488Z","level":"INFO","fields":{"message":"Concurrency control for download: Increased concurrency from 13 to 14; reason: success ratio 1.000 is above threshold 0.800 and predicted RTT for 2MB at new concurrency is 4.69s < target 60.0s"},"filename":"/home/runner/work/xet-core/xet-core/xet_client/src/cas_client/adaptive_concurrency/controller.rs","line_number":543}
{"timestamp":"2026-07-28T03:55:29.689323Z","level":"INFO","fields":{"message":"Concurrency control for download: Increased concurrency from 14 to 15; reason: success ratio 1.000 is above threshold 0.800 and predicted RTT for 2MB at new concurrency is 5.41s < target 60.0s"},"filename":"/home/runner/work/xet-core/xet-core/xet_client/src/cas_client/adaptive_concurrency/controller.rs","line_number":543}
{"timestamp":"2026-07-28T03:55:29.824590Z","level":"INFO","fields":{"message":"Concurrency control for download: Current concurrency = 4; predicted bandwidth = 826558; success_ratio = 1.000; reference_size = 61.0MB; observed bytes sent so far = 7633974; completed transmissions = 0"},"filename":"/home/runner/work/xet-core/xet-core/xet_client/src/cas_client/adaptive_concurrency/controller.rs","line_number":597}
{"timestamp":"2026-07-28T03:55:30.214215Z","level":"INFO","fields":{"message":"Concurrency control for download: Increased concurrency from 15 to 16; reason: success ratio 1.000 is above threshold 0.800 and predicted RTT for 2MB at new concurrency is 5.94s < target 60.0s"},"filename":"/home/runner/work/xet-core/xet-core/xet_client/src/cas_client/adaptive_concurrency/controller.rs","line_number":543}
{"timestamp":"2026-07-28T03:55:30.729765Z","level":"INFO","fields":{"message":"Concurrency control for download: Increased concurrency from 16 to 17; reason: success ratio 1.000 is above threshold 0.800 and predicted RTT for 2MB at new concurrency is 6.50s < target 60.0s"},"filename":"/home/runner/work/xet-core/xet-core/xet_client/src/cas_client/adaptive_concurrency/controller.rs","line_number":543}
{"timestamp":"2026-07-28T03:55:31.276935Z","level":"INFO","fields":{"message":"Concurrency control for download: Increased concurrency from 17 to 18; reason: success ratio 1.000 is above threshold 0.800 and predicted RTT for 2MB at new concurrency is 7.04s < target 60.0s"},"filename":"/home/runner/work/xet-core/xet-core/xet_client/src/cas_client/adaptive_concurrency/controller.rs","line_number":543}
{"timestamp":"2026-07-28T03:55:31.787789Z","level":"INFO","fields":{"message":"Concurrency control for download: Increased concurrency from 18 to 19; reason: success ratio 1.000 is above threshold 0.800 and predicted RTT for 2MB at new concurrency is 7.93s < target 60.0s"},"filename":"/home/runner/work/xet-core/xet-core/xet_client/src/cas_client/adaptive_concurrency/controller.rs","line_number":543}
{"timestamp":"2026-07-28T03:55:32.336553Z","level":"INFO","fields":{"message":"Concurrency control for download: Increased concurrency from 19 to 20; reason: success ratio 1.000 is above threshold 0.800 and predicted RTT for 2MB at new concurrency is 8.69s < target 60.0s"},"filename":"/home/runner/work/xet-core/xet-core/xet_client/src/cas_client/adaptive_concurrency/controller.rs","line_number":543}
{"timestamp":"2026-07-28T03:55:32.839389Z","level":"INFO","fields":{"message":"Concurrency control for download: Increased concurrency from 20 to 21; reason: success ratio 1.000 is above threshold 0.800 and predicted RTT for 2MB at new concurrency is 9.63s < target 60.0s"},"filename":"/home/runner/work/xet-core/xet-core/xet_client/src/cas_client/adaptive_concurrency/controller.rs","line_number":543}
{"timestamp":"2026-07-28T03:55:33.130465Z","level":"INFO","fields":{"message":"File reconstruction completed successfully","file_hash":"938fa026d38b01b5048a0ee1597e3a5f76838e08814688064b98d4fd08080d69","block_count":1,"total_terms_processed":1,"total_bytes_scheduled":22933664},"filename":"/home/runner/work/xet-core/xet-core/xet_data/src/file_reconstruction/run_state.rs","line_number":150}
{"timestamp":"2026-07-28T03:55:33.201481Z","level":"INFO","fields":{"message":"Concurrency control for download: Current concurrency = 4; predicted bandwidth = 1606994; success_ratio = 1.000; reference_size = 61.0MB; observed bytes sent so far = 28150283; completed transmissions = 2"},"filename":"/home/runner/work/xet-core/xet-core/xet_client/src/cas_client/adaptive_concurrency/controller.rs","line_number":597}
{"timestamp":"2026-07-28T03:55:33.338336Z","level":"INFO","fields":{"message":"Concurrency control for download: Current concurrency = 21; predicted bandwidth = 3247666; success_ratio = 1.000; reference_size = 4.0MB; observed bytes sent so far = 62583469; completed transmissions = 23"},"filename":"/home/runner/work/xet-core/xet-core/xet_client/src/cas_client/adaptive_concurrency/controller.rs","line_number":597}
{"timestamp":"2026-07-28T03:55:33.344986Z","level":"INFO","fields":{"message":"Concurrency control for download: Increased concurrency from 21 to 22; reason: success ratio 1.000 is above threshold 0.800 and predicted RTT for 3MB at new concurrency is 13.01s < target 60.0s"},"filename":"/home/runner/work/xet-core/xet-core/xet_client/src/cas_client/adaptive_concurrency/controller.rs","line_number":543}
{"timestamp":"2026-07-28T03:55:33.848400Z","level":"INFO","fields":{"message":"Concurrency control for download: Increased concurrency from 22 to 23; reason: success ratio 1.000 is above threshold 0.800 and predicted RTT for 3MB at new concurrency is 13.72s < target 60.0s"},"filename":"/home/runner/work/xet-core/xet-core/xet_client/src/cas_client/adaptive_concurrency/controller.rs","line_number":543}
{"timestamp":"2026-07-28T03:55:34.447211Z","level":"INFO","fields":{"message":"Concurrency control for download: Increased concurrency from 23 to 24; reason: success ratio 1.000 is above threshold 0.800 and predicted RTT for 3MB at new concurrency is 14.52s < target 60.0s"},"filename":"/home/runner/work/xet-core/xet-core/xet_client/src/cas_client/adaptive_concurrency/controller.rs","line_number":543}
{"timestamp":"2026-07-28T03:55:34.949312Z","level":"INFO","fields":{"message":"Concurrency control for download: Current concurrency = 4; predicted bandwidth = 1614284; success_ratio = 1.000; reference_size = 61.0MB; observed bytes sent so far = 44239869; completed transmissions = 1"},"filename":"/home/runner/work/xet-core/xet-core/xet_client/src/cas_client/adaptive_concurrency/controller.rs","line_number":597}
{"timestamp":"2026-07-28T03:55:34.958189Z","level":"INFO","fields":{"message":"Concurrency control for download: Increased concurrency from 24 to 25; reason: success ratio 1.000 is above threshold 0.800 and predicted RTT for 3MB at new concurrency is 15.41s < target 60.0s"},"filename":"/home/runner/work/xet-core/xet-core/xet_client/src/cas_client/adaptive_concurrency/controller.rs","line_number":543}
{"timestamp":"2026-07-28T03:55:35.574099Z","level":"INFO","fields":{"message":"Concurrency control for download: Increased concurrency from 25 to 26; reason: success ratio 1.000 is above threshold 0.800 and predicted RTT for 5MB at new concurrency is 29.70s < target 60.0s"},"filename":"/home/runner/work/xet-core/xet-core/xet_client/src/cas_client/adaptive_concurrency/controller.rs","line_number":543}
{"timestamp":"2026-07-28T03:55:36.157631Z","level":"INFO","fields":{"message":"Concurrency control for download: Increased concurrency from 26 to 27; reason: success ratio 1.000 is above threshold 0.800 and predicted RTT for 5MB at new concurrency is 30.96s < target 60.0s"},"filename":"/home/runner/work/xet-core/xet-core/xet_client/src/cas_client/adaptive_concurrency/controller.rs","line_number":543}
{"timestamp":"2026-07-28T03:55:36.785256Z","level":"INFO","fields":{"message":"Concurrency control for download: Increased concurrency from 27 to 28; reason: success ratio 1.000 is above threshold 0.800 and predicted RTT for 5MB at new concurrency is 32.53s < target 60.0s"},"filename":"/home/runner/work/xet-core/xet-core/xet_client/src/cas_client/adaptive_concurrency/controller.rs","line_number":543}
{"timestamp":"2026-07-28T03:55:37.305560Z","level":"INFO","fields":{"message":"Concurrency control for download: Increased concurrency from 28 to 29; reason: success ratio 1.000 is above threshold 0.800 and predicted RTT for 5MB at new concurrency is 34.12s < target 60.0s"},"filename":"/home/runner/work/xet-core/xet-core/xet_client/src/cas_client/adaptive_concurrency/controller.rs","line_number":543}
{"timestamp":"2026-07-28T03:55:37.827542Z","level":"INFO","fields":{"message":"Concurrency control for download: Increased concurrency from 29 to 30; reason: success ratio 1.000 is above threshold 0.800 and predicted RTT for 5MB at new concurrency is 35.81s < target 60.0s"},"filename":"/home/runner/work/xet-core/xet-core/xet_client/src/cas_client/adaptive_concurrency/controller.rs","line_number":543}
{"timestamp":"2026-07-28T03:55:39.896879Z","level":"INFO","fields":{"message":"Concurrency control for download: Current concurrency = 4; predicted bandwidth = 930880; success_ratio = 1.000; reference_size = 61.0MB; observed bytes sent so far = 27884598; completed transmissions = 0"},"filename":"/home/runner/work/xet-core/xet-core/xet_client/src/cas_client/adaptive_concurrency/controller.rs","line_number":597}
{"timestamp":"2026-07-28T03:55:40.712186Z","level":"INFO","fields":{"message":"File reconstruction completed successfully","file_hash":"a7e4db70dd8ee1937cd9cce4014cc71260971a0ac88d43590de99de465389ee2","block_count":1,"total_terms_processed":47,"total_bytes_scheduled":90265744},"filename":"/home/runner/work/xet-core/xet-core/xet_data/src/file_reconstruction/run_state.rs","line_number":150}
{"timestamp":"2026-07-28T03:55:43.300233Z","level":"INFO","fields":{"message":"Concurrency control for download: Current concurrency = 4; predicted bandwidth = 634501; success_ratio = 1.000; reference_size = 32.2MB; observed bytes sent so far = 62525468; completed transmissions = 3"},"filename":"/home/runner/work/xet-core/xet-core/xet_client/src/cas_client/adaptive_concurrency/controller.rs","line_number":597}
{"timestamp":"2026-07-28T03:55:45.123261Z","level":"INFO","fields":{"message":"Concurrency control for download: Current concurrency = 4; predicted bandwidth = 1538034; success_ratio = 1.000; reference_size = 61.0MB; observed bytes sent so far = 68600000; completed transmissions = 2"},"filename":"/home/runner/work/xet-core/xet-core/xet_client/src/cas_client/adaptive_concurrency/controller.rs","line_number":597}
{"timestamp":"2026-07-28T03:55:46.184595Z","level":"INFO","fields":{"message":"Concurrency control for download: Increased concurrency from 4 to 5; reason: success ratio 1.000 is above threshold 0.800 and predicted RTT for 32MB at new concurrency is 58.93s < target 60.0s"},"filename":"/home/runner/work/xet-core/xet-core/xet_client/src/cas_client/adaptive_concurrency/controller.rs","line_number":543}
{"timestamp":"2026-07-28T03:55:48.251627Z","level":"INFO","fields":{"message":"Concurrency control for download: Increased concurrency from 5 to 6; reason: success ratio 1.000 is above threshold 0.800 and predicted RTT for 32MB at new concurrency is 59.58s < target 60.0s"},"filename":"/home/runner/work/xet-core/xet-core/xet_client/src/cas_client/adaptive_concurrency/controller.rs","line_number":543}
{"timestamp":"2026-07-28T03:55:49.931885Z","level":"INFO","fields":{"message":"Concurrency control for download: Current concurrency = 4; predicted bandwidth = 720768; success_ratio = 1.000; reference_size = 61.0MB; observed bytes sent so far = 81066618; completed transmissions = 1"},"filename":"/home/runner/work/xet-core/xet-core/xet_client/src/cas_client/adaptive_concurrency/controller.rs","line_number":597}
{"timestamp":"2026-07-28T03:55:50.339684Z","level":"INFO","fields":{"message":"Concurrency control for download: Increased concurrency from 6 to 7; reason: success ratio 1.000 is above threshold 0.800 and predicted RTT for 32MB at new concurrency is 59.45s < target 60.0s"},"filename":"/home/runner/work/xet-core/xet-core/xet_client/src/cas_client/adaptive_concurrency/controller.rs","line_number":543}
{"timestamp":"2026-07-28T03:55:51.102006Z","level":"INFO","fields":{"message":"File reconstruction completed successfully","file_hash":"340c711f718dcb27266d7d6584492af3d2384e6f5ce3cbdc8d11761cefb033d5","block_count":1,"total_terms_processed":6,"total_bytes_scheduled":90888945},"filename":"/home/runner/work/xet-core/xet-core/xet_data/src/file_reconstruction/run_state.rs","line_number":150}
{"timestamp":"2026-07-28T03:55:51.110576Z","level":"INFO","fields":{"message":"File reconstruction completed successfully","file_hash":"50328f4d0be4a9f30ef32a2580fcf3bbf509032a9b2a1beafa3cb6bd6efb1b1a","block_count":1,"total_terms_processed":2,"total_bytes_scheduled":91005696},"filename":"/home/runner/work/xet-core/xet-core/xet_data/src/file_reconstruction/run_state.rs","line_number":150}
{"timestamp":"2026-07-28T03:55:51.564893Z","level":"INFO","fields":{"message":"File reconstruction completed successfully","file_hash":"aaa2be7dcf4d404276b27028488280e13965c96819346a4e5ad67095d7990aa5","block_count":1,"total_terms_processed":4,"total_bytes_scheduled":90887379},"filename":"/home/runner/work/xet-core/xet-core/xet_data/src/file_reconstruction/run_state.rs","line_number":150}
